timestamp,power_w,n_users_contributing
2000-04-30 00:00:00,1.3385459999999998,2
2000-04-30 00:10:00,1.076086,2
2000-04-30 00:20:00,1.076086,2
2000-04-30 00:30:00,1.076086,2
2000-04-30 00:40:00,1.076086,2
2000-04-30 00:50:00,1.076086,2
2000-04-30 01:00:00,1.076086,2
2000-04-30 01:10:00,1.0826475,2
2000-04-30 01:20:00,1.0826475,2
2000-04-30 01:30:00,1.0826475,2
2000-04-30 01:40:00,1.0826475,2
2000-04-30 01:50:00,1.0781100000000001,2
2000-04-30 02:00:00,1.0781100000000001,2
2000-04-30 02:10:00,1.0781100000000001,2
2000-04-30 02:20:00,1.0781100000000001,2
2000-04-30 02:30:00,1.0781100000000001,2
2000-04-30 02:40:00,1.0781100000000001,2
2000-04-30 02:50:00,1.0781100000000001,2
2000-04-30 03:00:00,1.0781100000000001,2
2000-04-30 03:10:00,1.0735725,2
2000-04-30 03:20:00,1.0735725,2
2000-04-30 03:30:00,1.0735725,2
2000-04-30 03:40:00,1.0735725,2
2000-04-30 03:50:00,1.0735725,2
2000-04-30 04:00:00,1.080079,2
2000-04-30 04:10:00,1.080079,2
2000-04-30 04:20:00,1.080079,2
2000-04-30 04:30:00,1.080079,2
2000-04-30 04:40:00,1.080079,2
2000-04-30 04:50:00,1.080079,2
2000-04-30 05:00:00,1.080079,2
2000-04-30 05:10:00,1.080079,2
2000-04-30 05:20:00,1.080079,2
2000-04-30 05:30:00,1.080079,2
2000-04-30 05:40:00,1.080079,2
2000-04-30 05:50:00,1.080079,2
2000-04-30 06:00:00,1.6566435,2
2000-04-30 06:10:00,2.8171220000000003,2
2000-04-30 06:20:00,2.8617435,2
2000-04-30 06:30:00,2.831213,2
2000-04-30 06:40:00,2.8030310000000003,2
2000-04-30 06:50:00,2.297053,2
2000-04-30 07:00:00,1.489254,2
2000-04-30 07:10:00,0.91561,2
2000-04-30 07:20:00,0.557723,2
2000-04-30 07:30:00,0.40504,2
2000-04-30 07:40:00,0.33141299999999996,2
2000-04-30 07:50:00,1.7941014999999998,2
2000-04-30 08:00:00,1.5107565,2
2000-04-30 08:10:00,1.5059375,2
2000-04-30 08:20:00,1.4866614999999999,2
2000-04-30 08:30:00,1.3565485,2
2000-04-30 08:40:00,0.747799,2
2000-04-30 08:50:00,0.0,2
2000-04-30 09:00:00,0.0,2
2000-04-30 09:10:00,0.0,2
2000-04-30 09:20:00,0.0,2
2000-04-30 09:30:00,0.0,2
2000-04-30 09:40:00,0.0,2
2000-04-30 09:50:00,0.0,2
2000-04-30 10:00:00,0.0238815,2
2000-04-30 10:10:00,1.3441349999999999,2
2000-04-30 10:20:00,1.248975,2
2000-04-30 10:30:00,1.201395,2
2000-04-30 10:40:00,1.1466779999999999,2
2000-04-30 10:50:00,1.103856,2
2000-04-30 11:00:00,1.068171,2
2000-04-30 11:10:00,1.015833,2
2000-04-30 11:20:00,0.86742,2
2000-04-30 11:30:00,0.6818884999999999,2
2000-04-30 11:40:00,0.52948,2
2000-04-30 11:50:00,0.40016,2
2000-04-30 12:00:00,0.29768,2
2000-04-30 12:10:00,0.18544,2
2000-04-30 12:20:00,0.103761,2
2000-04-30 12:30:00,0.064233,2
2000-04-30 12:40:00,0.039528,2
2000-04-30 12:50:00,0.0370575,2
2000-04-30 13:00:00,0.029646,2
2000-04-30 13:10:00,0.004941,2
2000-04-30 13:20:00,0.0024705,2
2000-04-30 13:30:00,0.0024705,2
2000-04-30 13:40:00,0.0024705,2
2000-04-30 13:50:00,0.0024705,2
2000-04-30 14:00:00,0.0024705,2
2000-04-30 14:10:00,0.0024705,2
2000-04-30 14:20:00,0.0024705,2
2000-04-30 14:30:00,0.0024705,2
2000-04-30 14:40:00,0.0024705,2
2000-04-30 14:50:00,0.0024705,2
2000-04-30 15:00:00,0.0024705,2
2000-04-30 15:10:00,0.0024705,2
2000-04-30 15:20:00,0.0024705,2
2000-04-30 15:30:00,0.0024705,2
2000-04-30 15:40:00,0.0024705,2
2000-04-30 15:50:00,0.0024705,2
2000-04-30 16:00:00,0.0024705,2
2000-04-30 16:10:00,0.0024705,2
2000-04-30 16:20:00,0.0024705,2
2000-04-30 16:30:00,0.0024705,2
2000-04-30 16:40:00,0.0024705,2
2000-04-30 16:50:00,0.0024705,2
2000-04-30 17:00:00,0.0024705,2
2000-04-30 17:10:00,0.0024705,2
2000-04-30 17:20:00,0.0024705,2
2000-04-30 17:30:00,0.49471050000000005,2
2000-04-30 17:40:00,1.559997,2
2000-04-30 17:50:00,2.468861,2
2000-04-30 18:00:00,2.6425134999999997,2
2000-04-30 18:10:00,3.6825574999999997,2
2000-04-30 18:20:00,4.616353500000001,2
2000-04-30 18:30:00,4.956963,2
2000-04-30 18:40:00,5.4401435000000005,2
2000-04-30 18:50:00,5.4234655,2
2000-04-30 19:00:00,5.0092605,2
2000-04-30 19:10:00,4.6093135,2
2000-04-30 19:20:00,4.6093135,2
2000-04-30 19:30:00,4.6223265,2
2000-04-30 19:40:00,4.6223265,2
2000-04-30 19:50:00,4.6223265,2
2000-04-30 20:00:00,4.6223265,2
2000-04-30 20:10:00,4.309101500000001,2
2000-04-30 20:20:00,3.5636975,2
2000-04-30 20:30:00,3.5636975,2
2000-04-30 20:40:00,3.5636975,2
2000-04-30 20:50:00,3.5636975,2
2000-04-30 21:00:00,3.5636975,2
2000-04-30 21:10:00,3.5636975,2
2000-04-30 21:20:00,2.5113494999999997,2
2000-04-30 21:30:00,2.5621495,2
2000-04-30 21:40:00,3.109665,2
2000-04-30 21:50:00,3.085875,2
2000-04-30 22:00:00,3.0549480000000004,2
2000-04-30 22:10:00,3.0164875,2
2000-04-30 22:20:00,1.5493834999999998,2
2000-04-30 22:30:00,1.4380905,2
2000-04-30 22:40:00,1.259034,2
2000-04-30 22:50:00,1.2196889999999998,2
2000-04-30 23:00:00,1.079694,2
2000-04-30 23:10:00,1.320522,2
2000-04-30 23:20:00,1.1237665,2
2000-04-30 23:30:00,1.079694,2
2000-04-30 23:40:00,1.079694,2
2000-04-30 23:50:00,1.079694,2
2000-05-01 00:00:00,1.079694,2
2000-05-01 00:10:00,1.079694,2
2000-05-01 00:20:00,1.076086,2
2000-05-01 00:30:00,1.332286,2
2000-05-01 00:40:00,1.076086,2
2000-05-01 00:50:00,1.076086,2
2000-05-01 01:00:00,1.0826475,2
2000-05-01 01:10:00,1.0826475,2
2000-05-01 01:20:00,1.0826475,2
2000-05-01 01:30:00,1.0826475,2
2000-05-01 01:40:00,1.0826475,2
2000-05-01 01:50:00,1.0781100000000001,2
2000-05-01 02:00:00,1.0781100000000001,2
2000-05-01 02:10:00,1.0781100000000001,2
2000-05-01 02:20:00,1.0781100000000001,2
2000-05-01 02:30:00,1.0781100000000001,2
2000-05-01 02:40:00,1.0781100000000001,2
2000-05-01 02:50:00,1.0781100000000001,2
2000-05-01 03:00:00,1.0781100000000001,2
2000-05-01 03:10:00,1.0735725,2
2000-05-01 03:20:00,1.0735725,2
2000-05-01 03:30:00,1.080079,2
2000-05-01 03:40:00,1.30317,2
2000-05-01 03:50:00,2.147145,2
2000-05-01 04:00:00,2.1426350000000003,2
2000-05-01 04:10:00,2.1426350000000003,2
2000-05-01 04:20:00,2.1426350000000003,2
2000-05-01 04:30:00,3.1752230000000004,2
2000-05-01 04:40:00,3.977376,2
2000-05-01 04:50:00,3.274632,2
2000-05-01 05:00:00,3.957796,2
2000-05-01 05:10:00,4.1478745,2
2000-05-01 05:20:00,4.625597,2
2000-05-01 05:30:00,4.8595855,2
2000-05-01 05:40:00,4.6690085,2
2000-05-01 05:50:00,4.015922,2
2000-05-01 06:00:00,3.6556885,2
2000-05-01 06:10:00,2.937035,2
2000-05-01 06:20:00,2.7566275000000005,2
2000-05-01 06:30:00,3.4042950000000003,2
2000-05-01 06:40:00,2.8370555,2
2000-05-01 06:50:00,2.344474,2
2000-05-01 07:00:00,2.075037,2
2000-05-01 07:10:00,1.8311285,2
2000-05-01 07:20:00,1.7511269999999999,2
2000-05-01 07:30:00,1.717394,2
2000-05-01 07:40:00,1.6788725,2
2000-05-01 07:50:00,1.277218,2
2000-05-01 08:00:00,0.7442,2
2000-05-01 08:10:00,0.8393599999999999,2
2000-05-01 08:20:00,0.9565715,2
2000-05-01 08:30:00,0.949343,2
2000-05-01 08:40:00,0.944524,2
2000-05-01 08:50:00,0.9421145000000001,2
2000-05-01 09:00:00,0.9372955000000001,2
2000-05-01 09:10:00,0.94672,2
2000-05-01 09:20:00,0.930067,2
2000-05-01 09:30:00,0.925248,2
2000-05-01 09:40:00,0.9180195,2
2000-05-01 09:50:00,0.910791,2
2000-05-01 10:00:00,0.91744,2
2000-05-01 10:10:00,0.9052399999999999,2
2000-05-01 10:20:00,0.8979199999999999,2
2000-05-01 10:30:00,0.88816,2
2000-05-01 10:40:00,0.8601915,2
2000-05-01 10:50:00,0.8481439999999999,2
2000-05-01 11:00:00,0.8466799999999999,2
2000-05-01 11:10:00,0.83448,2
2000-05-01 11:20:00,0.82472,2
2000-05-01 11:30:00,0.8071825,2
2000-05-01 11:40:00,0.81496,2
2000-05-01 11:50:00,0.81252,2
2000-05-01 12:00:00,0.80764,2
2000-05-01 12:10:00,0.81496,2
2000-05-01 12:20:00,0.8466799999999999,2
2000-05-01 12:30:00,0.8417999999999999,2
2000-05-01 12:40:00,1.05164,2
2000-05-01 12:50:00,1.12484,2
2000-05-01 13:00:00,1.08824,2
2000-05-01 13:10:00,1.0492,2
2000-05-01 13:20:00,1.0126,2
2000-05-01 13:30:00,0.9833200000000001,2
2000-05-01 13:40:00,0.8491199999999999,2
2000-05-01 13:50:00,0.68564,2
2000-05-01 14:00:00,0.58316,2
2000-05-01 14:10:00,0.46604,2
2000-05-01 14:20:00,0.4148,2
2000-05-01 14:30:00,0.36844,2
2000-05-01 14:40:00,0.27084,2
2000-05-01 14:50:00,0.0,2
2000-05-01 15:00:00,0.16592,2
2000-05-01 15:10:00,0.26352,2
2000-05-01 15:20:00,0.25376,2
2000-05-01 15:30:00,0.2562,2
2000-05-01 15:40:00,0.2074,2
2000-05-01 15:50:00,0.16348000000000001,2
2000-05-01 16:00:00,0.14395999999999998,2
2000-05-01 16:10:00,0.305,2
2000-05-01 16:20:00,0.13908,2
2000-05-01 16:30:00,0.20496,2
2000-05-01 16:40:00,0.22204,2
2000-05-01 16:50:00,0.23912,2
2000-05-01 17:00:00,0.2318,2
2000-05-01 17:10:00,0.18544,2
2000-05-01 17:20:00,0.20983999999999997,2
2000-05-01 17:30:00,0.17323999999999998,2
2000-05-01 17:40:00,0.18056,2
2000-05-01 17:50:00,0.12553799999999998,2
2000-05-01 18:00:00,0.510356,2
2000-05-01 18:10:00,2.4278925,2
2000-05-01 18:20:00,3.261335,2
2000-05-01 18:30:00,3.5641760000000002,2
2000-05-01 18:40:00,3.5641760000000002,2
2000-05-01 18:50:00,3.5506295,2
2000-05-01 19:00:00,4.1665635000000005,2
2000-05-01 19:10:00,4.6223265,2
2000-05-01 19:20:00,4.6223265,2
2000-05-01 19:30:00,3.5636975,2
2000-05-01 19:40:00,3.5636975,2
2000-05-01 19:50:00,3.6508054999999997,2
2000-05-01 20:00:00,4.555362,2
2000-05-01 20:10:00,4.584275999999999,2
2000-05-01 20:20:00,4.5722285,2
2000-05-01 20:30:00,4.5722285,2
2000-05-01 20:40:00,4.5722285,2
2000-05-01 20:50:00,4.4758485,2
2000-05-01 21:00:00,3.9203390000000002,2
2000-05-01 21:10:00,4.051632,2
2000-05-01 21:20:00,3.1348200000000004,2
2000-05-01 21:30:00,2.1193645,2
2000-05-01 21:40:00,2.1193645,2
2000-05-01 21:50:00,2.1193645,2
2000-05-01 22:00:00,2.110482,2
2000-05-01 22:10:00,1.18503,2
2000-05-01 22:20:00,1.079694,2
2000-05-01 22:30:00,1.079694,2
2000-05-01 22:40:00,1.079694,2
2000-05-01 22:50:00,1.079694,2
2000-05-01 23:00:00,1.079694,2
2000-05-01 23:10:00,1.079694,2
2000-05-01 23:20:00,1.079694,2
2000-05-01 23:30:00,1.079694,2
2000-05-01 23:40:00,1.079694,2
2000-05-01 23:50:00,1.079694,2
2000-05-02 00:00:00,1.079694,2
2000-05-02 00:10:00,1.079694,2
2000-05-02 00:20:00,1.079694,2
2000-05-02 00:30:00,1.079694,2
2000-05-02 00:40:00,1.076086,2
2000-05-02 00:50:00,1.076086,2
2000-05-02 01:00:00,1.076086,2
2000-05-02 01:10:00,1.076086,2
2000-05-02 01:20:00,1.076086,2
2000-05-02 01:30:00,1.0826475,2
2000-05-02 01:40:00,1.0826475,2
2000-05-02 01:50:00,1.0826475,2
2000-05-02 02:00:00,1.0826475,2
2000-05-02 02:10:00,1.0826475,2
2000-05-02 02:20:00,1.0826475,2
2000-05-02 02:30:00,1.0826475,2
2000-05-02 02:40:00,1.0781100000000001,2
2000-05-02 02:50:00,1.0781100000000001,2
2000-05-02 03:00:00,1.0781100000000001,2
2000-05-02 03:10:00,1.0781100000000001,2
2000-05-02 03:20:00,1.0781100000000001,2
2000-05-02 03:30:00,1.0781100000000001,2
2000-05-02 03:40:00,1.594057,2
2000-05-02 03:50:00,2.119014,2
2000-05-02 04:00:00,2.2315665000000005,2
2000-05-02 04:10:00,3.1808605000000005,2
2000-05-02 04:20:00,3.180943,2
2000-05-02 04:30:00,3.1833525000000003,2
2000-05-02 04:40:00,3.869672,2
2000-05-02 04:50:00,5.994737000000001,2
2000-05-02 05:00:00,6.418775,2
2000-05-02 05:10:00,5.839004,2
2000-05-02 05:20:00,6.3452395,2
2000-05-02 05:30:00,7.057458,2
2000-05-02 05:40:00,5.8255945,2
2000-05-02 05:50:00,4.199771,2
2000-05-02 06:00:00,2.8593029999999997,2
2000-05-02 06:10:00,0.6733355000000001,2
2000-05-02 06:20:00,1.7848600000000001,2
2000-05-02 06:30:00,1.7825115,2
2000-05-02 06:40:00,1.709708,2
2000-05-02 06:50:00,1.6603895,2
2000-05-02 07:00:00,0.686982,2
2000-05-02 07:10:00,1.0192185,2
2000-05-02 07:20:00,0.973438,2
2000-05-02 07:30:00,0.9662095,2
2000-05-02 07:40:00,0.9710285000000001,2
2000-05-02 07:50:00,0.9662095,2
2000-05-02 08:00:00,0.9541620000000001,2
2000-05-02 08:10:00,0.95404,2
2000-05-02 08:20:00,0.94672,2
2000-05-02 08:30:00,0.9276575,2
2000-05-02 08:40:00,0.9394,2
2000-05-02 08:50:00,0.925248,2
2000-05-02 09:00:00,0.93452,2
2000-05-02 09:10:00,0.93208,2
2000-05-02 09:20:00,0.9272,2
2000-05-02 09:30:00,0.92232,2
2000-05-02 09:40:00,0.91744,2
2000-05-02 09:50:00,0.9101199999999999,2
2000-05-02 10:00:00,0.9003599999999999,2
2000-05-02 10:10:00,0.8906,2
2000-05-02 10:20:00,0.88084,2
2000-05-02 10:30:00,0.86376,2
2000-05-02 10:40:00,0.8466799999999999,2
2000-05-02 10:50:00,0.83448,2
2000-05-02 11:00:00,0.82228,2
2000-05-02 11:10:00,0.81252,2
2000-05-02 11:20:00,0.8052,2
2000-05-02 11:30:00,0.80276,2
2000-05-02 11:40:00,0.79544,2
2000-05-02 11:50:00,0.79788,2
2000-05-02 12:00:00,0.8466799999999999,2
2000-05-02 12:10:00,1.1956,2
2000-05-02 12:20:00,1.3710054999999999,2
2000-05-02 12:30:00,1.3710054999999999,2
2000-05-02 12:40:00,1.3999195,2
2000-05-02 12:50:00,1.378234,2
2000-05-02 13:00:00,1.3420915000000002,2
2000-05-02 13:10:00,1.3372725,2
2000-05-02 13:20:00,1.3107680000000002,2
2000-05-02 13:30:00,1.286673,2
2000-05-02 13:40:00,1.2216165,2
2000-05-02 13:50:00,1.137284,2
2000-05-02 14:00:00,1.08824,2
2000-05-02 14:10:00,1.03944,2
2000-05-02 14:20:00,0.99308,2
2000-05-02 14:30:00,0.88328,2
2000-05-02 14:40:00,0.671,2
2000-05-02 14:50:00,0.45872,2
2000-05-02 15:00:00,0.40504,2
2000-05-02 15:10:00,0.6441600000000001,2
2000-05-02 15:20:00,0.427,2
2000-05-02 15:30:00,0.2562,2
2000-05-02 15:40:00,0.25864,2
2000-05-02 15:50:00,0.00244,2
2000-05-02 16:00:00,0.42455999999999994,2
2000-05-02 16:10:00,0.05368,2
2000-05-02 16:20:00,0.33916,2
2000-05-02 16:30:00,0.12932,2
2000-05-02 16:40:00,0.13419999999999999,2
2000-05-02 16:50:00,0.33184,2
2000-05-02 17:00:00,0.04636,2
2000-05-02 17:10:00,0.4026,2
2000-05-02 17:20:00,0.04148,2
2000-05-02 17:30:00,0.62464,2
2000-05-02 17:40:00,0.6588,2
2000-05-02 17:50:00,1.664644,2
2000-05-02 18:00:00,3.641991,2
2000-05-02 18:10:00,5.134506,2
2000-05-02 18:20:00,4.6228050000000005,2
2000-05-02 18:30:00,4.6228050000000005,2
2000-05-02 18:40:00,4.6228050000000005,2
2000-05-02 18:50:00,4.6223265,2
2000-05-02 19:00:00,4.6223265,2
2000-05-02 19:10:00,4.9363280000000005,2
2000-05-02 19:20:00,5.5285815000000005,2
2000-05-02 19:30:00,5.663814,2
2000-05-02 19:40:00,5.642403000000001,2
2000-05-02 19:50:00,5.5288415,2
2000-05-02 20:00:00,5.2964080000000004,2
2000-05-02 20:10:00,5.112509,2
2000-05-02 20:20:00,4.9794985,2
2000-05-02 20:30:00,4.7753245,2
2000-05-02 20:40:00,4.6287780000000005,2
2000-05-02 20:50:00,4.6180255,2
2000-05-02 21:00:00,4.6180255,2
2000-05-02 21:10:00,4.6180255,2
2000-05-02 21:20:00,4.637435,2
2000-05-02 21:30:00,4.6439965,2
2000-05-02 21:40:00,4.635114000000001,2
2000-05-02 21:50:00,3.8544990000000006,2
2000-05-02 22:00:00,3.5935185,2
2000-05-02 22:10:00,3.5999149999999998,2
2000-05-02 22:20:00,3.5999149999999998,2
2000-05-02 22:30:00,4.3257185,2
2000-05-02 22:40:00,4.8495919999999995,2
2000-05-02 22:50:00,4.777668500000001,2
2000-05-02 23:00:00,4.418585,2
2000-05-02 23:10:00,2.570062,2
2000-05-02 23:20:00,2.531518,2
2000-05-02 23:30:00,2.531518,2
2000-05-02 23:40:00,2.1441915,2
2000-05-02 23:50:00,1.076086,2
2000-05-03 00:00:00,1.0826475,2
2000-05-03 00:10:00,1.0826475,2
2000-05-03 00:20:00,1.0826475,2
2000-05-03 00:30:00,1.0826475,2
2000-05-03 00:40:00,1.0826475,2
2000-05-03 00:50:00,1.0826475,2
2000-05-03 01:00:00,1.0826475,2
2000-05-03 01:10:00,1.0826475,2
2000-05-03 01:20:00,1.0781100000000001,2
2000-05-03 01:30:00,1.0781100000000001,2
2000-05-03 01:40:00,1.2426575000000002,2
2000-05-03 01:50:00,1.4099500000000003,2
2000-05-03 02:00:00,1.4026300000000003,2
2000-05-03 02:10:00,1.37823,2
2000-05-03 02:20:00,1.36115,2
2000-05-03 02:30:00,1.35627,2
2000-05-03 02:40:00,1.3847639999999999,2
2000-05-03 02:50:00,1.385079,2
2000-05-03 03:00:00,1.375319,2
2000-05-03 03:10:00,1.370439,2
2000-05-03 03:20:00,1.365559,2
2000-05-03 03:30:00,1.367999,2
2000-05-03 03:40:00,1.370439,2
2000-05-03 03:50:00,1.372879,2
2000-05-03 04:00:00,1.370439,2
2000-05-03 04:10:00,1.372879,2
2000-05-03 04:20:00,1.375319,2
2000-05-03 04:30:00,1.375319,2
2000-05-03 04:40:00,1.377759,2
2000-05-03 04:50:00,1.380199,2
2000-05-03 05:00:00,1.377759,2
2000-05-03 05:10:00,1.377759,2
2000-05-03 05:20:00,1.6244485,2
2000-05-03 05:30:00,1.6367945000000002,2
2000-05-03 05:40:00,2.5403124999999998,2
2000-05-03 05:50:00,2.534015,2
2000-05-03 06:00:00,2.527646,2
2000-05-03 06:10:00,2.9103705,2
2000-05-03 06:20:00,3.3361815,2
2000-05-03 06:30:00,2.3868405,2
2000-05-03 06:40:00,1.878569,2
2000-05-03 06:50:00,2.363937,2
2000-05-03 07:00:00,2.3411455,2
2000-05-03 07:10:00,1.7751000000000001,2
2000-05-03 07:20:00,1.724714,2
2000-05-03 07:30:00,1.698423,2
2000-05-03 07:40:00,1.53537,2
2000-05-03 07:50:00,1.157597,2
2000-05-03 08:00:00,1.134295,2
2000-05-03 08:10:00,1.0980305000000001,2
2000-05-03 08:20:00,0.4227605,2
2000-05-03 08:30:00,0.0,2
2000-05-03 08:40:00,0.0,2
2000-05-03 08:50:00,0.0,2
2000-05-03 09:00:00,0.0,2
2000-05-03 09:10:00,0.0,2
2000-05-03 09:20:00,0.0,2
2000-05-03 09:30:00,0.0,2
2000-05-03 09:40:00,0.0,2
2000-05-03 09:50:00,0.0,2
2000-05-03 10:00:00,0.0,2
2000-05-03 10:10:00,0.0,2
2000-05-03 10:20:00,0.0,2
2000-05-03 10:30:00,0.0,2
2000-05-03 10:40:00,0.0,2
2000-05-03 10:50:00,0.0,2
2000-05-03 11:00:00,0.0,2
2000-05-03 11:10:00,0.0,2
2000-05-03 11:20:00,0.0,2
2000-05-03 11:30:00,0.0,2
2000-05-03 11:40:00,0.0,2
2000-05-03 11:50:00,0.0,2
2000-05-03 12:00:00,0.0,2
2000-05-03 12:10:00,0.0,2
2000-05-03 12:20:00,0.0,2
2000-05-03 12:30:00,0.0,2
2000-05-03 12:40:00,0.0,2
2000-05-03 12:50:00,0.0,2
2000-05-03 13:00:00,0.0,2
2000-05-03 13:10:00,0.0,2
2000-05-03 13:20:00,0.0,2
2000-05-03 13:30:00,0.0,2
2000-05-03 13:40:00,0.0,2
2000-05-03 13:50:00,0.0,2
2000-05-03 14:00:00,0.0,2
2000-05-03 14:10:00,0.0,2
2000-05-03 14:20:00,0.0,2
2000-05-03 14:30:00,0.0,2
2000-05-03 14:40:00,0.0,2
2000-05-03 14:50:00,0.0,2
2000-05-03 15:00:00,0.0,2
2000-05-03 15:10:00,0.022783499999999998,2
2000-05-03 15:20:00,0.03416,2
2000-05-03 15:30:00,0.44895999999999997,2
2000-05-03 15:40:00,0.68076,2
2000-05-03 15:50:00,1.2020659999999999,2
2000-05-03 16:00:00,1.82024,2
2000-05-03 16:10:00,1.7994999999999999,2
2000-05-03 16:20:00,1.8042885000000002,2
2000-05-03 16:30:00,1.4362145000000002,2
2000-05-03 16:40:00,1.216523,2
2000-05-03 16:50:00,1.127646,2
2000-05-03 17:00:00,1.127646,2
2000-05-03 17:10:00,1.127646,2
2000-05-03 17:20:00,1.1037949999999999,2
2000-05-03 17:30:00,1.7207575,2
2000-05-03 17:40:00,1.6990224999999999,2
2000-05-03 17:50:00,1.084204,2
2000-05-03 18:00:00,2.398154,2
2000-05-03 18:10:00,4.115743500000001,2
2000-05-03 18:20:00,5.6698125,2
2000-05-03 18:30:00,6.246439500000001,2
2000-05-03 18:40:00,5.307838500000001,2
2000-05-03 18:50:00,4.973483,2
2000-05-03 19:00:00,4.156445,2
2000-05-03 19:10:00,5.459786,2
2000-05-03 19:20:00,5.436301,2
2000-05-03 19:30:00,5.3159785,2
2000-05-03 19:40:00,5.299366000000001,2
2000-05-03 19:50:00,5.1960045,2
2000-05-03 20:00:00,4.826297,2
2000-05-03 20:10:00,3.6723244999999998,2
2000-05-03 20:20:00,3.5416624999999997,2
2000-05-03 20:30:00,3.537125,2
2000-05-03 20:40:00,3.537125,2
2000-05-03 20:50:00,3.537125,2
2000-05-03 21:00:00,3.537125,2
2000-05-03 21:10:00,2.6434425,2
2000-05-03 21:20:00,2.53715,2
2000-05-03 21:30:00,2.53715,2
2000-05-03 21:40:00,2.53715,2
2000-05-03 21:50:00,2.53099,2
2000-05-03 22:00:00,2.53099,2
2000-05-03 22:10:00,2.5273820000000002,2
2000-05-03 22:20:00,2.5273820000000002,2
2000-05-03 22:30:00,2.5273820000000002,2
2000-05-03 22:40:00,2.5339435000000003,2
2000-05-03 22:50:00,2.5339435000000003,2
2000-05-03 23:00:00,3.3074649999999997,2
2000-05-03 23:10:00,2.570964,2
2000-05-03 23:20:00,2.5686155,2
2000-05-03 23:30:00,2.5686155,2
2000-05-03 23:40:00,2.5686155,2
2000-05-03 23:50:00,2.5686155,2
2000-05-04 00:00:00,2.5624279999999997,2
2000-05-04 00:10:00,2.5624279999999997,2
2000-05-04 00:20:00,2.5624279999999997,2
2000-05-04 00:30:00,2.5792335,2
2000-05-04 00:40:00,2.5792335,2
2000-05-04 00:50:00,2.5768545,2
2000-05-04 01:00:00,2.5833060000000003,2
2000-05-04 01:10:00,2.585685,2
2000-05-04 01:20:00,2.571228,2
2000-05-04 01:30:00,2.57947,2
2000-05-04 01:40:00,2.396287,2
2000-05-04 01:50:00,2.3415700000000004,2
2000-05-04 02:00:00,2.3415700000000004,2
2000-05-04 02:10:00,2.3415700000000004,2
2000-05-04 02:20:00,2.3439490000000003,2
2000-05-04 02:30:00,2.3415700000000004,2
2000-05-04 02:40:00,2.3479940000000004,2
2000-05-04 02:50:00,2.348148,2
2000-05-04 03:00:00,2.350527,2
2000-05-04 03:10:00,2.350527,2
2000-05-04 03:20:00,2.350527,2
2000-05-04 03:30:00,2.350527,2
2000-05-04 03:40:00,2.350527,2
2000-05-04 03:50:00,1.9330735,2
2000-05-04 04:00:00,1.8897024999999998,2
2000-05-04 04:10:00,1.8897024999999998,2
2000-05-04 04:20:00,1.8897024999999998,2
2000-05-04 04:30:00,1.8897024999999998,2
2000-05-04 04:40:00,1.8897024999999998,2
2000-05-04 04:50:00,1.8848835,2
2000-05-04 05:00:00,1.876204,2
2000-05-04 05:10:00,2.951718,2
2000-05-04 05:20:00,2.9624655,2
2000-05-04 05:30:00,2.9624655,2
2000-05-04 05:40:00,2.960056,2
2000-05-04 05:50:00,3.0010174999999997,2
2000-05-04 06:00:00,3.0194340000000004,2
2000-05-04 06:10:00,3.0194340000000004,2
2000-05-04 06:20:00,2.8710495,2
2000-05-04 06:30:00,1.929213,2
2000-05-04 06:40:00,1.935483,2
2000-05-04 06:50:00,1.935483,2
2000-05-04 07:00:00,1.935483,2
2000-05-04 07:10:00,1.9353290000000003,2
2000-05-04 07:20:00,1.462612,2
2000-05-04 07:30:00,0.4521015,2
2000-05-04 07:40:00,0.5951465,2
2000-05-04 07:50:00,0.592737,2
2000-05-04 08:00:00,0.708088,2
2000-05-04 08:10:00,0.72956,2
2000-05-04 08:20:00,0.73444,2
2000-05-04 08:30:00,0.73444,2
2000-05-04 08:40:00,0.732,2
2000-05-04 08:50:00,0.732,2
2000-05-04 09:00:00,0.732,2
2000-05-04 09:10:00,0.732,2
2000-05-04 09:20:00,0.73688,2
2000-05-04 09:30:00,0.73932,2
2000-05-04 09:40:00,0.73932,2
2000-05-04 09:50:00,0.72956,2
2000-05-04 10:00:00,0.72956,2
2000-05-04 10:10:00,0.72468,2
2000-05-04 10:20:00,0.72712,2
2000-05-04 10:30:00,0.732,2
2000-05-04 10:40:00,0.766282,2
2000-05-04 10:50:00,2.096387,2
2000-05-04 11:00:00,2.516494,2
2000-05-04 11:10:00,2.485872,2
2000-05-04 11:20:00,2.380586,2
2000-05-04 11:30:00,1.40788,2
2000-05-04 11:40:00,0.99796,2
2000-05-04 11:50:00,0.701622,2
2000-05-04 12:00:00,0.39772,2
2000-05-04 12:10:00,0.35623999999999995,2
2000-05-04 12:20:00,0.32208000000000003,2
2000-05-04 12:30:00,0.28791999999999995,2
2000-05-04 12:40:00,0.0370575,2
2000-05-04 12:50:00,0.0,2
2000-05-04 13:00:00,0.0,2
2000-05-04 13:10:00,0.0,2
2000-05-04 13:20:00,0.14884,2
2000-05-04 13:30:00,0.0,2
2000-05-04 13:40:00,0.0,2
2000-05-04 13:50:00,0.15372,2
2000-05-04 14:00:00,0.0,2
2000-05-04 14:10:00,0.0,2
2000-05-04 14:20:00,0.11223999999999999,2
2000-05-04 14:30:00,0.0,2
2000-05-04 14:40:00,1.1892865,2
2000-05-04 14:50:00,1.493646,2
2000-05-04 15:00:00,1.6290965,2
2000-05-04 15:10:00,1.21329,2
2000-05-04 15:20:00,1.4196529999999998,2
2000-05-04 15:30:00,1.5265250000000001,2
2000-05-04 15:40:00,1.6325125,2
2000-05-04 15:50:00,1.534028,2
2000-05-04 16:00:00,1.531222,2
2000-05-04 16:10:00,1.599359,2
2000-05-04 16:20:00,1.525915,2
2000-05-04 16:30:00,0.17446,2
2000-05-04 16:40:00,0.056119999999999996,2
2000-05-04 16:50:00,0.02928,2
2000-05-04 17:00:00,0.021959999999999997,2
2000-05-04 17:10:00,0.05124,2
2000-05-04 17:20:00,0.03416,2
2000-05-04 17:30:00,0.8271599999999999,2
2000-05-04 17:40:00,2.5131265000000003,2
2000-05-04 17:50:00,3.574289,2
2000-05-04 18:00:00,5.175831499999999,2
2000-05-04 18:10:00,5.480672,2
2000-05-04 18:20:00,5.422844,2
2000-05-04 18:30:00,5.3788325,2
2000-05-04 18:40:00,5.185943,2
2000-05-04 18:50:00,4.639694499999999,2
2000-05-04 19:00:00,4.714389000000001,2
2000-05-04 19:10:00,4.2090175,2
2000-05-04 19:20:00,4.2114575,2
2000-05-04 19:30:00,4.2114575,2
2000-05-04 19:40:00,4.2179365,2
2000-05-04 19:50:00,4.03871,2
2000-05-04 20:00:00,4.0169619999999995,2
2000-05-04 20:10:00,4.189591999999999,2
2000-05-04 20:20:00,4.1826755,2
2000-05-04 20:30:00,4.1802965,2
2000-05-04 20:40:00,4.1826755,2
2000-05-04 20:50:00,4.1826755,2
2000-05-04 21:00:00,4.1826755,2
2000-05-04 21:10:00,4.1826755,2
2000-05-04 21:20:00,4.1826755,2
2000-05-04 21:30:00,4.1802965,2
2000-05-04 21:40:00,4.1802965,2
2000-05-04 21:50:00,4.1778565,2
2000-05-04 22:00:00,4.171669,2
2000-05-04 22:10:00,4.1780930000000005,2
2000-05-04 22:20:00,4.1780930000000005,2
2000-05-04 22:30:00,4.1711765000000005,2
2000-05-04 22:40:00,4.1687365000000005,2
2000-05-04 22:50:00,4.1687365000000005,2
2000-05-04 23:00:00,4.217238500000001,2
2000-05-04 23:10:00,4.290357,2
2000-05-04 23:20:00,4.2727295000000005,2
2000-05-04 23:30:00,4.235206,2
2000-05-04 23:40:00,4.1482895,2
2000-05-04 23:50:00,4.034533,2
2000-05-05 00:00:00,3.9588929999999998,2
2000-05-05 00:10:00,3.902712,2
2000-05-05 00:20:00,3.8630635,2
2000-05-05 00:30:00,3.3109745000000004,2
2000-05-05 00:40:00,3.2540075,2
2000-05-05 00:50:00,3.2540075,2
2000-05-05 01:00:00,3.2540075,2
2000-05-05 01:10:00,3.2540075,2
2000-05-05 01:20:00,3.2604040000000003,2
2000-05-05 01:30:00,3.2668005,2
2000-05-05 01:40:00,3.2668005,2
2000-05-05 01:50:00,3.2668005,2
2000-05-05 02:00:00,3.26921,2
2000-05-05 02:10:00,3.26921,2
2000-05-05 02:20:00,3.26921,2
2000-05-05 02:30:00,3.264645,2
2000-05-05 02:40:00,3.2622355,2
2000-05-05 02:50:00,3.255007,2
2000-05-05 03:00:00,3.1559635,2
2000-05-05 03:10:00,3.047536,2
2000-05-05 03:20:00,2.9497660000000003,2
2000-05-05 03:30:00,2.852166,2
2000-05-05 03:40:00,2.827766,2
2000-05-05 03:50:00,2.805806,2
2000-05-05 04:00:00,2.759446,2
2000-05-05 04:10:00,2.766766,2
2000-05-05 04:20:00,2.717966,2
2000-05-05 04:30:00,2.722846,2
2000-05-05 04:40:00,2.722846,2
2000-05-05 04:50:00,2.700886,2
2000-05-05 05:00:00,2.713086,2
2000-05-05 05:10:00,2.720406,2
2000-05-05 05:20:00,2.700886,2
2000-05-05 05:30:00,2.702375,2
2000-05-05 05:40:00,2.699935,2
2000-05-05 05:50:00,2.704815,2
2000-05-05 06:00:00,3.718245,2
2000-05-05 06:10:00,3.775413,2
2000-05-05 06:20:00,3.3047475000000004,2
2000-05-05 06:30:00,3.5366575000000005,2
2000-05-05 06:40:00,2.1937025,2
2000-05-05 06:50:00,1.2916750000000001,2
2000-05-05 07:00:00,1.2564475000000002,2
2000-05-05 07:10:00,1.211826,2
2000-05-05 07:20:00,1.120509,2
2000-05-05 07:30:00,1.096719,2
2000-05-05 07:40:00,1.082445,2
2000-05-05 07:50:00,1.04676,2
2000-05-05 08:00:00,1.742038,2
2000-05-05 08:10:00,0.911157,2
2000-05-05 08:20:00,0.5706855,2
2000-05-05 08:30:00,0.48068,2
2000-05-05 08:40:00,0.13587749999999998,2
2000-05-05 08:50:00,0.128466,2
2000-05-05 09:00:00,0.45139999999999997,2
2000-05-05 09:10:00,0.3294,2
2000-05-05 09:20:00,0.1408185,2
2000-05-05 09:30:00,0.13093649999999998,2
2000-05-05 09:40:00,0.07847649999999999,2
2000-05-05 09:50:00,0.0,2
2000-05-05 10:00:00,0.0,2
2000-05-05 10:10:00,0.0,2
2000-05-05 10:20:00,0.0,2
2000-05-05 10:30:00,0.0,2
2000-05-05 10:40:00,0.0,2
2000-05-05 10:50:00,0.0,2
2000-05-05 11:00:00,0.0,2
2000-05-05 11:10:00,0.0,2
2000-05-05 11:20:00,0.0,2
2000-05-05 11:30:00,0.0,2
2000-05-05 11:40:00,0.0,2
2000-05-05 11:50:00,0.0,2
2000-05-05 12:00:00,0.0,2
2000-05-05 12:10:00,0.0,2
2000-05-05 12:20:00,0.8177355000000001,2
2000-05-05 12:30:00,1.540616,2
2000-05-05 12:40:00,1.559404,2
2000-05-05 12:50:00,1.33224,2
2000-05-05 13:00:00,1.23708,2
2000-05-05 13:10:00,1.531222,2
2000-05-05 13:20:00,0.16591999999999998,2
2000-05-05 13:30:00,0.0,2
2000-05-05 13:40:00,0.0,2
2000-05-05 13:50:00,0.0,2
2000-05-05 14:00:00,0.0,2
2000-05-05 14:10:00,0.0,2
2000-05-05 14:20:00,0.481656,2
2000-05-05 14:30:00,1.439295,2
2000-05-05 14:40:00,1.573495,2
2000-05-05 14:50:00,1.6063740000000002,2
2000-05-05 15:00:00,1.6087225,2
2000-05-05 15:10:00,1.6040255,2
2000-05-05 15:20:00,1.6110710000000001,2
2000-05-05 15:30:00,1.5875860000000002,2
2000-05-05 15:40:00,1.14192,2
2000-05-05 15:50:00,0.49870549999999997,2
2000-05-05 16:00:00,0.0,2
2000-05-05 16:10:00,0.0,2
2000-05-05 16:20:00,0.0,2
2000-05-05 16:30:00,0.0,2
2000-05-05 16:40:00,0.0,2
2000-05-05 16:50:00,0.0,2
2000-05-05 17:00:00,0.0,2
2000-05-05 17:10:00,0.43071,2
2000-05-05 17:20:00,1.3964729999999999,2
2000-05-05 17:30:00,1.125267,2
2000-05-05 17:40:00,1.382199,2
2000-05-05 17:50:00,3.2645410000000004,2
2000-05-05 18:00:00,4.5011755,2
2000-05-05 18:10:00,5.1111135,2
2000-05-05 18:20:00,5.5082465,2
2000-05-05 18:30:00,5.706301,2
2000-05-05 18:40:00,5.82974,2
2000-05-05 18:50:00,5.926044500000001,2
2000-05-05 19:00:00,5.930863500000001,2
2000-05-05 19:10:00,5.71898,2
2000-05-05 19:20:00,5.705926,2
2000-05-05 19:30:00,4.4806405,2
2000-05-05 19:40:00,4.48305,2
2000-05-05 19:50:00,3.3382905000000003,2
2000-05-05 20:00:00,2.5320845,2
2000-05-05 20:10:00,2.538481,2
2000-05-05 20:20:00,2.538481,2
2000-05-05 20:30:00,2.533916,2
2000-05-05 20:40:00,2.533916,2
2000-05-05 20:50:00,2.533916,2
2000-05-05 21:00:00,3.806636,2
2000-05-05 21:10:00,3.861311,2
2000-05-05 21:20:00,4.030708000000001,2
2000-05-05 21:30:00,4.2414845,2
2000-05-05 21:40:00,4.0902975,2
2000-05-05 21:50:00,3.761445,2
2000-05-05 22:00:00,4.0009835,2
2000-05-05 22:10:00,4.108357,2
2000-05-05 22:20:00,4.122448,2
2000-05-05 22:30:00,3.9908099999999997,2
2000-05-05 22:40:00,3.80049,2
2000-05-05 22:50:00,3.913914,2
2000-05-05 23:00:00,4.0138875,2
2000-05-05 23:10:00,4.0677505,2
2000-05-05 23:20:00,3.73634,2
2000-05-05 23:30:00,4.0115085,2
2000-05-05 23:40:00,3.733961,2
2000-05-05 23:50:00,3.8142795,2
2000-05-06 00:00:00,4.112625,2
2000-05-06 00:10:00,3.9818625,2
2000-05-06 00:20:00,4.094590500000001,2
2000-05-06 00:30:00,4.007718000000001,2
2000-05-06 00:40:00,4.080398000000001,2
2000-05-06 00:50:00,3.9794975,2
2000-05-06 01:00:00,4.075786000000001,2
2000-05-06 01:10:00,4.107048000000001,2
2000-05-06 01:20:00,4.027596,2
2000-05-06 01:30:00,4.1194065,2
2000-05-06 01:40:00,4.120776,2
2000-05-06 01:50:00,4.126958,2
2000-05-06 02:00:00,4.1177345,2
2000-05-06 02:10:00,4.068889,2
2000-05-06 02:20:00,4.038834,2
2000-05-06 02:30:00,3.972318499999999,2
2000-05-06 02:40:00,4.1370175,2
2000-05-06 02:50:00,2.90697,1
2000-05-06 03:00:00,2.90697,1
2000-05-06 03:10:00,2.90697,1
2000-05-06 03:20:00,2.90697,1
2000-05-06 03:30:00,2.906904,1
2000-05-06 03:40:00,2.906904,1
2000-05-06 03:50:00,2.906904,1
2000-05-06 04:00:00,2.906904,1
2000-05-06 04:10:00,2.906904,1
2000-05-06 04:20:00,2.906904,1
2000-05-06 04:30:00,2.894199,1
2000-05-06 04:40:00,2.894199,1
2000-05-06 04:50:00,2.906728,1
2000-05-06 05:00:00,2.919257,1
2000-05-06 05:10:00,2.919257,1
2000-05-06 05:20:00,2.919257,1
2000-05-06 05:30:00,2.906442,1
2000-05-06 05:40:00,2.906442,1
2000-05-06 05:50:00,2.906442,1
2000-05-06 06:00:00,2.9189160000000003,1
2000-05-06 06:10:00,3.4675330000000004,1
2000-05-06 06:20:00,3.366273,1
2000-05-06 06:30:00,3.427029,1
2000-05-06 06:40:00,4.850238,1
2000-05-06 06:50:00,4.922523,1
2000-05-06 07:00:00,2.37358,1
2000-05-06 07:10:00,0.97112,1
2000-05-06 07:20:00,1.16144,1
2000-05-06 07:30:00,1.19072,1
2000-05-06 07:40:00,1.20536,1
2000-05-06 07:50:00,1.21024,1
2000-05-06 08:00:00,1.21512,1
2000-05-06 08:10:00,1.22488,1
2000-05-06 08:20:00,1.64456,1
2000-05-06 08:30:00,2.154093,1
2000-05-06 08:40:00,1.0866845,2
2000-05-06 08:50:00,1.8007199999999999,1
2000-05-06 09:00:00,1.8635194999999998,2
2000-05-06 09:10:00,1.8635499999999998,2
2000-05-06 09:20:00,1.8635499999999998,2
2000-05-06 09:30:00,1.77571,2
2000-05-06 09:40:00,1.17425,2
2000-05-06 09:50:00,0.9784400000000001,2
2000-05-06 10:00:00,1.04188,2
2000-05-06 10:10:00,1.04676,2
2000-05-06 10:20:00,1.0492,2
2000-05-06 10:30:00,0.7027199999999999,2
2000-05-06 10:40:00,0.60268,2
2000-05-06 10:50:00,0.60268,2
2000-05-06 11:00:00,0.60512,2
2000-05-06 11:10:00,0.60756,2
2000-05-06 11:20:00,0.61488,2
2000-05-06 11:30:00,0.61976,2
2000-05-06 11:40:00,0.62464,2
2000-05-06 11:50:00,0.59292,2
2000-05-06 12:00:00,0.62708,2
2000-05-06 12:10:00,0.94672,2
2000-05-06 12:20:00,0.9784400000000001,2
2000-05-06 12:30:00,1.0248,2
2000-05-06 12:40:00,1.01016,2
2000-05-06 12:50:00,1.00528,2
2000-05-06 13:00:00,1.02724,2
2000-05-06 13:10:00,1.0248,2
2000-05-06 13:20:00,1.2360735,2
2000-05-06 13:30:00,1.3179965,2
2000-05-06 13:40:00,1.3107680000000002,2
2000-05-06 13:50:00,1.3107680000000002,2
2000-05-06 14:00:00,1.296311,2
2000-05-06 14:10:00,1.2939015,2
2000-05-06 14:20:00,1.305949,2
2000-05-06 14:30:00,1.32004,2
2000-05-06 14:40:00,1.3083585,2
2000-05-06 14:50:00,1.3107680000000002,2
2000-05-06 15:00:00,1.3131775,2
2000-05-06 15:10:00,1.315587,2
2000-05-06 15:20:00,1.3228155000000001,2
2000-05-06 15:30:00,1.3348630000000001,2
2000-05-06 15:40:00,1.3372725,2
2000-05-06 15:50:00,1.3083585,2
2000-05-06 16:00:00,1.281854,2
2000-05-06 16:10:00,1.20475,2
2000-05-06 16:20:00,0.8466799999999999,2
2000-05-06 16:30:00,0.8417999999999999,2
2000-05-06 16:40:00,0.8491199999999999,2
2000-05-06 16:50:00,0.85644,2
2000-05-06 17:00:00,0.86132,2
2000-05-06 17:10:00,0.86376,2
2000-05-06 17:20:00,0.597861,2
2000-05-06 17:30:00,0.0,2
2000-05-06 17:40:00,1.085329,2
2000-05-06 17:50:00,2.3264725000000004,2
2000-05-06 18:00:00,4.3763505,2
2000-05-06 18:10:00,4.3982725,2
2000-05-06 18:20:00,4.415393999999999,2
2000-05-06 18:30:00,5.634024,2
2000-05-06 18:40:00,5.6528355,2
2000-05-06 18:50:00,5.614949,2
2000-05-06 19:00:00,5.7735395,2
2000-05-06 19:10:00,6.626353,2
2000-05-06 19:20:00,6.489896,2
2000-05-06 19:30:00,5.9053629999999995,2
2000-05-06 19:40:00,5.0082795,2
2000-05-06 19:50:00,4.8246695,2
2000-05-06 20:00:00,4.5024115,2
2000-05-06 20:10:00,4.47373,2
2000-05-06 20:20:00,3.128458,2
2000-05-06 20:30:00,3.0357380000000003,2
2000-05-06 20:40:00,3.0284180000000003,2
2000-05-06 20:50:00,3.0210980000000003,2
2000-05-06 21:00:00,3.0186580000000003,2
2000-05-06 21:10:00,4.4935895,2
2000-05-06 21:20:00,4.52097,2
2000-05-06 21:30:00,4.5058185,2
2000-05-06 21:40:00,4.488951999999999,2
2000-05-06 21:50:00,4.4720855,2
2000-05-06 22:00:00,4.4614835,2
2000-05-06 22:10:00,4.446344,2
2000-05-06 22:20:00,4.4206605,2
2000-05-06 22:30:00,4.401384500000001,2
2000-05-06 22:40:00,4.3796990000000005,2
2000-05-06 22:50:00,4.355604,2
2000-05-06 23:00:00,4.328901500000001,2
2000-05-06 23:10:00,4.297578,2
2000-05-06 23:20:00,4.2662545000000005,2
2000-05-06 23:30:00,4.2309055,2
2000-05-06 23:40:00,3.0457064999999997,2
2000-05-06 23:50:00,2.7409464999999997,2
2000-05-07 00:00:00,2.7168515,2
2000-05-07 00:10:00,2.6831185,2
2000-05-07 00:20:00,2.6445665,2
2000-05-07 00:30:00,2.603605,2
2000-05-07 00:40:00,2.569872,2
2000-05-07 00:50:00,2.540958,2
2000-05-07 01:00:00,2.5144535,2
2000-05-07 01:10:00,2.4855395,2
2000-05-07 01:20:00,2.4542159999999997,2
2000-05-07 01:30:00,2.4253020000000003,2
2000-05-07 01:40:00,2.3939785000000002,2
2000-05-07 01:50:00,2.3602455,2
2000-05-07 02:00:00,2.3289220000000004,2
2000-05-07 02:10:00,2.295189,2
2000-05-07 02:20:00,2.2638655,2
2000-05-07 02:30:00,2.232542,2
2000-05-07 02:40:00,2.1340339999999998,2
2000-05-07 02:50:00,1.941274,2
2000-05-07 03:00:00,1.813235,2
2000-05-07 03:10:00,1.7009949999999998,2
2000-05-07 03:20:00,1.615595,2
2000-05-07 03:30:00,1.088555,2
2000-05-07 03:40:00,1.077954,2
2000-05-07 03:50:00,1.077954,2
2000-05-07 04:00:00,1.077954,2
2000-05-07 04:10:00,1.077954,2
2000-05-07 04:20:00,1.077954,2
2000-05-07 04:30:00,1.077954,2
2000-05-07 04:40:00,1.097718,2
2000-05-07 04:50:00,1.336594,2
2000-05-07 05:00:00,1.077954,2
2000-05-07 05:10:00,1.077954,2
2000-05-07 05:20:00,1.220492,2
2000-05-07 05:30:00,1.077954,2
2000-05-07 05:40:00,1.077954,2
2000-05-07 05:50:00,1.077954,2
2000-05-07 06:00:00,0.757194,2
2000-05-07 06:10:00,0.5010005,2
2000-05-07 06:20:00,0.20368799999999998,2
2000-05-07 06:30:00,1.1300554999999999,2
2000-05-07 06:40:00,0.88084,2
2000-05-07 06:50:00,0.7442,2
2000-05-07 07:00:00,0.74664,2
2000-05-07 07:10:00,0.75152,2
2000-05-07 07:20:00,1.4679345,2
2000-05-07 07:30:00,2.3441080000000003,2
2000-05-07 07:40:00,2.3815619999999997,2
2000-05-07 07:50:00,2.189412,2
2000-05-07 08:00:00,1.5547985,2
2000-05-07 08:10:00,1.185413,2
2000-05-07 08:20:00,1.03212,2
2000-05-07 08:30:00,0.91988,2
2000-05-07 08:40:00,0.8418,2
2000-05-07 08:50:00,0.726022,2
2000-05-07 09:00:00,0.2105415,2
2000-05-07 09:10:00,0.064233,2
2000-05-07 09:20:00,0.10623149999999999,2
2000-05-07 09:30:00,0.612684,2
2000-05-07 09:40:00,0.9238145,2
2000-05-07 09:50:00,0.926041,2
2000-05-07 10:00:00,0.915976,2
2000-05-07 10:10:00,0.9199105000000001,2
2000-05-07 10:20:00,0.9296705000000001,2
2000-05-07 10:30:00,0.9296705000000001,2
2000-05-07 10:40:00,0.9296705000000001,2
2000-05-07 10:50:00,0.9296705000000001,2
2000-05-07 11:00:00,0.9321105000000001,2
2000-05-07 11:10:00,0.9296705000000001,2
2000-05-07 11:20:00,0.9272305000000001,2
2000-05-07 11:30:00,0.9272305000000001,2
2000-05-07 11:40:00,0.9223505000000001,2
2000-05-07 11:50:00,0.9150305,2
2000-05-07 12:00:00,0.8930705,2
2000-05-07 12:10:00,0.7905905000000001,2
2000-05-07 12:20:00,0.6832305000000001,2
2000-05-07 12:30:00,0.5929505,2
2000-05-07 12:40:00,0.5197505,2
2000-05-07 12:50:00,0.45631049999999995,2
2000-05-07 13:00:00,0.4026305,2
2000-05-07 13:10:00,0.35871049999999993,2
2000-05-07 13:20:00,0.32211049999999997,2
2000-05-07 13:30:00,0.29039049999999994,2
2000-05-07 13:40:00,0.0024705,2
2000-05-07 13:50:00,0.0439505,2
2000-05-07 14:00:00,0.0781105,2
2000-05-07 14:10:00,0.0659105,2
2000-05-07 14:20:00,0.0707905,2
2000-05-07 14:30:00,0.0585905,2
2000-05-07 14:40:00,0.0707905,2
2000-05-07 14:50:00,0.0585905,2
2000-05-07 15:00:00,0.0878705,2
2000-05-07 15:10:00,0.6393105,2
2000-05-07 15:20:00,0.9614515000000001,2
2000-05-07 15:30:00,0.954223,2
2000-05-07 15:40:00,0.9518135000000001,2
2000-05-07 15:50:00,0.949404,2
2000-05-07 16:00:00,0.9565105,2
2000-05-07 16:10:00,0.9421755,2
2000-05-07 16:20:00,0.9349470000000001,2
2000-05-07 16:30:00,0.9325375,2
2000-05-07 16:40:00,0.925309,2
2000-05-07 16:50:00,0.9321105000000001,2
2000-05-07 17:00:00,0.910852,2
2000-05-07 17:10:00,0.9036235,2
2000-05-07 17:20:00,0.896395,2
2000-05-07 17:30:00,0.939729,2
2000-05-07 17:40:00,1.8369354999999998,2
2000-05-07 17:50:00,2.3281945,2
2000-05-07 18:00:00,3.982058,2
2000-05-07 18:10:00,4.4134265,2
2000-05-07 18:20:00,4.34716,2
2000-05-07 18:30:00,3.5518834999999997,2
2000-05-07 18:40:00,4.4239615,2
2000-05-07 18:50:00,4.653912500000001,2
2000-05-07 19:00:00,4.6650295,2
2000-05-07 19:10:00,4.2518625,2
2000-05-07 19:20:00,3.5533409999999996,2
2000-05-07 19:30:00,3.5638460000000003,2
2000-05-07 19:40:00,3.5637030000000003,2
2000-05-07 19:50:00,3.5637030000000003,2
2000-05-07 20:00:00,3.561129,2
2000-05-07 20:10:00,3.561129,2
2000-05-07 20:20:00,3.4355970000000005,2
2000-05-07 20:30:00,2.5246980000000003,2
2000-05-07 20:40:00,2.5308800000000002,2
2000-05-07 20:50:00,2.5263425,2
2000-05-07 21:00:00,2.5263425,2
2000-05-07 21:10:00,2.5263865,2
2000-05-07 21:20:00,2.5263865,2
2000-05-07 21:30:00,1.7817525,2
2000-05-07 21:40:00,1.080079,2
2000-05-07 21:50:00,1.080079,2
2000-05-07 22:00:00,1.080079,2
2000-05-07 22:10:00,1.080079,2
2000-05-07 22:20:00,1.080079,2
2000-05-07 22:30:00,1.080079,2
2000-05-07 22:40:00,1.080079,2
2000-05-07 22:50:00,1.080079,2
2000-05-07 23:00:00,1.080079,2
2000-05-07 23:10:00,1.080079,2
2000-05-07 23:20:00,1.080079,2
2000-05-07 23:30:00,1.080079,2
2000-05-07 23:40:00,1.080079,2
2000-05-07 23:50:00,1.080079,2
2000-05-08 00:00:00,1.080079,2
2000-05-08 00:10:00,1.080079,2
2000-05-08 00:20:00,1.080079,2
2000-05-08 00:30:00,1.080079,2
2000-05-08 00:40:00,1.080079,2
2000-05-08 00:50:00,1.080079,2
2000-05-08 01:00:00,1.080079,2
2000-05-08 01:10:00,1.080079,2
2000-05-08 01:20:00,1.075514,2
2000-05-08 01:30:00,1.075514,2
2000-05-08 01:40:00,1.075514,2
2000-05-08 01:50:00,1.075514,2
2000-05-08 02:00:00,1.075514,2
2000-05-08 02:10:00,1.075514,2
2000-05-08 02:20:00,1.075514,2
2000-05-08 02:30:00,2.0261345000000004,2
2000-05-08 02:40:00,2.3007985,2
2000-05-08 02:50:00,2.906734,2
2000-05-08 03:00:00,2.7838494999999996,2
2000-05-08 03:10:00,2.738069,2
2000-05-08 03:20:00,2.6946980000000003,2
2000-05-08 03:30:00,2.6585555000000003,2
2000-05-08 03:40:00,2.3164065000000003,2
2000-05-08 03:50:00,1.971848,2
2000-05-08 04:00:00,2.151028,1
2000-05-08 04:10:00,2.151028,1
2000-05-08 04:20:00,2.151028,1
2000-05-08 04:30:00,2.151028,1
2000-05-08 04:40:00,2.151028,1
2000-05-08 04:50:00,2.151028,1
2000-05-08 05:00:00,2.151028,1
2000-05-08 05:10:00,2.151028,1
2000-05-08 05:20:00,2.151028,1
2000-05-08 05:30:00,2.189902,1
2000-05-08 05:40:00,4.226992,1
2000-05-08 05:50:00,4.226992,1
2000-05-08 06:00:00,3.7773120000000002,1
2000-05-08 06:10:00,2.163986,1
2000-05-08 06:20:00,0.637637,1
2000-05-08 06:30:00,0.0,1
2000-05-08 06:40:00,0.0,1
2000-05-08 06:50:00,0.0,1
2000-05-08 07:00:00,1.220427,1
2000-05-08 07:10:00,1.9602959999999998,1
2000-05-08 07:20:00,1.76046,1
2000-05-08 07:30:00,1.3445010000000002,1
2000-05-08 07:40:00,3.509452,1
2000-05-08 07:50:00,3.085929,1
2000-05-08 08:00:00,1.426424,1
2000-05-08 08:10:00,0.25864,1
2000-05-08 08:20:00,0.19764,1
2000-05-08 08:30:00,0.113643,1
2000-05-08 08:40:00,0.09882,1
2000-05-08 08:50:00,0.128466,1
2000-05-08 09:00:00,0.143289,1
2000-05-08 09:10:00,0.09387899999999999,1
2000-05-08 09:20:00,0.069174,1
2000-05-08 09:30:00,0.014823,1
2000-05-08 09:40:00,0.009882,1
2000-05-08 09:50:00,0.004941,1
2000-05-08 10:00:00,0.004941,1
2000-05-08 10:10:00,0.004941,1
2000-05-08 10:20:00,0.004941,1
2000-05-08 10:30:00,0.004941,1
2000-05-08 10:40:00,0.004941,1
2000-05-08 10:50:00,0.004941,1
2000-05-08 11:00:00,0.004941,1
2000-05-08 11:10:00,0.004941,1
2000-05-08 11:20:00,0.004941,1
2000-05-08 11:30:00,0.0024705,2
2000-05-08 11:40:00,0.0024705,2
2000-05-08 11:50:00,0.0024705,2
2000-05-08 12:00:00,0.0024705,2
2000-05-08 12:10:00,0.0024705,2
2000-05-08 12:20:00,0.0024705,2
2000-05-08 12:30:00,0.0024705,2
2000-05-08 12:40:00,0.0024705,2
2000-05-08 12:50:00,0.0024705,2
2000-05-08 13:00:00,0.0024705,2
2000-05-08 13:10:00,1.0541105,2
2000-05-08 13:20:00,0.9565105,2
2000-05-08 13:30:00,0.8149905000000001,2
2000-05-08 13:40:00,0.7149504999999999,2
2000-05-08 13:50:00,0.6124705,2
2000-05-08 14:00:00,0.5295105,2
2000-05-08 14:10:00,0.4726815,2
2000-05-08 14:20:00,0.42215049999999993,2
2000-05-08 14:30:00,0.3635905,2
2000-05-08 14:40:00,0.27087049999999996,2
2000-05-08 14:50:00,0.21719049999999998,2
2000-05-08 15:00:00,0.52948,2
2000-05-08 15:10:00,1.4833369999999997,2
2000-05-08 15:20:00,0.951905,2
2000-05-08 15:30:00,0.11956,2
2000-05-08 15:40:00,0.12688,2
2000-05-08 15:50:00,0.0976,2
2000-05-08 16:00:00,0.09272,2
2000-05-08 16:10:00,0.07564,2
2000-05-08 16:20:00,0.09028,2
2000-05-08 16:30:00,0.0732,2
2000-05-08 16:40:00,0.07808,2
2000-05-08 16:50:00,0.07076,2
2000-05-08 17:00:00,0.056119999999999996,2
2000-05-08 17:10:00,0.0732,2
2000-05-08 17:20:00,0.05856,2
2000-05-08 17:30:00,0.05856,2
2000-05-08 17:40:00,0.488557,2
2000-05-08 17:50:00,2.5530180000000002,2
2000-05-08 18:00:00,1.3584945,2
2000-05-08 18:10:00,3.5703470000000004,2
2000-05-08 18:20:00,3.5574990000000004,2
2000-05-08 18:30:00,3.5574990000000004,2
2000-05-08 18:40:00,3.551284,2
2000-05-08 18:50:00,3.5705560000000003,2
2000-05-08 19:00:00,3.5705560000000003,2
2000-05-08 19:10:00,3.561591,2
2000-05-08 19:20:00,3.561591,2
2000-05-08 19:30:00,2.812513,2
2000-05-08 19:40:00,2.532211,2
2000-05-08 19:50:00,2.53858,2
2000-05-08 20:00:00,2.53858,2
2000-05-08 20:10:00,2.53858,2
2000-05-08 20:20:00,2.5322825,2
2000-05-08 20:30:00,2.5322825,2
2000-05-08 20:40:00,2.5322825,2
2000-05-08 20:50:00,2.538624,2
2000-05-08 21:00:00,2.533564,2
2000-05-08 21:10:00,2.5289989999999998,2
2000-05-08 21:20:00,2.5289989999999998,2
2000-05-08 21:30:00,2.5289989999999998,2
2000-05-08 21:40:00,2.528966,2
2000-05-08 21:50:00,2.528966,2
2000-05-08 22:00:00,2.528966,2
2000-05-08 22:10:00,2.528878,2
2000-05-08 22:20:00,2.5351425,2
2000-05-08 22:30:00,2.5351425,2
2000-05-08 22:40:00,2.528735,2
2000-05-08 22:50:00,2.5349720000000002,2
2000-05-08 23:00:00,2.5349720000000002,2
2000-05-08 23:10:00,2.528537,2
2000-05-08 23:20:00,2.528537,2
2000-05-08 23:30:00,2.6322010000000002,2
2000-05-08 23:40:00,2.528537,2
2000-05-08 23:50:00,2.5347465,2
2000-05-09 00:00:00,2.528284,2
2000-05-09 00:10:00,2.528284,2
2000-05-09 00:20:00,2.528284,2
2000-05-09 00:30:00,2.5218214999999997,2
2000-05-09 00:40:00,2.527976,2
2000-05-09 00:50:00,2.527965,2
2000-05-09 01:00:00,2.5402189999999996,2
2000-05-09 01:10:00,2.5462525,2
2000-05-09 01:20:00,2.5404720000000003,2
2000-05-09 01:30:00,2.5398945,2
2000-05-09 01:40:00,2.544542,2
2000-05-09 01:50:00,2.542947,2
2000-05-09 02:00:00,2.5415115,2
2000-05-09 02:10:00,2.533608,2
2000-05-09 02:20:00,2.528449,2
2000-05-09 02:30:00,2.513324,2
2000-05-09 02:40:00,2.167704,1
2000-05-09 02:50:00,2.167704,1
2000-05-09 03:00:00,2.167704,1
2000-05-09 03:10:00,2.167704,1
2000-05-09 03:20:00,2.167704,1
2000-05-09 03:30:00,2.167704,1
2000-05-09 03:40:00,2.167704,1
2000-05-09 03:50:00,2.167704,1
2000-05-09 04:00:00,2.167704,1
2000-05-09 04:10:00,2.1584640000000004,1
2000-05-09 04:20:00,2.1584640000000004,1
2000-05-09 04:30:00,2.1713120000000004,1
2000-05-09 04:40:00,2.1713120000000004,1
2000-05-09 04:50:00,2.1713120000000004,1
2000-05-09 05:00:00,2.1713120000000004,1
2000-05-09 05:10:00,2.1713120000000004,1
2000-05-09 05:20:00,2.1713120000000004,1
2000-05-09 05:30:00,2.1713120000000004,1
2000-05-09 05:40:00,2.1713120000000004,1
2000-05-09 05:50:00,2.162017,1
2000-05-09 06:00:00,2.162017,1
2000-05-09 06:10:00,2.162017,1
2000-05-09 06:20:00,1.727055,1
2000-05-09 06:30:00,0.0,1
2000-05-09 06:40:00,0.0,1
2000-05-09 06:50:00,0.0,1
2000-05-09 07:00:00,0.0,1
2000-05-09 07:10:00,2.743433,1
2000-05-09 07:20:00,2.540772,1
2000-05-09 07:30:00,0.257054,1
2000-05-09 07:40:00,0.0,1
2000-05-09 07:50:00,0.0,1
2000-05-09 08:00:00,0.0,1
2000-05-09 08:10:00,0.0,1
2000-05-09 08:20:00,0.0,1
2000-05-09 08:30:00,0.0,1
2000-05-09 08:40:00,0.0,1
2000-05-09 08:50:00,0.0,1
2000-05-09 09:00:00,0.0,1
2000-05-09 09:10:00,0.0,1
2000-05-09 09:20:00,0.0,1
2000-05-09 09:30:00,0.0,1
2000-05-09 09:40:00,0.0,1
2000-05-09 09:50:00,0.0,1
2000-05-09 10:00:00,0.0,1
2000-05-09 10:10:00,0.0,1
2000-05-09 10:20:00,0.0,1
2000-05-09 10:30:00,0.0,1
2000-05-09 10:40:00,0.0,1
2000-05-09 10:50:00,0.0,1
2000-05-09 11:00:00,0.0,1
2000-05-09 11:10:00,0.0,1
2000-05-09 11:20:00,0.0,1
2000-05-09 11:30:00,0.0,1
2000-05-09 11:40:00,0.0,1
2000-05-09 11:50:00,0.0,1
2000-05-09 12:00:00,0.0,1
2000-05-09 12:10:00,0.0,1
2000-05-09 12:20:00,0.0,1
2000-05-09 12:30:00,0.0,1
2000-05-09 12:40:00,0.0,1
2000-05-09 12:50:00,0.0,1
2000-05-09 13:00:00,0.0,1
2000-05-09 13:10:00,0.0,1
2000-05-09 13:20:00,0.0,1
2000-05-09 13:30:00,0.0,1
2000-05-09 13:40:00,0.0,1
2000-05-09 13:50:00,0.6688649999999999,1
2000-05-09 14:00:00,2.569259,1
2000-05-09 14:10:00,2.4075480000000002,1
2000-05-09 14:20:00,2.2933559999999997,1
2000-05-09 14:30:00,2.1981960000000003,1
2000-05-09 14:40:00,3.29156,1
2000-05-09 14:50:00,2.930928,1
2000-05-09 15:00:00,2.8182,1
2000-05-09 15:10:00,2.6121420000000004,1
2000-05-09 15:20:00,3.038959,1
2000-05-09 15:30:00,3.1610810000000003,1
2000-05-09 15:40:00,2.8167359999999997,1
2000-05-09 15:50:00,2.921412,1
2000-05-09 16:00:00,2.707302,1
2000-05-09 16:10:00,2.8738319999999997,1
2000-05-09 16:20:00,2.7120599999999997,1
2000-05-09 16:30:00,2.750124,1
2000-05-09 16:40:00,2.943171,1
2000-05-09 16:50:00,0.039528,1
2000-05-09 17:00:00,0.004941,1
2000-05-09 17:10:00,0.004941,1
2000-05-09 17:20:00,4.814042,1
2000-05-09 17:30:00,3.416553,1
2000-05-09 17:40:00,3.1422930000000004,1
2000-05-09 17:50:00,3.1282020000000004,1
2000-05-09 18:00:00,6.169248,1
2000-05-09 18:10:00,4.24367,1
2000-05-09 18:20:00,4.217423999999999,1
2000-05-09 18:30:00,4.217423999999999,1
2000-05-09 18:40:00,4.24367,1
2000-05-09 18:50:00,4.24367,1
2000-05-09 19:00:00,4.982372000000001,1
2000-05-09 19:10:00,6.898034,1
2000-05-09 19:20:00,6.926852,1
2000-05-09 19:30:00,6.908922,1
2000-05-09 19:40:00,6.904164,1
2000-05-09 19:50:00,5.380091999999999,1
2000-05-09 20:00:00,3.195186,1
2000-05-09 20:10:00,2.1562200000000002,1
2000-05-09 20:20:00,2.1562200000000002,1
2000-05-09 20:30:00,2.1562200000000002,1
2000-05-09 20:40:00,2.1562200000000002,1
2000-05-09 20:50:00,4.628961,1
2000-05-09 21:00:00,4.870248,1
2000-05-09 21:10:00,4.870248,1
2000-05-09 21:20:00,4.870248,1
2000-05-09 21:30:00,4.870248,1
2000-05-09 21:40:00,4.870248,1
2000-05-09 21:50:00,4.865489999999999,1
2000-05-09 22:00:00,4.870248,1
2000-05-09 22:10:00,4.870248,1
2000-05-09 22:20:00,4.870248,1
2000-05-09 22:30:00,4.865489999999999,1
2000-05-09 22:40:00,4.870248,1
2000-05-09 22:50:00,4.8131520000000005,1
2000-05-09 23:00:00,4.470575999999999,1
2000-05-09 23:10:00,4.166064,1
2000-05-09 23:20:00,4.166064,1
2000-05-09 23:30:00,4.166064,1
2000-05-09 23:40:00,4.166064,1
2000-05-09 23:50:00,4.170821999999999,1
2000-05-10 00:00:00,4.17558,1
2000-05-10 00:10:00,4.562670000000001,1
2000-05-10 00:20:00,4.17558,1
2000-05-10 00:30:00,4.17558,1
2000-05-10 00:40:00,4.17558,1
2000-05-10 00:50:00,4.16634,1
2000-05-10 01:00:00,3.815802,1
2000-05-10 01:10:00,3.574852,1
2000-05-10 01:20:00,3.574852,1
2000-05-10 01:30:00,3.574852,1
2000-05-10 01:40:00,3.5656120000000002,1
2000-05-10 01:50:00,3.5607930000000003,1
2000-05-10 02:00:00,3.5656120000000002,1
2000-05-10 02:10:00,3.5656120000000002,1
2000-05-10 02:20:00,3.57846,1
2000-05-10 02:30:00,3.57846,1
2000-05-10 02:40:00,3.569165,1
2000-05-10 02:50:00,3.569165,1
2000-05-10 03:00:00,3.569165,1
2000-05-10 03:10:00,3.569165,1
2000-05-10 03:20:00,3.44869,1
2000-05-10 03:30:00,3.211217,1
2000-05-10 03:40:00,2.9428170000000002,1
2000-05-10 03:50:00,2.781777,1
2000-05-10 04:00:00,2.703697,1
2000-05-10 04:10:00,2.679297,1
2000-05-10 04:20:00,2.684177,1
2000-05-10 04:30:00,2.493857,1
2000-05-10 04:40:00,2.4601620000000004,1
2000-05-10 04:50:00,2.6309620000000002,1
2000-05-10 05:00:00,2.6437,1
2000-05-10 05:10:00,2.63882,1
2000-05-10 05:20:00,2.60995,1
2000-05-10 05:30:00,2.55627,1
2000-05-10 05:40:00,3.879642,1
2000-05-10 05:50:00,4.55236,1
2000-05-10 06:00:00,2.4918139999999998,1
2000-05-10 06:10:00,2.615109,1
2000-05-10 06:20:00,2.6287279999999997,1
2000-05-10 06:30:00,2.954413,1
2000-05-10 06:40:00,2.8228969999999998,1
2000-05-10 06:50:00,2.710169,1
2000-05-10 07:00:00,2.502708,1
2000-05-10 07:10:00,2.440854,1
2000-05-10 07:20:00,2.379,1
2000-05-10 07:30:00,1.113372,2
2000-05-10 07:40:00,1.053897,2
2000-05-10 07:50:00,1.039623,2
2000-05-10 08:00:00,1.025349,2
2000-05-10 08:10:00,0.26132399999999995,2
2000-05-10 08:20:00,0.38073150000000006,2
2000-05-10 08:30:00,0.0,2
2000-05-10 08:40:00,0.0,2
2000-05-10 08:50:00,0.0,2
2000-05-10 09:00:00,0.0,2
2000-05-10 09:10:00,0.0,2
2000-05-10 09:20:00,0.0,2
2000-05-10 09:30:00,0.0,2
2000-05-10 09:40:00,0.0,2
2000-05-10 09:50:00,0.0,2
2000-05-10 10:00:00,0.0,2
2000-05-10 10:10:00,0.0,2
2000-05-10 10:20:00,0.0,2
2000-05-10 10:30:00,0.0,2
2000-05-10 10:40:00,0.0,2
2000-05-10 10:50:00,0.0,2
2000-05-10 11:00:00,0.0,2
2000-05-10 11:10:00,0.0,2
2000-05-10 11:20:00,0.0,2
2000-05-10 11:30:00,0.0,2
2000-05-10 11:40:00,1.4083679999999998,2
2000-05-10 11:50:00,1.3346190000000002,2
2000-05-10 12:00:00,1.239459,2
2000-05-10 12:10:00,1.23708,2
2000-05-10 12:20:00,1.23708,2
2000-05-10 12:30:00,1.23708,2
2000-05-10 12:40:00,1.23708,2
2000-05-10 12:50:00,1.23708,2
2000-05-10 13:00:00,1.239459,2
2000-05-10 13:10:00,1.23708,2
2000-05-10 13:20:00,1.239459,2
2000-05-10 13:30:00,1.239459,2
2000-05-10 13:40:00,1.184742,2
2000-05-10 13:50:00,1.127646,2
2000-05-10 14:00:00,1.037244,2
2000-05-10 14:10:00,1.02297,2
2000-05-10 14:20:00,1.0015589999999999,2
2000-05-10 14:30:00,1.0015589999999999,2
2000-05-10 14:40:00,1.0015589999999999,2
2000-05-10 14:50:00,1.003938,2
2000-05-10 15:00:00,1.003938,2
2000-05-10 15:10:00,1.003938,2
2000-05-10 15:20:00,1.0015589999999999,2
2000-05-10 15:30:00,1.003938,2
2000-05-10 15:40:00,0.6096035,2
2000-05-10 15:50:00,0.592737,2
2000-05-10 16:00:00,0.27846499999999996,2
2000-05-10 16:10:00,0.0,2
2000-05-10 16:20:00,0.0,2
2000-05-10 16:30:00,0.0,2
2000-05-10 16:40:00,0.0,2
2000-05-10 16:50:00,0.0,2
2000-05-10 17:00:00,0.0,2
2000-05-10 17:10:00,0.0,2
2000-05-10 17:20:00,0.0,2
2000-05-10 17:30:00,0.020739999999999998,2
2000-05-10 17:40:00,0.7051599999999999,2
2000-05-10 17:50:00,2.708824,2
2000-05-10 18:00:00,3.6719320000000004,2
2000-05-10 18:10:00,3.669553,2
2000-05-10 18:20:00,3.9475149999999997,2
2000-05-10 18:30:00,4.699714500000001,2
2000-05-10 18:40:00,4.699714500000001,2
2000-05-10 18:50:00,4.688398,2
2000-05-10 19:00:00,5.185392,2
2000-05-10 19:10:00,5.4718345,2
2000-05-10 19:20:00,4.0786,2
2000-05-10 19:30:00,3.6976685000000002,2
2000-05-10 19:40:00,3.8965565,2
2000-05-10 19:50:00,2.8827,2
2000-05-10 20:00:00,3.6464100000000004,2
2000-05-10 20:10:00,4.1277325000000005,2
2000-05-10 20:20:00,5.1192355,2
2000-05-10 20:30:00,4.084501,2
2000-05-10 20:40:00,3.772829,2
2000-05-10 20:50:00,3.7051800000000004,2
2000-05-10 21:00:00,2.8433659999999996,2
2000-05-10 21:10:00,2.686383,2
2000-05-10 21:20:00,2.615684,2
2000-05-10 21:30:00,2.7122165000000003,2
2000-05-10 21:40:00,2.415909,2
2000-05-10 21:50:00,2.335389,2
2000-05-10 22:00:00,2.311599,2
2000-05-10 22:10:00,2.306719,2
2000-05-10 22:20:00,2.282319,2
2000-05-10 22:30:00,2.301839,2
2000-05-10 22:40:00,2.323799,2
2000-05-10 22:50:00,2.3286179999999996,2
2000-05-10 23:00:00,2.3286179999999996,2
2000-05-10 23:10:00,2.326239,2
2000-05-10 23:20:00,2.3261779999999996,2
2000-05-10 23:30:00,2.321359,2
2000-05-10 23:40:00,2.020141,2
2000-05-10 23:50:00,1.9020755,2
2000-05-11 00:00:00,1.9020755,2
2000-05-11 00:10:00,1.9020755,2
2000-05-11 00:20:00,1.8996355,2
2000-05-11 00:30:00,1.8971955,2
2000-05-11 00:40:00,1.89903,2
2000-05-11 00:50:00,1.90147,2
2000-05-11 01:00:00,1.89903,2
2000-05-11 01:10:00,1.90147,2
2000-05-11 01:20:00,1.89903,2
2000-05-11 01:30:00,1.90147,2
2000-05-11 01:40:00,1.8943824999999999,2
2000-05-11 01:50:00,1.8943824999999999,2
2000-05-11 02:00:00,1.8847139999999998,2
2000-05-11 02:10:00,1.834572,2
2000-05-11 02:20:00,1.6983285000000001,2
2000-05-11 02:30:00,1.5909684999999998,2
2000-05-11 02:40:00,1.5104485,2
2000-05-11 02:50:00,1.4592085000000001,2
2000-05-11 03:00:00,1.4250485000000002,2
2000-05-11 03:10:00,1.4104085000000002,2
2000-05-11 03:20:00,1.4299285000000002,2
2000-05-11 03:30:00,1.4226085000000002,2
2000-05-11 03:40:00,1.3242985,2
2000-05-11 03:50:00,1.21693,2
2000-05-11 04:00:00,1.22669,2
2000-05-11 04:10:00,1.26085,2
2000-05-11 04:20:00,1.19985,2
2000-05-11 04:30:00,1.214695,2
2000-05-11 04:40:00,1.214695,2
2000-05-11 04:50:00,2.1152975,2
2000-05-11 05:00:00,2.2280854999999997,2
2000-05-11 05:10:00,2.819018,2
2000-05-11 05:20:00,3.8623924999999995,2
2000-05-11 05:30:00,3.9350859999999996,2
2000-05-11 05:40:00,4.2101045,2
2000-05-11 05:50:00,4.907024,2
2000-05-11 06:00:00,4.3188195,2
2000-05-11 06:10:00,3.2965489999999997,2
2000-05-11 06:20:00,2.9832065,2
2000-05-11 06:30:00,2.4254515,2
2000-05-11 06:40:00,2.3490185,2
2000-05-11 06:50:00,2.198867,2
2000-05-11 07:00:00,1.908324,2
2000-05-11 07:10:00,1.7131545,2
2000-05-11 07:20:00,1.4540264999999999,2
2000-05-11 07:30:00,1.7039434999999998,2
2000-05-11 07:40:00,1.7015034999999998,2
2000-05-11 07:50:00,1.655174,2
2000-05-11 08:00:00,1.3320265,2
2000-05-11 08:10:00,1.00284,2
2000-05-11 08:20:00,1.0126,2
2000-05-11 08:30:00,0.93696,2
2000-05-11 08:40:00,0.8662,2
2000-05-11 08:50:00,0.88084,2
2000-05-11 09:00:00,0.88328,2
2000-05-11 09:10:00,0.88328,2
2000-05-11 09:20:00,0.8906,2
2000-05-11 09:30:00,1.5658699999999999,2
2000-05-11 09:40:00,1.8727,2
2000-05-11 09:50:00,1.676463,2
2000-05-11 10:00:00,0.72956,2
2000-05-11 10:10:00,0.74176,2
2000-05-11 10:20:00,0.74176,2
2000-05-11 10:30:00,0.7442,2
2000-05-11 10:40:00,0.8179489999999999,2
2000-05-11 10:50:00,0.9977769999999999,2
2000-05-11 11:00:00,1.285957,2
2000-05-11 11:10:00,0.46750849999999994,2
2000-05-11 11:20:00,0.0024705,2
2000-05-11 11:30:00,0.0024705,2
2000-05-11 11:40:00,0.0024705,2
2000-05-11 11:50:00,0.00244,2
2000-05-11 12:00:00,0.00244,2
2000-05-11 12:10:00,0.00244,2
2000-05-11 12:20:00,0.00244,2
2000-05-11 12:30:00,0.00244,2
2000-05-11 12:40:00,0.0,2
2000-05-11 12:50:00,0.0,2
2000-05-11 13:00:00,0.0,2
2000-05-11 13:10:00,0.0,2
2000-05-11 13:20:00,0.0,2
2000-05-11 13:30:00,0.0,2
2000-05-11 13:40:00,0.0,2
2000-05-11 13:50:00,0.0,2
2000-05-11 14:00:00,0.0,2
2000-05-11 14:10:00,0.567056,2
2000-05-11 14:20:00,1.825444,2
2000-05-11 14:30:00,1.563031,2
2000-05-11 14:40:00,1.0817565,2
2000-05-11 14:50:00,0.27302,2
2000-05-11 15:00:00,0.0,2
2000-05-11 15:10:00,0.0,2
2000-05-11 15:20:00,0.0,2
2000-05-11 15:30:00,0.10205249999999999,2
2000-05-11 15:40:00,2.2540405,2
2000-05-11 15:50:00,2.180359,2
2000-05-11 16:00:00,1.125267,2
2000-05-11 16:10:00,1.125267,2
2000-05-11 16:20:00,1.125267,2
2000-05-11 16:30:00,1.127646,2
2000-05-11 16:40:00,1.127646,2
2000-05-11 16:50:00,1.127646,2
2000-05-11 17:00:00,1.125267,2
2000-05-11 17:10:00,1.125267,2
2000-05-11 17:20:00,1.125267,2
2000-05-11 17:30:00,1.341756,2
2000-05-11 17:40:00,1.7696525,2
2000-05-11 17:50:00,2.2079145000000002,2
2000-05-11 18:00:00,3.6003055,2
2000-05-11 18:10:00,3.414078,2
2000-05-11 18:20:00,4.6397505,2
2000-05-11 18:30:00,5.6062330000000005,2
2000-05-11 18:40:00,6.105192499999999,2
2000-05-11 18:50:00,6.0955545,2
2000-05-11 19:00:00,6.0777285,2
2000-05-11 19:10:00,5.920971,2
2000-05-11 19:20:00,4.9834225,2
2000-05-11 19:30:00,4.9036884999999995,2
2000-05-11 19:40:00,3.9800530000000003,2
2000-05-11 19:50:00,3.928386,2
2000-05-11 20:00:00,6.127492999999999,2
2000-05-11 20:10:00,4.9658644999999995,2
2000-05-11 20:20:00,3.874277,2
2000-05-11 20:30:00,4.050739500000001,2
2000-05-11 20:40:00,4.5832675,2
2000-05-11 20:50:00,3.6767380000000003,2
2000-05-11 21:00:00,4.055243000000001,2
2000-05-11 21:10:00,4.432741500000001,2
2000-05-11 21:20:00,4.39788,2
2000-05-11 21:30:00,4.1847155,2
2000-05-11 21:40:00,4.0291655,2
2000-05-11 21:50:00,3.968874,2
2000-05-11 22:00:00,3.815398,2
2000-05-11 22:10:00,3.6520535,2
2000-05-11 22:20:00,3.5140715,2
2000-05-11 22:30:00,3.4125065,2
2000-05-11 22:40:00,3.3113075000000003,2
2000-05-11 22:50:00,3.1532389999999997,2
2000-05-11 23:00:00,3.162877,2
2000-05-11 23:10:00,3.1411915,2
2000-05-11 23:20:00,3.121056,2
2000-05-11 23:30:00,3.0728660000000003,2
2000-05-11 23:40:00,3.154789,2
2000-05-11 23:50:00,3.642263,2
2000-05-12 00:00:00,3.0897325,2
2000-05-12 00:10:00,3.020788,2
2000-05-12 00:20:00,3.0135595,2
2000-05-12 00:30:00,3.0121564999999997,2
2000-05-12 00:40:00,3.0409789999999997,2
2000-05-12 00:50:00,2.9581410000000004,2
2000-05-12 01:00:00,2.9846455,2
2000-05-12 01:10:00,2.9750075000000002,2
2000-05-12 01:20:00,2.840106,2
2000-05-12 01:30:00,2.7380835,2
2000-05-12 01:40:00,2.717524,2
2000-05-12 01:50:00,2.703067,2
2000-05-12 02:00:00,2.9461855,2
2000-05-12 02:10:00,1.705622,2
2000-05-12 02:20:00,1.5433,2
2000-05-12 02:30:00,1.552938,2
2000-05-12 02:40:00,1.577033,2
2000-05-12 02:50:00,1.593869,2
2000-05-12 03:00:00,1.596309,2
2000-05-12 03:10:00,1.5698045,2
2000-05-12 03:20:00,1.4946220000000001,2
2000-05-12 03:30:00,1.2378425000000002,2
2000-05-12 03:40:00,1.1358504999999999,2
2000-05-12 03:50:00,0.9009394999999999,2
2000-05-12 04:00:00,0.8906000000000001,2
2000-05-12 04:10:00,0.8198399999999999,2
2000-05-12 04:20:00,0.7564,2
2000-05-12 04:30:00,0.72712,2
2000-05-12 04:40:00,0.51484,2
2000-05-12 04:50:00,0.46211,2
2000-05-12 05:00:00,1.6683510000000001,2
2000-05-12 05:10:00,1.603312,2
2000-05-12 05:20:00,1.6765120000000002,2
2000-05-12 05:30:00,2.2739515000000003,2
2000-05-12 05:40:00,4.08958,2
2000-05-12 05:50:00,2.921982,2
2000-05-12 06:00:00,3.6524285,2
2000-05-12 06:10:00,2.8629770000000003,2
2000-05-12 06:20:00,2.2395435000000004,2
2000-05-12 06:30:00,0.48556,2
2000-05-12 06:40:00,0.4636,2
2000-05-12 06:50:00,0.34403999999999996,2
2000-05-12 07:00:00,0.4392,2
2000-05-12 07:10:00,0.35868,2
2000-05-12 07:20:00,0.366,2
2000-05-12 07:30:00,0.32208000000000003,2
2000-05-12 07:40:00,0.42211999999999994,2
2000-05-12 07:50:00,0.36356,2
2000-05-12 08:00:00,0.40992,2
2000-05-12 08:10:00,0.48556,2
2000-05-12 08:20:00,0.38308,2
2000-05-12 08:30:00,0.43432,2
2000-05-12 08:40:00,0.35868,2
2000-05-12 08:50:00,0.427,2
2000-05-12 09:00:00,0.41236,2
2000-05-12 09:10:00,0.33672,2
2000-05-12 09:20:00,0.47824,2
2000-05-12 09:30:00,0.4148,2
2000-05-12 09:40:00,0.38064,2
2000-05-12 09:50:00,0.40748,2
2000-05-12 10:00:00,0.38064,2
2000-05-12 10:10:00,0.40504,2
2000-05-12 10:20:00,0.4148,2
2000-05-12 10:30:00,0.38308,2
2000-05-12 10:40:00,0.39772,2
2000-05-12 10:50:00,0.41967999999999994,2
2000-05-12 11:00:00,0.44652,2
2000-05-12 11:10:00,0.35379999999999995,2
2000-05-12 11:20:00,0.40504,2
2000-05-12 11:30:00,0.37332,2
2000-05-12 11:40:00,0.39772,2
2000-05-12 11:50:00,0.43432,2
2000-05-12 12:00:00,0.35623999999999995,2
2000-05-12 12:10:00,0.44895999999999997,2
2000-05-12 12:20:00,0.37332,2
2000-05-12 12:30:00,0.4148,2
2000-05-12 12:40:00,0.32696000000000003,2
2000-05-12 12:50:00,0.43432,2
2000-05-12 13:00:00,0.3782,2
2000-05-12 13:10:00,0.39284,2
2000-05-12 13:20:00,0.39528,2
2000-05-12 13:30:00,0.38552,2
2000-05-12 13:40:00,0.37332,2
2000-05-12 13:50:00,0.35623999999999995,2
2000-05-12 14:00:00,0.47336,2
2000-05-12 14:10:00,0.39528,2
2000-05-12 14:20:00,0.37576,2
2000-05-12 14:30:00,0.39284,2
2000-05-12 14:40:00,0.39772,2
2000-05-12 14:50:00,0.4026,2
2000-05-12 15:00:00,0.35623999999999995,2
2000-05-12 15:10:00,0.38552,2
2000-05-12 15:20:00,0.36844,2
2000-05-12 15:30:00,0.4392,2
2000-05-12 15:40:00,0.35623999999999995,2
2000-05-12 15:50:00,0.38064,2
2000-05-12 16:00:00,0.37576,2
2000-05-12 16:10:00,0.39772,2
2000-05-12 16:20:00,0.46116,2
2000-05-12 16:30:00,0.39528,2
2000-05-12 16:40:00,0.35868,2
2000-05-12 16:50:00,0.366,2
2000-05-12 17:00:00,0.43188,2
2000-05-12 17:10:00,0.35868,2
2000-05-12 17:20:00,0.4636,2
2000-05-12 17:30:00,0.40504,2
2000-05-12 17:40:00,0.34435649999999995,2
2000-05-12 17:50:00,0.0468545,2
2000-05-12 18:00:00,1.3949209999999999,2
2000-05-12 18:10:00,3.2309585,2
2000-05-12 18:20:00,3.8292915,2
2000-05-12 18:30:00,3.5636975,2
2000-05-12 18:40:00,3.5636975,2
2000-05-12 18:50:00,3.5636975,2
2000-05-12 19:00:00,3.5636975,2
2000-05-12 19:10:00,3.931084,2
2000-05-12 19:20:00,4.6857115,2
2000-05-12 19:30:00,4.688121000000001,2
2000-05-12 19:40:00,4.694682500000001,2
2000-05-12 19:50:00,4.7036535,2
2000-05-12 20:00:00,4.701244000000001,2
2000-05-12 20:10:00,4.101795,2
2000-05-12 20:20:00,3.2614675,2
2000-05-12 20:30:00,3.2614675,2
2000-05-12 20:40:00,3.2614675,2
2000-05-12 20:50:00,3.259058,2
2000-05-12 21:00:00,3.2566485,2
2000-05-12 21:10:00,3.2494199999999998,2
2000-05-12 21:20:00,3.233309,2
2000-05-12 21:30:00,3.204395,2
2000-05-12 21:40:00,3.0911485,2
2000-05-12 21:50:00,2.9693620000000003,2
2000-05-12 22:00:00,2.8571220000000004,2
2000-05-12 22:10:00,2.7692820000000005,2
2000-05-12 22:20:00,2.691202,2
2000-05-12 22:30:00,2.627762,2
2000-05-12 22:40:00,2.580616,2
2000-05-12 22:50:00,2.531816,2
2000-05-12 23:00:00,2.490336,2
2000-05-12 23:10:00,2.458616,2
2000-05-12 23:20:00,2.417136,2
2000-05-12 23:30:00,2.313066,2
2000-05-12 23:40:00,2.300866,2
2000-05-12 23:50:00,2.293546,2
2000-05-13 00:00:00,2.271586,2
2000-05-13 00:10:00,2.249626,2
2000-05-13 00:20:00,2.2366125,2
2000-05-13 00:30:00,2.2341725,2
2000-05-13 00:40:00,2.213035,2
2000-05-13 00:50:00,2.200835,2
2000-05-13 01:00:00,2.203275,2
2000-05-13 01:10:00,2.2048740000000002,2
2000-05-13 01:20:00,2.2024340000000002,2
2000-05-13 01:30:00,2.1975540000000002,2
2000-05-13 01:40:00,2.1926740000000002,2
2000-05-13 01:50:00,2.1902340000000002,2
2000-05-13 02:00:00,2.171509,2
2000-05-13 02:10:00,2.178829,2
2000-05-13 02:20:00,2.186149,2
2000-05-13 02:30:00,2.1755205,2
2000-05-13 02:40:00,2.238092,2
2000-05-13 02:50:00,2.257612,2
2000-05-13 03:00:00,2.152692,2
2000-05-13 03:10:00,2.172212,2
2000-05-13 03:20:00,2.186852,2
2000-05-13 03:30:00,2.162452,2
2000-05-13 03:40:00,2.199052,2
2000-05-13 03:50:00,2.184412,2
2000-05-13 04:00:00,2.174652,2
2000-05-13 04:10:00,2.194172,2
2000-05-13 04:20:00,2.186852,2
2000-05-13 04:30:00,2.174652,2
2000-05-13 04:40:00,3.1513160000000005,2
2000-05-13 04:50:00,3.5805825000000002,2
2000-05-13 05:00:00,3.5741310000000004,2
2000-05-13 05:10:00,3.5741310000000004,2
2000-05-13 05:20:00,3.5679160000000003,2
2000-05-13 05:30:00,3.5679160000000003,2
2000-05-13 05:40:00,3.5653200000000003,2
2000-05-13 05:50:00,3.5653200000000003,2
2000-05-13 06:00:00,3.1872225000000003,2
2000-05-13 06:10:00,2.5401860000000003,2
2000-05-13 06:20:00,1.7509580000000002,2
2000-05-13 06:30:00,1.4646720000000002,2
2000-05-13 06:40:00,1.4582480000000002,2
2000-05-13 06:50:00,1.4518240000000002,2
2000-05-13 07:00:00,1.408269,2
2000-05-13 07:10:00,1.01199,2
2000-05-13 07:20:00,1.01199,2
2000-05-13 07:30:00,1.01199,2
2000-05-13 07:40:00,0.992714,2
2000-05-13 07:50:00,0.86132,2
2000-05-13 08:00:00,0.74664,2
2000-05-13 08:10:00,0.27510999999999997,2
2000-05-13 08:20:00,0.0,2
2000-05-13 08:30:00,0.0,2
2000-05-13 08:40:00,0.0,2
2000-05-13 08:50:00,0.0,2
2000-05-13 09:00:00,0.0,2
2000-05-13 09:10:00,0.0,2
2000-05-13 09:20:00,0.0,2
2000-05-13 09:30:00,0.0,2
2000-05-13 09:40:00,0.0,2
2000-05-13 09:50:00,0.0,2
2000-05-13 10:00:00,0.0,2
2000-05-13 10:10:00,0.0,2
2000-05-13 10:20:00,0.0,2
2000-05-13 10:30:00,0.0,2
2000-05-13 10:40:00,0.0,2
2000-05-13 10:50:00,0.0,2
2000-05-13 11:00:00,0.0,2
2000-05-13 11:10:00,0.0,2
2000-05-13 11:20:00,0.0,2
2000-05-13 11:30:00,0.0,2
2000-05-13 11:40:00,0.0,2
2000-05-13 11:50:00,0.0,2
2000-05-13 12:00:00,0.0,2
2000-05-13 12:10:00,0.0,2
2000-05-13 12:20:00,0.0,2
2000-05-13 12:30:00,0.0,2
2000-05-13 12:40:00,0.0,2
2000-05-13 12:50:00,0.0,2
2000-05-13 13:00:00,0.417667,2
2000-05-13 13:10:00,0.5978,2
2000-05-13 13:20:00,0.59536,2
2000-05-13 13:30:00,0.59536,2
2000-05-13 13:40:00,0.5978,2
2000-05-13 13:50:00,0.5978,2
2000-05-13 14:00:00,0.60024,2
2000-05-13 14:10:00,0.60268,2
2000-05-13 14:20:00,0.60512,2
2000-05-13 14:30:00,0.60756,2
2000-05-13 14:40:00,0.61,2
2000-05-13 14:50:00,0.61244,2
2000-05-13 15:00:00,0.61244,2
2000-05-13 15:10:00,0.61732,2
2000-05-13 15:20:00,0.6222,2
2000-05-13 15:30:00,0.6222,2
2000-05-13 15:40:00,0.61732,2
2000-05-13 15:50:00,0.60024,2
2000-05-13 16:00:00,0.56364,2
2000-05-13 16:10:00,0.55144,2
2000-05-13 16:20:00,0.54656,2
2000-05-13 16:30:00,0.55388,2
2000-05-13 16:40:00,0.55876,2
2000-05-13 16:50:00,0.410103,2
2000-05-13 17:00:00,0.0,2
2000-05-13 17:10:00,0.0,2
2000-05-13 17:20:00,0.0,2
2000-05-13 17:30:00,0.0,2
2000-05-13 17:40:00,0.0,2
2000-05-13 17:50:00,0.829818,2
2000-05-13 18:00:00,1.9682520000000001,2
2000-05-13 18:10:00,3.577343,2
2000-05-13 18:20:00,4.2060205,2
2000-05-13 18:30:00,5.402095,2
2000-05-13 18:40:00,6.224979,2
2000-05-13 18:50:00,6.239365,2
2000-05-13 19:00:00,6.2971715,2
2000-05-13 19:10:00,6.3119365,2
2000-05-13 19:20:00,6.2788515,2
2000-05-13 19:30:00,5.588167,2
2000-05-13 19:40:00,5.463666,2
2000-05-13 19:50:00,5.6949165,2
2000-05-13 20:00:00,5.608785,2
2000-05-13 20:10:00,5.544613,2
2000-05-13 20:20:00,5.7634015000000005,2
2000-05-13 20:30:00,5.448131,2
2000-05-13 20:40:00,5.709255,2
2000-05-13 20:50:00,5.6134635,2
2000-05-13 21:00:00,5.849607499999999,2
2000-05-13 21:10:00,5.8678930000000005,2
2000-05-13 21:20:00,5.869455,2
2000-05-13 21:30:00,6.056649500000001,2
2000-05-13 21:40:00,6.403592500000001,2
2000-05-13 21:50:00,6.321582,2
2000-05-13 22:00:00,5.716870500000001,2
2000-05-13 22:10:00,4.488938000000001,2
2000-05-13 22:20:00,4.568138,2
2000-05-13 22:30:00,4.550549500000001,2
2000-05-13 22:40:00,4.534356000000001,2
2000-05-13 22:50:00,4.527127500000001,2
2000-05-13 23:00:00,5.5097075,2
2000-05-13 23:10:00,5.8667165,2
2000-05-13 23:20:00,6.039258,2
2000-05-13 23:30:00,5.430846000000001,2
2000-05-13 23:40:00,4.489585,2
2000-05-13 23:50:00,5.281933500000001,2
2000-05-14 00:00:00,5.367871000000001,2
2000-05-14 00:10:00,6.28643,2
2000-05-14 00:20:00,6.170475499999999,2
2000-05-14 00:30:00,5.036107,2
2000-05-14 00:40:00,3.7518290000000003,2
2000-05-14 00:50:00,4.025767,2
2000-05-14 01:00:00,3.8113365,2
2000-05-14 01:10:00,3.6915225,2
2000-05-14 01:20:00,3.6501114999999995,2
2000-05-14 01:30:00,3.6076555,2
2000-05-14 01:40:00,3.499563,2
2000-05-14 01:50:00,3.351619,2
2000-05-14 02:00:00,3.2304310000000003,2
2000-05-14 02:10:00,3.1161285000000003,2
2000-05-14 02:20:00,3.0448195,2
2000-05-14 02:30:00,2.8871535,2
2000-05-14 02:40:00,2.9587065,2
2000-05-14 02:50:00,2.95221,2
2000-05-14 03:00:00,2.9321295,2
2000-05-14 03:10:00,2.9939720000000003,2
2000-05-14 03:20:00,2.9144585000000003,2
2000-05-14 03:30:00,2.928922,2
2000-05-14 03:40:00,3.0357719999999997,2
2000-05-14 03:50:00,2.9610774999999996,2
2000-05-14 04:00:00,2.9514394999999998,2
2000-05-14 04:10:00,2.9715475,2
2000-05-14 04:20:00,2.9016719999999996,2
2000-05-14 04:30:00,4.073576,2
2000-05-14 04:40:00,4.223337,2
2000-05-14 04:50:00,4.1267375,2
2000-05-14 05:00:00,4.188464,2
2000-05-14 05:10:00,4.118534,2
2000-05-14 05:20:00,4.745765,2
2000-05-14 05:30:00,5.586655,2
2000-05-14 05:40:00,5.085266000000001,2
2000-05-14 05:50:00,5.1300825,2
2000-05-14 06:00:00,3.6368115,2
2000-05-14 06:10:00,2.5231265,2
2000-05-14 06:20:00,1.5649855000000001,2
2000-05-14 06:30:00,1.5550655,2
2000-05-14 06:40:00,1.5698045,2
2000-05-14 06:50:00,1.5721835,2
2000-05-14 07:00:00,1.5721835,2
2000-05-14 07:10:00,1.5746235,2
2000-05-14 07:20:00,1.572214,2
2000-05-14 07:30:00,1.7553665,2
2000-05-14 07:40:00,2.4531455,2
2000-05-14 07:50:00,2.299212,2
2000-05-14 08:00:00,1.494561,2
2000-05-14 08:10:00,0.810446,2
2000-05-14 08:20:00,0.523232,2
2000-05-14 08:30:00,0.79544,2
2000-05-14 08:40:00,0.0,2
2000-05-14 08:50:00,0.0,2
2000-05-14 09:00:00,0.0,2
2000-05-14 09:10:00,0.034099000000000004,2
2000-05-14 09:20:00,0.9035625,2
2000-05-14 09:30:00,0.901153,2
2000-05-14 09:40:00,0.9035625,2
2000-05-14 09:50:00,0.031476000000000004,2
2000-05-14 10:00:00,1.2669445,2
2000-05-14 10:10:00,1.446676,2
2000-05-14 10:20:00,1.5147825000000001,2
2000-05-14 10:30:00,1.358409,2
2000-05-14 10:40:00,1.5288735,2
2000-05-14 10:50:00,1.59698,2
2000-05-14 11:00:00,1.5993285000000002,2
2000-05-14 11:10:00,1.5993285000000002,2
2000-05-14 11:20:00,1.6040255,2
2000-05-14 11:30:00,1.6110710000000001,2
2000-05-14 11:40:00,1.410747,2
2000-05-14 11:50:00,1.1228879999999999,2
2000-05-14 12:00:00,1.125267,2
2000-05-14 12:10:00,1.1421029999999999,2
2000-05-14 12:20:00,1.127646,2
2000-05-14 12:30:00,1.122827,2
2000-05-14 12:40:00,0.901641,2
2000-05-14 12:50:00,0.887367,2
2000-05-14 13:00:00,0.884988,2
2000-05-14 13:10:00,0.882609,2
2000-05-14 13:20:00,0.884988,2
2000-05-14 13:30:00,0.8921250000000001,2
2000-05-14 13:40:00,0.8921250000000001,2
2000-05-14 13:50:00,0.8921250000000001,2
2000-05-14 14:00:00,0.8921250000000001,2
2000-05-14 14:10:00,0.8921250000000001,2
2000-05-14 14:20:00,0.7493545,2
2000-05-14 14:30:00,0.7059835,2
2000-05-14 14:40:00,0.7059835,2
2000-05-14 14:50:00,0.7059835,2
2000-05-14 15:00:00,0.7035739999999999,2
2000-05-14 15:10:00,0.7035739999999999,2
2000-05-14 15:20:00,0.7011645,2
2000-05-14 15:30:00,0.7011645,2
2000-05-14 15:40:00,0.7011645,2
2000-05-14 15:50:00,0.7011645,2
2000-05-14 16:00:00,0.7011645,2
2000-05-14 16:10:00,0.7011645,2
2000-05-14 16:20:00,0.7011645,2
2000-05-14 16:30:00,0.6939359999999999,2
2000-05-14 16:40:00,0.5830989999999999,2
2000-05-14 16:50:00,0.467443,2
2000-05-14 17:00:00,0.197457,2
2000-05-14 17:10:00,0.0,2
2000-05-14 17:20:00,0.0,2
2000-05-14 17:30:00,0.0,2
2000-05-14 17:40:00,0.0,2
2000-05-14 17:50:00,0.6439345,2
2000-05-14 18:00:00,4.3545825,2
2000-05-14 18:10:00,5.4090565,2
2000-05-14 18:20:00,5.667845,2
2000-05-14 18:30:00,5.663026,2
2000-05-14 18:40:00,5.6559859999999995,2
2000-05-14 18:50:00,5.5565295,2
2000-05-14 19:00:00,5.4643060000000006,2
2000-05-14 19:10:00,5.406793500000001,2
2000-05-14 19:20:00,5.4707025,2
2000-05-14 19:30:00,5.4755825,2
2000-05-14 19:40:00,5.4780225,2
2000-05-14 19:50:00,4.8248175,2
2000-05-14 20:00:00,4.8222555,2
2000-05-14 20:10:00,4.713793,2
2000-05-14 20:20:00,4.5555985,2
2000-05-14 20:30:00,4.543551,2
2000-05-14 20:40:00,4.533913,2
2000-05-14 20:50:00,4.524275,2
2000-05-14 21:00:00,4.518789,2
2000-05-14 21:10:00,4.770868500000001,2
2000-05-14 21:20:00,5.711134500000001,2
2000-05-14 21:30:00,3.7163380000000004,2
2000-05-14 21:40:00,3.593412,2
2000-05-14 21:50:00,3.591184,2
2000-05-14 22:00:00,3.5927615,2
2000-05-14 22:10:00,3.571503,2
2000-05-14 22:20:00,3.4919589999999996,2
2000-05-14 22:30:00,3.3848125000000002,2
2000-05-14 22:40:00,3.3403869999999998,2
2000-05-14 22:50:00,3.330749,2
2000-05-14 23:00:00,3.32748,2
2000-05-14 23:10:00,3.3178115000000004,2
2000-05-14 23:20:00,3.3081734999999997,2
2000-05-14 23:30:00,3.2937164999999995,2
2000-05-14 23:40:00,3.27929,2
2000-05-14 23:50:00,3.264833,2
2000-05-15 00:00:00,2.9412745,2
2000-05-15 00:10:00,2.8304375,2
2000-05-15 00:20:00,2.8256185,2
2000-05-15 00:30:00,2.8207995,2
2000-05-15 00:40:00,2.8257405,2
2000-05-15 00:50:00,2.8159805,2
2000-05-15 01:00:00,2.865693,2
2000-05-15 01:10:00,3.149773,2
2000-05-15 01:20:00,1.9534575000000003,2
2000-05-15 01:30:00,1.6625549999999998,2
2000-05-15 01:40:00,1.780819,2
2000-05-15 01:50:00,1.6481065,2
2000-05-15 02:00:00,1.503528,2
2000-05-15 02:10:00,1.3271769999999998,2
2000-05-15 02:20:00,1.214937,2
2000-05-15 02:30:00,1.114897,2
2000-05-15 02:40:00,1.0392569999999999,2
2000-05-15 02:50:00,0.9806969999999999,2
2000-05-15 03:00:00,0.8861165,2
2000-05-15 03:10:00,0.71248,2
2000-05-15 03:20:00,0.57584,2
2000-05-15 03:30:00,0.5367999999999999,2
2000-05-15 03:40:00,0.22936,2
2000-05-15 03:50:00,0.40991999999999995,2
2000-05-15 04:00:00,0.30743999999999994,2
2000-05-15 04:10:00,0.27816,2
2000-05-15 04:20:00,0.305,2
2000-05-15 04:30:00,0.39283999999999997,2
2000-05-15 04:40:00,0.35868,2
2000-05-15 04:50:00,0.72468,2
2000-05-15 05:00:00,1.1299945,2
2000-05-15 05:10:00,1.1129145,2
2000-05-15 05:20:00,1.1007145,2
2000-05-15 05:30:00,1.1251145,2
2000-05-15 05:40:00,1.0982745,2
2000-05-15 05:50:00,1.112884,2
2000-05-15 06:00:00,2.1933085,2
2000-05-15 06:10:00,2.1252375000000003,2
2000-05-15 06:20:00,1.112884,2
2000-05-15 06:30:00,1.093364,2
2000-05-15 06:40:00,1.0933335,2
2000-05-15 06:50:00,1.081164,2
2000-05-15 07:00:00,1.0506335,2
2000-05-15 07:10:00,0.949343,2
2000-05-15 07:20:00,0.9517525,2
2000-05-15 07:30:00,0.9541620000000001,2
2000-05-15 07:40:00,0.96624,2
2000-05-15 07:50:00,0.96868,2
2000-05-15 08:00:00,0.99796,2
2000-05-15 08:10:00,0.99552,2
2000-05-15 08:20:00,0.340746,2
2000-05-15 08:30:00,0.0,2
2000-05-15 08:40:00,0.0,2
2000-05-15 08:50:00,0.0,2
2000-05-15 09:00:00,0.0,2
2000-05-15 09:10:00,0.0,2
2000-05-15 09:20:00,0.0,2
2000-05-15 09:30:00,0.0,2
2000-05-15 09:40:00,0.0,2
2000-05-15 09:50:00,0.0,2
2000-05-15 10:00:00,0.0,2
2000-05-15 10:10:00,0.0,2
2000-05-15 10:20:00,0.0,2
2000-05-15 10:30:00,0.0,2
2000-05-15 10:40:00,0.0,2
2000-05-15 10:50:00,0.0,2
2000-05-15 11:00:00,0.0,2
2000-05-15 11:10:00,0.0,2
2000-05-15 11:20:00,0.0,2
2000-05-15 11:30:00,0.0,2
2000-05-15 11:40:00,0.0,2
2000-05-15 11:50:00,0.0,2
2000-05-15 12:00:00,0.0,2
2000-05-15 12:10:00,0.0,2
2000-05-15 12:20:00,0.0,2
2000-05-15 12:30:00,0.0,2
2000-05-15 12:40:00,0.0,2
2000-05-15 12:50:00,0.0,2
2000-05-15 13:00:00,0.0,2
2000-05-15 13:10:00,0.0,2
2000-05-15 13:20:00,0.0,2
2000-05-15 13:30:00,0.0,2
2000-05-15 13:40:00,0.0,2
2000-05-15 13:50:00,0.0,2
2000-05-15 14:00:00,0.0,2
2000-05-15 14:10:00,0.0,2
2000-05-15 14:20:00,0.013981,2
2000-05-15 14:30:00,0.0,2
2000-05-15 14:40:00,0.0,2
2000-05-15 14:50:00,0.0,2
2000-05-15 15:00:00,0.0,2
2000-05-15 15:10:00,0.0,2
2000-05-15 15:20:00,0.0,2
2000-05-15 15:30:00,0.0,2
2000-05-15 15:40:00,0.0,2
2000-05-15 15:50:00,0.0,2
2000-05-15 16:00:00,0.0,2
2000-05-15 16:10:00,0.0,2
2000-05-15 16:20:00,0.0,2
2000-05-15 16:30:00,0.0,2
2000-05-15 16:40:00,0.0,2
2000-05-15 16:50:00,0.884439,2
2000-05-15 17:00:00,1.296311,2
2000-05-15 17:10:00,1.2987205000000002,2
2000-05-15 17:20:00,1.3011300000000001,2
2000-05-15 17:30:00,1.276313,2
2000-05-15 17:40:00,1.25294,2
2000-05-15 17:50:00,1.4789885,2
2000-05-15 18:00:00,2.5295285000000005,2
2000-05-15 18:10:00,3.2615120000000006,2
2000-05-15 18:20:00,3.2932320000000006,2
2000-05-15 18:30:00,3.2981120000000006,2
2000-05-15 18:40:00,3.2981120000000006,2
2000-05-15 18:50:00,3.3005520000000006,2
2000-05-15 19:00:00,3.3005520000000006,2
2000-05-15 19:10:00,3.3005520000000006,2
2000-05-15 19:20:00,3.3165845000000003,2
2000-05-15 19:30:00,3.4261929999999996,2
2000-05-15 19:40:00,3.459926,2
2000-05-15 19:50:00,2.9335545,2
2000-05-15 20:00:00,2.1754439999999997,2
2000-05-15 20:10:00,1.457456,2
2000-05-15 20:20:00,1.457456,2
2000-05-15 20:30:00,1.457456,2
2000-05-15 20:40:00,2.0468254999999997,2
2000-05-15 20:50:00,2.4373095,2
2000-05-15 21:00:00,2.425262,2
2000-05-15 21:10:00,2.3619440000000003,2
2000-05-15 21:20:00,2.2863040000000003,2
2000-05-15 21:30:00,2.1139180000000004,2
2000-05-15 21:40:00,1.4515875,2
2000-05-15 21:50:00,1.4515875,2
2000-05-15 22:00:00,1.4515875,2
2000-05-15 22:10:00,1.4515875,2
2000-05-15 22:20:00,1.4515875,2
2000-05-15 22:30:00,0.058806,2
2000-05-15 22:40:00,0.0,2
2000-05-15 22:50:00,0.0,2
2000-05-15 23:00:00,0.0,2
2000-05-15 23:10:00,0.0,2
2000-05-15 23:20:00,0.0,2
2000-05-15 23:30:00,0.0,2
2000-05-15 23:40:00,0.0,2
2000-05-15 23:50:00,0.0,2
2000-05-16 00:00:00,0.0,2
2000-05-16 00:10:00,0.0,2
2000-05-16 00:20:00,0.0,2
2000-05-16 00:30:00,0.0,2
2000-05-16 00:40:00,0.0,2
2000-05-16 00:50:00,0.0,2
2000-05-16 01:00:00,0.0,2
2000-05-16 01:10:00,0.0,2
2000-05-16 01:20:00,0.0,2
2000-05-16 01:30:00,0.0,2
2000-05-16 01:40:00,0.0,2
2000-05-16 01:50:00,0.0,2
2000-05-16 02:00:00,0.0,2
2000-05-16 02:10:00,0.0,2
2000-05-16 02:20:00,0.0,2
2000-05-16 02:30:00,0.0,2
2000-05-16 02:40:00,0.0,2
2000-05-16 02:50:00,0.0,2
2000-05-16 03:00:00,0.0,2
2000-05-16 03:10:00,0.0,2
2000-05-16 03:20:00,0.0,2
2000-05-16 03:30:00,0.0,2
2000-05-16 03:40:00,0.0,2
2000-05-16 03:50:00,0.0,2
2000-05-16 04:00:00,0.0,2
2000-05-16 04:10:00,0.0,2
2000-05-16 04:20:00,0.0,2
2000-05-16 04:30:00,0.0,2
2000-05-16 04:40:00,0.0,2
2000-05-16 04:50:00,0.0,2
2000-05-16 05:00:00,0.0,2
2000-05-16 05:10:00,0.0,2
2000-05-16 05:20:00,0.0,2
2000-05-16 05:30:00,0.0,2
2000-05-16 05:40:00,0.0,2
2000-05-16 05:50:00,0.0,2
2000-05-16 06:00:00,0.0,2
2000-05-16 06:10:00,0.0,2
2000-05-16 06:20:00,0.0,2
2000-05-16 06:30:00,0.0,2
2000-05-16 06:40:00,0.0,2
2000-05-16 06:50:00,0.0,2
2000-05-16 07:00:00,0.0,2
2000-05-16 07:10:00,0.10248,2
2000-05-16 07:20:00,1.0047614999999999,2
2000-05-16 07:30:00,0.88084,2
2000-05-16 07:40:00,1.007171,2
2000-05-16 07:50:00,0.80032,2
2000-05-16 08:00:00,0.992714,2
2000-05-16 08:10:00,1.0047614999999999,2
2000-05-16 08:20:00,1.0248,2
2000-05-16 08:30:00,1.03212,2
2000-05-16 08:40:00,1.037,2
2000-05-16 08:50:00,1.037,2
2000-05-16 09:00:00,1.04188,2
2000-05-16 09:10:00,1.04676,2
2000-05-16 09:20:00,1.04432,2
2000-05-16 09:30:00,1.04676,2
2000-05-16 09:40:00,1.04676,2
2000-05-16 09:50:00,1.04676,2
2000-05-16 10:00:00,1.0492,2
2000-05-16 10:10:00,1.0492,2
2000-05-16 10:20:00,1.05164,2
2000-05-16 10:30:00,1.0492,2
2000-05-16 10:40:00,1.0492,2
2000-05-16 10:50:00,1.04432,2
2000-05-16 11:00:00,1.03944,2
2000-05-16 11:10:00,1.02968,2
2000-05-16 11:20:00,0.96868,2
2000-05-16 11:30:00,0.99552,2
2000-05-16 11:40:00,1.21756,2
2000-05-16 11:50:00,1.2078,2
2000-05-16 12:00:00,1.1712,2
2000-05-16 12:10:00,1.13216,2
2000-05-16 12:20:00,1.0809199999999999,2
2000-05-16 12:30:00,1.0492,2
2000-05-16 12:40:00,0.655262,2
2000-05-16 12:50:00,0.0,2
2000-05-16 13:00:00,0.0,2
2000-05-16 13:10:00,0.0,2
2000-05-16 13:20:00,0.0,2
2000-05-16 13:30:00,0.4817475,2
2000-05-16 13:40:00,0.56852,2
2000-05-16 13:50:00,0.39284,2
2000-05-16 14:00:00,0.30988,2
2000-05-16 14:10:00,0.2196,2
2000-05-16 14:20:00,0.09028,2
2000-05-16 14:30:00,0.30988,2
2000-05-16 14:40:00,0.32208000000000003,2
2000-05-16 14:50:00,0.122,2
2000-05-16 15:00:00,0.10248,2
2000-05-16 15:10:00,0.08296,2
2000-05-16 15:20:00,0.08052000000000001,2
2000-05-16 15:30:00,0.08296,2
2000-05-16 15:40:00,0.08296,2
2000-05-16 15:50:00,0.08296,2
2000-05-16 16:00:00,0.0854,2
2000-05-16 16:10:00,0.08296,2
2000-05-16 16:20:00,0.1341695,2
2000-05-16 16:30:00,0.0,2
2000-05-16 16:40:00,0.0,2
2000-05-16 16:50:00,0.0,2
2000-05-16 17:00:00,0.0,2
2000-05-16 17:10:00,0.0,2
2000-05-16 17:20:00,0.0,2
2000-05-16 17:30:00,0.0,2
2000-05-16 17:40:00,0.539946,2
2000-05-16 17:50:00,1.457456,2
2000-05-16 18:00:00,1.8270779999999998,2
2000-05-16 18:10:00,2.5160850000000003,2
2000-05-16 18:20:00,2.5160850000000003,2
2000-05-16 18:30:00,3.4947045,2
2000-05-16 18:40:00,3.537862,2
2000-05-16 18:50:00,3.2642990000000003,2
2000-05-16 19:00:00,2.5160850000000003,2
2000-05-16 19:10:00,2.5160850000000003,2
2000-05-16 19:20:00,2.5160850000000003,2
2000-05-16 19:30:00,2.5160850000000003,2
2000-05-16 19:40:00,2.5160850000000003,2
2000-05-16 19:50:00,2.5160850000000003,2
2000-05-16 20:00:00,2.3031855,2
2000-05-16 20:10:00,1.457456,2
2000-05-16 20:20:00,1.457456,2
2000-05-16 20:30:00,1.457456,2
2000-05-16 20:40:00,1.457456,2
2000-05-16 20:50:00,1.457456,2
2000-05-16 21:00:00,1.457456,2
2000-05-16 21:10:00,1.457456,2
2000-05-16 21:20:00,1.457456,2
2000-05-16 21:30:00,1.4512960000000001,2
2000-05-16 21:40:00,1.4512960000000001,2
2000-05-16 21:50:00,1.4512960000000001,2
2000-05-16 22:00:00,1.4512960000000001,2
2000-05-16 22:10:00,1.4512960000000001,2
2000-05-16 22:20:00,1.4512960000000001,2
2000-05-16 22:30:00,1.457775,2
2000-05-16 22:40:00,1.457775,2
2000-05-16 22:50:00,1.457775,2
2000-05-16 23:00:00,1.457775,2
2000-05-16 23:10:00,1.457775,2
2000-05-16 23:20:00,1.457775,2
2000-05-16 23:30:00,1.4515875,2
2000-05-16 23:40:00,1.4515875,2
2000-05-16 23:50:00,1.4515875,2
2000-05-17 00:00:00,1.4515875,2
2000-05-17 00:10:00,1.4515875,2
2000-05-17 00:20:00,1.458039,2
2000-05-17 00:30:00,1.1677215,2
2000-05-17 00:40:00,0.00244,2
2000-05-17 00:50:00,0.00244,2
2000-05-17 01:00:00,0.0,2
2000-05-17 01:10:00,0.0,2
2000-05-17 01:20:00,0.0,2
2000-05-17 01:30:00,0.0,2
2000-05-17 01:40:00,0.0,2
2000-05-17 01:50:00,0.0,2
2000-05-17 02:00:00,0.0025315,2
2000-05-17 02:10:00,0.0,2
2000-05-17 02:20:00,0.0,2
2000-05-17 02:30:00,0.0,2
2000-05-17 02:40:00,0.0,2
2000-05-17 02:50:00,0.0,2
2000-05-17 03:00:00,0.0,2
2000-05-17 03:10:00,0.0,2
2000-05-17 03:20:00,0.0,2
2000-05-17 03:30:00,0.0,2
2000-05-17 03:40:00,0.0,2
2000-05-17 03:50:00,0.0,2
2000-05-17 04:00:00,0.0,2
2000-05-17 04:10:00,0.0,2
2000-05-17 04:20:00,0.0,2
2000-05-17 04:30:00,0.0,2
2000-05-17 04:40:00,0.0,2
2000-05-17 04:50:00,0.0,2
2000-05-17 05:00:00,0.0,2
2000-05-17 05:10:00,0.2407405,2
2000-05-17 05:20:00,1.4710960000000002,2
2000-05-17 05:30:00,1.458402,2
2000-05-17 05:40:00,1.458402,2
2000-05-17 05:50:00,1.665924,2
2000-05-17 06:00:00,1.8446099999999999,2
2000-05-17 06:10:00,0.9999425,2
2000-05-17 06:20:00,0.9975329999999999,2
2000-05-17 06:30:00,0.9999425,2
2000-05-17 06:40:00,0.9999425,2
2000-05-17 06:50:00,0.9975329999999999,2
2000-05-17 07:00:00,0.9999425,2
2000-05-17 07:10:00,0.9276575,2
2000-05-17 07:20:00,0.881877,2
2000-05-17 07:30:00,0.8954799999999999,2
2000-05-17 07:40:00,0.8842865,2
2000-05-17 07:50:00,0.8842865,2
2000-05-17 08:00:00,0.86742,2
2000-05-17 08:10:00,0.622749,2
2000-05-17 08:20:00,0.9999425,2
2000-05-17 08:30:00,1.002352,2
2000-05-17 08:40:00,0.9999425,2
2000-05-17 08:50:00,0.9999425,2
2000-05-17 09:00:00,0.9999425,2
2000-05-17 09:10:00,0.9999425,2
2000-05-17 09:20:00,0.9999425,2
2000-05-17 09:30:00,1.01016,2
2000-05-17 09:40:00,1.00528,2
2000-05-17 09:50:00,0.8954799999999999,2
2000-05-17 10:00:00,0.8954799999999999,2
2000-05-17 10:10:00,0.89304,2
2000-05-17 10:20:00,0.89304,2
2000-05-17 10:30:00,0.89304,2
2000-05-17 10:40:00,0.8954799999999999,2
2000-05-17 10:50:00,0.89304,2
2000-05-17 11:00:00,0.89304,2
2000-05-17 11:10:00,0.89304,2
2000-05-17 11:20:00,0.8954799999999999,2
2000-05-17 11:30:00,0.8954799999999999,2
2000-05-17 11:40:00,0.8954799999999999,2
2000-05-17 11:50:00,0.89304,2
2000-05-17 12:00:00,0.8954799999999999,2
2000-05-17 12:10:00,0.89304,2
2000-05-17 12:20:00,0.8954799999999999,2
2000-05-17 12:30:00,0.5877349999999999,2
2000-05-17 12:40:00,1.0126,2
2000-05-17 12:50:00,1.0126,2
2000-05-17 13:00:00,1.0126,2
2000-05-17 13:10:00,1.0126,2
2000-05-17 13:20:00,1.0126,2
2000-05-17 13:30:00,0.602741,2
2000-05-17 13:40:00,0.0,2
2000-05-17 13:50:00,0.0,2
2000-05-17 14:00:00,0.0,2
2000-05-17 14:10:00,0.47592199999999996,2
2000-05-17 14:20:00,1.03944,2
2000-05-17 14:30:00,1.460157,2
2000-05-17 14:40:00,1.11508,2
2000-05-17 14:50:00,1.484252,2
2000-05-17 15:00:00,1.484252,2
2000-05-17 15:10:00,1.4866614999999999,2
2000-05-17 15:20:00,1.484252,2
2000-05-17 15:30:00,1.484252,2
2000-05-17 15:40:00,1.4866614999999999,2
2000-05-17 15:50:00,1.489071,2
2000-05-17 16:00:00,1.489071,2
2000-05-17 16:10:00,1.426424,2
2000-05-17 16:20:00,1.436062,2
2000-05-17 16:30:00,1.3372725,2
2000-05-17 16:40:00,1.3661865,2
2000-05-17 16:50:00,1.3902815,2
2000-05-17 17:00:00,1.3541390000000002,2
2000-05-17 17:10:00,1.3710054999999999,2
2000-05-17 17:20:00,1.3975099999999998,2
2000-05-17 17:30:00,1.3951004999999999,2
2000-05-17 17:40:00,1.3951004999999999,2
2000-05-17 17:50:00,1.392691,2
2000-05-17 18:00:00,2.2362835,2
2000-05-17 18:10:00,3.3087315,2
2000-05-17 18:20:00,2.6421815,2
2000-05-17 18:30:00,2.2326240000000004,2
2000-05-17 18:40:00,2.2326240000000004,2
2000-05-17 18:50:00,2.223969,2
2000-05-17 19:00:00,2.2303655,2
2000-05-17 19:10:00,2.229442,2
2000-05-17 19:20:00,2.223172,2
2000-05-17 19:30:00,1.4518240000000002,2
2000-05-17 19:40:00,1.4518240000000002,2
2000-05-17 19:50:00,1.4518240000000002,2
2000-05-17 20:00:00,1.4518240000000002,2
2000-05-17 20:10:00,1.4518240000000002,2
2000-05-17 20:20:00,1.4518240000000002,2
2000-05-17 20:30:00,1.4518240000000002,2
2000-05-17 20:40:00,1.4518240000000002,2
2000-05-17 20:50:00,1.445609,2
2000-05-17 21:00:00,1.445609,2
2000-05-17 21:10:00,1.445609,2
2000-05-17 21:20:00,1.9504990000000002,2
2000-05-17 21:30:00,2.375161,2
2000-05-17 21:40:00,2.4243704999999998,2
2000-05-17 21:50:00,2.4331215,2
2000-05-17 22:00:00,2.439463,2
2000-05-17 22:10:00,2.4243704999999998,2
2000-05-17 22:20:00,2.4545554999999997,2
2000-05-17 22:30:00,2.4458045,2
2000-05-17 22:40:00,2.455837,2
2000-05-17 22:50:00,2.455837,2
2000-05-17 23:00:00,2.42574,2
2000-05-17 23:10:00,2.455837,2
2000-05-17 23:20:00,2.455837,2
2000-05-17 23:30:00,2.4131009999999997,2
2000-05-17 23:40:00,2.3805945,2
2000-05-17 23:50:00,2.404372,2
2000-05-18 00:00:00,2.455837,2
2000-05-18 00:10:00,2.449512,2
2000-05-18 00:20:00,2.4533945,2
2000-05-18 00:30:00,2.4471024999999997,2
2000-05-18 00:40:00,2.4422835,2
2000-05-18 00:50:00,2.4485755,2
2000-05-18 01:00:00,2.446166,2
2000-05-18 01:10:00,2.437404,2
2000-05-18 01:20:00,2.441259,2
2000-05-18 01:30:00,2.441259,2
2000-05-18 01:40:00,2.4388495,2
2000-05-18 01:50:00,2.4314780000000003,2
2000-05-18 02:00:00,2.4228315,2
2000-05-18 02:10:00,2.4256675000000003,2
2000-05-18 02:20:00,2.4160295,2
2000-05-18 02:30:00,2.4047755000000004,2
2000-05-18 02:40:00,2.3937470000000003,2
2000-05-18 02:50:00,2.392728,2
2000-05-18 03:00:00,2.3876560000000002,2
2000-05-18 03:10:00,2.3804275,2
2000-05-18 03:20:00,2.3667365,2
2000-05-18 03:30:00,2.364327,2
2000-05-18 03:40:00,2.3629915,2
2000-05-18 03:50:00,2.3495345,2
2000-05-18 04:00:00,2.3569695,2
2000-05-18 04:10:00,2.343196,2
2000-05-18 04:20:00,2.335816,2
2000-05-18 04:30:00,2.3392185,2
2000-05-18 04:40:00,2.3343995,2
2000-05-18 04:50:00,1.9588449999999997,2
2000-05-18 05:00:00,1.4484119999999998,2
2000-05-18 05:10:00,1.4606659999999998,2
2000-05-18 05:20:00,1.454121,2
2000-05-18 05:30:00,2.105613,2
2000-05-18 05:40:00,2.3625605,2
2000-05-18 05:50:00,1.9115609999999998,2
2000-05-18 06:00:00,0.934886,2
2000-05-18 06:10:00,0.105042,2
2000-05-18 06:20:00,0.0,2
2000-05-18 06:30:00,0.0,2
2000-05-18 06:40:00,0.0,2
2000-05-18 06:50:00,0.0,2
2000-05-18 07:00:00,0.0,2
2000-05-18 07:10:00,0.0,2
2000-05-18 07:20:00,0.0,2
2000-05-18 07:30:00,0.75884,2
2000-05-18 07:40:00,0.9975329999999999,2
2000-05-18 07:50:00,0.9999425,2
2000-05-18 08:00:00,1.0095805,2
2000-05-18 08:10:00,0.8954799999999999,2
2000-05-18 08:20:00,0.61976,2
2000-05-18 08:30:00,0.31232,2
2000-05-18 08:40:00,0.45383999999999997,2
2000-05-18 08:50:00,0.34891999999999995,2
2000-05-18 09:00:00,0.26352,2
2000-05-18 09:10:00,0.20008,2
2000-05-18 09:20:00,0.14884,2
2000-05-18 09:30:00,0.0,2
2000-05-18 09:40:00,0.00732,2
2000-05-18 09:50:00,0.056119999999999996,2
2000-05-18 10:00:00,0.04636,2
2000-05-18 10:10:00,0.01708,2
2000-05-18 10:20:00,0.03416,2
2000-05-18 10:30:00,0.01952,2
2000-05-18 10:40:00,0.86376,2
2000-05-18 10:50:00,0.94428,2
2000-05-18 11:00:00,0.94672,2
2000-05-18 11:10:00,0.95648,2
2000-05-18 11:20:00,0.95892,2
2000-05-18 11:30:00,0.94672,2
2000-05-18 11:40:00,0.95648,2
2000-05-18 11:50:00,0.94672,2
2000-05-18 12:00:00,0.94916,2
2000-05-18 12:10:00,0.95892,2
2000-05-18 12:20:00,0.37576,2
2000-05-18 12:30:00,0.1210545,2
2000-05-18 12:40:00,0.77836,2
2000-05-18 12:50:00,0.99796,2
2000-05-18 13:00:00,0.9906400000000001,2
2000-05-18 13:10:00,1.00772,2
2000-05-18 13:20:00,0.99552,2
2000-05-18 13:30:00,1.00772,2
2000-05-18 13:40:00,1.0004,2
2000-05-18 13:50:00,1.00528,2
2000-05-18 14:00:00,1.01016,2
2000-05-18 14:10:00,0.99796,2
2000-05-18 14:20:00,0.93696,2
2000-05-18 14:30:00,0.99796,2
2000-05-18 14:40:00,0.79788,2
2000-05-18 14:50:00,0.66612,2
2000-05-18 15:00:00,0.92476,2
2000-05-18 15:10:00,1.05896,2
2000-05-18 15:20:00,1.05896,2
2000-05-18 15:30:00,1.05164,2
2000-05-18 15:40:00,1.0492,2
2000-05-18 15:50:00,1.0492,2
2000-05-18 16:00:00,1.04432,2
2000-05-18 16:10:00,1.04432,2
2000-05-18 16:20:00,1.037,2
2000-05-18 16:30:00,1.03944,2
2000-05-18 16:40:00,1.02724,2
2000-05-18 16:50:00,1.03212,2
2000-05-18 17:00:00,1.02236,2
2000-05-18 17:10:00,1.01016,2
2000-05-18 17:20:00,1.0248,2
2000-05-18 17:30:00,1.0248,2
2000-05-18 17:40:00,1.02724,2
2000-05-18 17:50:00,2.290328,2
2000-05-18 18:00:00,3.1076325000000002,2
2000-05-18 18:10:00,3.5205165,2
2000-05-18 18:20:00,3.1501984999999997,2
2000-05-18 18:30:00,2.5246320000000004,2
2000-05-18 18:40:00,2.5138245,2
2000-05-18 18:50:00,2.763842,2
2000-05-18 19:00:00,3.004914,2
2000-05-18 19:10:00,3.1846740000000002,2
2000-05-18 19:20:00,3.194434,2
2000-05-18 19:30:00,3.576561,2
2000-05-18 19:40:00,3.6684025,2
2000-05-18 19:50:00,3.5912984999999997,2
2000-05-18 20:00:00,3.5238325,2
2000-05-18 20:10:00,3.478052,2
2000-05-18 20:20:00,3.444319,2
2000-05-18 20:30:00,2.9877635,2
2000-05-18 20:40:00,2.515755,2
2000-05-18 20:50:00,2.522124,2
2000-05-18 21:00:00,2.522124,2
2000-05-18 21:10:00,1.34904,2
2000-05-18 21:20:00,0.0,2
2000-05-18 21:30:00,0.0,2
2000-05-18 21:40:00,0.0,2
2000-05-18 21:50:00,0.0,2
2000-05-18 22:00:00,0.0,2
2000-05-18 22:10:00,0.0,2
2000-05-18 22:20:00,0.0,2
2000-05-18 22:30:00,0.0,2
2000-05-18 22:40:00,0.0,2
2000-05-18 22:50:00,0.0,2
2000-05-18 23:00:00,0.0,2
2000-05-18 23:10:00,0.0,2
2000-05-18 23:20:00,0.0,2
2000-05-18 23:30:00,0.0,2
2000-05-18 23:40:00,0.0,2
2000-05-18 23:50:00,0.0,2
2000-05-19 00:00:00,0.0,2
2000-05-19 00:10:00,0.0,2
2000-05-19 00:20:00,0.0,2
2000-05-19 00:30:00,0.0,2
2000-05-19 00:40:00,0.0,2
2000-05-19 00:50:00,0.0,2
2000-05-19 01:00:00,0.0,2
2000-05-19 01:10:00,0.0,2
2000-05-19 01:20:00,0.0,2
2000-05-19 01:30:00,0.0,2
2000-05-19 01:40:00,0.0,2
2000-05-19 01:50:00,0.0,2
2000-05-19 02:00:00,0.0,2
2000-05-19 02:10:00,0.0,2
2000-05-19 02:20:00,0.0,2
2000-05-19 02:30:00,0.0,2
2000-05-19 02:40:00,0.0,2
2000-05-19 02:50:00,0.0,2
2000-05-19 03:00:00,0.0,2
2000-05-19 03:10:00,0.0,2
2000-05-19 03:20:00,0.0,2
2000-05-19 03:30:00,0.0,2
2000-05-19 03:40:00,0.0,2
2000-05-19 03:50:00,0.0,2
2000-05-19 04:00:00,0.0,2
2000-05-19 04:10:00,0.0,2
2000-05-19 04:20:00,0.0,2
2000-05-19 04:30:00,0.8979199999999999,2
2000-05-19 04:40:00,1.1155985,2
2000-05-19 04:50:00,1.1204175,2
2000-05-19 05:00:00,1.1204175,2
2000-05-19 05:10:00,1.122827,2
2000-05-19 05:20:00,1.1252365,2
2000-05-19 05:30:00,1.122827,2
2000-05-19 05:40:00,1.122827,2
2000-05-19 05:50:00,1.122827,2
2000-05-19 06:00:00,1.122827,2
2000-05-19 06:10:00,1.122827,2
2000-05-19 06:20:00,1.084275,2
2000-05-19 06:30:00,1.074637,2
2000-05-19 06:40:00,1.074637,2
2000-05-19 06:50:00,1.074637,2
2000-05-19 07:00:00,1.0722275000000001,2
2000-05-19 07:10:00,1.069818,2
2000-05-19 07:20:00,1.06018,2
2000-05-19 07:30:00,1.0240375,2
2000-05-19 07:40:00,0.9999425,2
2000-05-19 07:50:00,1.002352,2
2000-05-19 08:00:00,0.9999425,2
2000-05-19 08:10:00,0.9999425,2
2000-05-19 08:20:00,0.9999425,2
2000-05-19 08:30:00,0.9808800000000001,2
2000-05-19 08:40:00,0.97356,2
2000-05-19 08:50:00,0.96868,2
2000-05-19 09:00:00,0.96136,2
2000-05-19 09:10:00,0.95892,2
2000-05-19 09:20:00,0.9516,2
2000-05-19 09:30:00,0.92964,2
2000-05-19 09:40:00,0.91744,2
2000-05-19 09:50:00,0.9125599999999999,2
2000-05-19 10:00:00,0.93452,2
2000-05-19 10:10:00,0.9999425,2
2000-05-19 10:20:00,1.0126,2
2000-05-19 10:30:00,1.01504,2
2000-05-19 10:40:00,1.01504,2
2000-05-19 10:50:00,1.01504,2
2000-05-19 11:00:00,1.0126,2
2000-05-19 11:10:00,1.0126,2
2000-05-19 11:20:00,1.0126,2
2000-05-19 11:30:00,1.0126,2
2000-05-19 11:40:00,1.0126,2
2000-05-19 11:50:00,1.0126,2
2000-05-19 12:00:00,1.0126,2
2000-05-19 12:10:00,1.0126,2
2000-05-19 12:20:00,1.01504,2
2000-05-19 12:30:00,1.0126,2
2000-05-19 12:40:00,1.0126,2
2000-05-19 12:50:00,1.0126,2
2000-05-19 13:00:00,1.0126,2
2000-05-19 13:10:00,1.0126,2
2000-05-19 13:20:00,1.01504,2
2000-05-19 13:30:00,1.04676,2
2000-05-19 13:40:00,1.10044,2
2000-05-19 13:50:00,0.79544,2
2000-05-19 14:00:00,0.7808,2
2000-05-19 14:10:00,0.77836,2
2000-05-19 14:20:00,0.77836,2
2000-05-19 14:30:00,0.77836,2
2000-05-19 14:40:00,0.77836,2
2000-05-19 14:50:00,0.77836,2
2000-05-19 15:00:00,0.77836,2
2000-05-19 15:10:00,0.7808,2
2000-05-19 15:20:00,0.77836,2
2000-05-19 15:30:00,0.77836,2
2000-05-19 15:40:00,0.77836,2
2000-05-19 15:50:00,0.7759199999999999,2
2000-05-19 16:00:00,0.202398,2
2000-05-19 16:10:00,0.0,2
2000-05-19 16:20:00,0.0,2
2000-05-19 16:30:00,0.0,2
2000-05-19 16:40:00,0.015555,2
2000-05-19 16:50:00,0.9999425,2
2000-05-19 17:00:00,0.9975329999999999,2
2000-05-19 17:10:00,0.992714,2
2000-05-19 17:20:00,0.987895,2
2000-05-19 17:30:00,0.9854854999999999,2
2000-05-19 17:40:00,1.5589575,2
2000-05-19 17:50:00,2.4242485,2
2000-05-19 18:00:00,2.7295955000000003,2
2000-05-19 18:10:00,3.469564,2
2000-05-19 18:20:00,3.4478785,2
2000-05-19 18:30:00,3.5876295,2
2000-05-19 18:40:00,3.5466679999999995,2
2000-05-19 18:50:00,3.5279409999999998,2
2000-05-19 19:00:00,3.4864305,2
2000-05-19 19:10:00,3.474383,2
2000-05-19 19:20:00,2.5532,2
2000-05-19 19:30:00,2.4458555000000004,2
2000-05-19 19:40:00,2.4410365,2
2000-05-19 19:50:00,2.4089359999999997,2
2000-05-19 20:00:00,2.384064,2
2000-05-19 20:10:00,2.3586005,2
2000-05-19 20:20:00,2.365829,2
2000-05-19 20:30:00,2.3730575,2
2000-05-19 20:40:00,2.3650245,2
2000-05-19 20:50:00,2.3433390000000003,2
2000-05-19 21:00:00,2.328882,2
2000-05-19 21:10:00,2.3302240000000003,2
2000-05-19 21:20:00,2.3216535,2
2000-05-19 21:30:00,2.311809,2
2000-05-19 21:40:00,2.3154385,2
2000-05-19 21:50:00,2.301727,2
2000-05-19 22:00:00,2.2896795,2
2000-05-19 22:10:00,2.28727,2
2000-05-19 22:20:00,2.285819,2
2000-05-19 22:30:00,2.2882284999999998,2
2000-05-19 22:40:00,2.298726,2
2000-05-19 22:50:00,2.3653325,2
2000-05-19 23:00:00,2.567802,2
2000-05-19 23:10:00,2.567802,2
2000-05-19 23:20:00,2.5220215,2
2000-05-19 23:30:00,2.4810600000000003,2
2000-05-19 23:40:00,2.4617839999999998,2
2000-05-19 23:50:00,2.4376889999999998,2
2000-05-20 00:00:00,2.3919085,2
2000-05-20 00:10:00,2.2714335,2
2000-05-20 00:20:00,2.1798725,2
2000-05-20 00:30:00,2.070941,2
2000-05-20 00:40:00,2.058302,2
2000-05-20 00:50:00,1.979172,2
2000-05-20 01:00:00,1.9792435,2
2000-05-20 01:10:00,1.926981,2
2000-05-20 01:20:00,1.885501,2
2000-05-20 01:30:00,1.8318210000000001,2
2000-05-20 01:40:00,1.717141,2
2000-05-20 01:50:00,1.8133235,2
2000-05-20 02:00:00,1.853342,2
2000-05-20 02:10:00,1.8718835,2
2000-05-20 02:20:00,1.8279635,2
2000-05-20 02:30:00,1.7181635,2
2000-05-20 02:40:00,1.7157235,2
2000-05-20 02:50:00,1.6425235,2
2000-05-20 03:00:00,1.8255235,2
2000-05-20 03:10:00,1.8718835,2
2000-05-20 03:20:00,1.6888835,2
2000-05-20 03:30:00,1.6400835,2
2000-05-20 03:40:00,1.6278835,2
2000-05-20 03:50:00,1.8424455,2
2000-05-20 04:00:00,1.7010835,2
2000-05-20 04:10:00,1.624465,2
2000-05-20 04:20:00,1.658445,2
2000-05-20 04:30:00,1.6472455,2
2000-05-20 04:40:00,1.7462849999999999,2
2000-05-20 04:50:00,1.529427,2
2000-05-20 05:00:00,1.458545,2
2000-05-20 05:10:00,1.458545,2
2000-05-20 05:20:00,1.458545,2
2000-05-20 05:30:00,1.453485,2
2000-05-20 05:40:00,1.453485,2
2000-05-20 05:50:00,1.453485,2
2000-05-20 06:00:00,1.8103935,2
2000-05-20 06:10:00,1.2457245000000001,2
2000-05-20 06:20:00,0.77836,2
2000-05-20 06:30:00,0.7808,2
2000-05-20 06:40:00,0.7808,2
2000-05-20 06:50:00,0.7686305,2
2000-05-20 07:00:00,0.7686305,2
2000-05-20 07:10:00,0.7686305,2
2000-05-20 07:20:00,0.7686305,2
2000-05-20 07:30:00,0.77836,2
2000-05-20 07:40:00,0.77836,2
2000-05-20 07:50:00,0.77836,2
2000-05-20 08:00:00,0.77836,2
2000-05-20 08:10:00,0.77836,2
2000-05-20 08:20:00,0.77836,2
2000-05-20 08:30:00,0.77836,2
2000-05-20 08:40:00,0.77836,2
2000-05-20 08:50:00,0.7808,2
2000-05-20 09:00:00,1.04676,2
2000-05-20 09:10:00,1.01992,2
2000-05-20 09:20:00,1.11264,2
2000-05-20 09:30:00,1.17608,2
2000-05-20 09:40:00,0.87352,2
2000-05-20 09:50:00,0.91744,2
2000-05-20 10:00:00,1.01992,2
2000-05-20 10:10:00,1.04188,2
2000-05-20 10:20:00,1.05408,2
2000-05-20 10:30:00,1.05652,2
2000-05-20 10:40:00,1.02968,2
2000-05-20 10:50:00,0.73444,2
2000-05-20 11:00:00,0.72224,2
2000-05-20 11:10:00,0.72956,2
2000-05-20 11:20:00,0.72712,2
2000-05-20 11:30:00,0.72956,2
2000-05-20 11:40:00,0.72956,2
2000-05-20 11:50:00,0.0,2
2000-05-20 12:00:00,0.0,2
2000-05-20 12:10:00,0.0,2
2000-05-20 12:20:00,0.0,2
2000-05-20 12:30:00,0.0,2
2000-05-20 12:40:00,0.36706749999999994,2
2000-05-20 12:50:00,1.01748,2
2000-05-20 13:00:00,1.01504,2
2000-05-20 13:10:00,1.0126,2
2000-05-20 13:20:00,0.243024,2
2000-05-20 13:30:00,1.01504,2
2000-05-20 13:40:00,0.7683255,2
2000-05-20 13:50:00,0.721386,2
2000-05-20 14:00:00,0.8442399999999999,2
2000-05-20 14:10:00,1.01748,2
2000-05-20 14:20:00,1.01992,2
2000-05-20 14:30:00,0.721386,2
2000-05-20 14:40:00,0.8784,2
2000-05-20 14:50:00,1.01504,2
2000-05-20 15:00:00,1.01504,2
2000-05-20 15:10:00,0.701622,2
2000-05-20 15:20:00,0.0,2
2000-05-20 15:30:00,0.0,2
2000-05-20 15:40:00,0.0,2
2000-05-20 15:50:00,0.0,2
2000-05-20 16:00:00,0.0,2
2000-05-20 16:10:00,0.88084,2
2000-05-20 16:20:00,1.0047614999999999,2
2000-05-20 16:30:00,1.0047614999999999,2
2000-05-20 16:40:00,1.0047614999999999,2
2000-05-20 16:50:00,1.0047614999999999,2
2000-05-20 17:00:00,1.0770465,2
2000-05-20 17:10:00,0.93452,2
2000-05-20 17:20:00,1.3324535000000002,2
2000-05-20 17:30:00,1.570994,2
2000-05-20 17:40:00,1.9563139999999999,2
2000-05-20 17:50:00,2.2323875,2
2000-05-20 18:00:00,2.2323875,2
2000-05-20 18:10:00,2.2323875,2
2000-05-20 18:20:00,2.2299475,2
2000-05-20 18:30:00,2.2323875,2
2000-05-20 18:40:00,1.8386155000000002,2
2000-05-20 18:50:00,1.5689335,2
2000-05-20 19:00:00,2.388883,2
2000-05-20 19:10:00,2.3983075,2
2000-05-20 19:20:00,2.4031875,2
2000-05-20 19:30:00,2.4080675,2
2000-05-20 19:40:00,2.145798,2
2000-05-20 19:50:00,1.467826,2
2000-05-20 20:00:00,1.457456,2
2000-05-20 20:10:00,1.457456,2
2000-05-20 20:20:00,1.457456,2
2000-05-20 20:30:00,1.457456,2
2000-05-20 20:40:00,2.140857,2
2000-05-20 20:50:00,1.53197,2
2000-05-20 21:00:00,1.0047614999999999,2
2000-05-20 21:10:00,1.002352,2
2000-05-20 21:20:00,1.002352,2
2000-05-20 21:30:00,1.002352,2
2000-05-20 21:40:00,0.9999425,2
2000-05-20 21:50:00,0.9999425,2
2000-05-20 22:00:00,0.9999425,2
2000-05-20 22:10:00,1.002352,2
2000-05-20 22:20:00,1.002352,2
2000-05-20 22:30:00,1.002352,2
2000-05-20 22:40:00,1.002352,2
2000-05-20 22:50:00,1.0047614999999999,2
2000-05-20 23:00:00,1.002352,2
2000-05-20 23:10:00,1.002352,2
2000-05-20 23:20:00,1.002352,2
2000-05-20 23:30:00,1.002352,2
2000-05-20 23:40:00,0.9999425,2
2000-05-20 23:50:00,0.9999425,2
2000-05-21 00:00:00,0.9951234999999999,2
2000-05-21 00:10:00,0.9951234999999999,2
2000-05-21 00:20:00,0.9903044999999999,2
2000-05-21 00:30:00,0.9903044999999999,2
2000-05-21 00:40:00,0.9903044999999999,2
2000-05-21 00:50:00,1.4799794999999998,2
2000-05-21 01:00:00,2.078027,2
2000-05-21 01:10:00,1.4141925,2
2000-05-21 01:20:00,0.9710285000000001,2
2000-05-21 01:30:00,0.9613905,2
2000-05-21 01:40:00,0.9517525,2
2000-05-21 01:50:00,0.944524,2
2000-05-21 02:00:00,0.939705,2
2000-05-21 02:10:00,0.934886,2
2000-05-21 02:20:00,0.9276575,2
2000-05-21 02:30:00,0.9228385,2
2000-05-21 02:40:00,0.9180195,2
2000-05-21 02:50:00,0.91561,2
2000-05-21 03:00:00,0.9035625,2
2000-05-21 03:10:00,0.896334,2
2000-05-21 03:20:00,0.8891055,2
2000-05-21 03:30:00,1.0143995,2
2000-05-21 03:40:00,1.5589465,2
2000-05-21 03:50:00,1.5878605000000001,2
2000-05-21 04:00:00,1.34932,2
2000-05-21 04:10:00,1.566175,2
2000-05-21 04:20:00,1.5541275,2
2000-05-21 04:30:00,1.537261,2
2000-05-21 04:40:00,1.4240145,2
2000-05-21 04:50:00,1.2406329999999999,2
2000-05-21 05:00:00,3.2336725,2
2000-05-21 05:10:00,2.6356405,2
2000-05-21 05:20:00,2.4413799999999997,2
2000-05-21 05:30:00,2.5835405,2
2000-05-21 05:40:00,2.6645545,2
2000-05-21 05:50:00,2.6645545,2
2000-05-21 06:00:00,1.494796,2
2000-05-21 06:10:00,1.4647985,2
2000-05-21 06:20:00,0.670088,2
2000-05-21 06:30:00,0.7927255,2
2000-05-21 06:40:00,0.00244,2
2000-05-21 06:50:00,0.00244,2
2000-05-21 07:00:00,0.00244,2
2000-05-21 07:10:00,0.00244,2
2000-05-21 07:20:00,0.00244,2
2000-05-21 07:30:00,0.00244,2
2000-05-21 07:40:00,0.0,2
2000-05-21 07:50:00,0.0,2
2000-05-21 08:00:00,0.0,2
2000-05-21 08:10:00,0.0,2
2000-05-21 08:20:00,0.3873195,2
2000-05-21 08:30:00,0.0,2
2000-05-21 08:40:00,0.0,2
2000-05-21 08:50:00,0.0,2
2000-05-21 09:00:00,0.0,2
2000-05-21 09:10:00,0.0,2
2000-05-21 09:20:00,0.0,2
2000-05-21 09:30:00,0.0,2
2000-05-21 09:40:00,0.0,2
2000-05-21 09:50:00,0.0,2
2000-05-21 10:00:00,0.0,2
2000-05-21 10:10:00,0.0,2
2000-05-21 10:20:00,0.0,2
2000-05-21 10:30:00,0.0,2
2000-05-21 10:40:00,0.0,2
2000-05-21 10:50:00,0.0,2
2000-05-21 11:00:00,0.0,2
2000-05-21 11:10:00,0.0,2
2000-05-21 11:20:00,0.0,2
2000-05-21 11:30:00,0.0,2
2000-05-21 11:40:00,0.0,2
2000-05-21 11:50:00,0.0,2
2000-05-21 12:00:00,0.0,2
2000-05-21 12:10:00,0.0,2
2000-05-21 12:20:00,0.0,2
2000-05-21 12:30:00,0.0,2
2000-05-21 12:40:00,0.0,2
2000-05-21 12:50:00,0.0,2
2000-05-21 13:00:00,0.0,2
2000-05-21 13:10:00,0.0,2
2000-05-21 13:20:00,0.0,2
2000-05-21 13:30:00,0.0,2
2000-05-21 13:40:00,0.0,2
2000-05-21 13:50:00,0.0,2
2000-05-21 14:00:00,0.0,2
2000-05-21 14:10:00,0.0,2
2000-05-21 14:20:00,0.0,2
2000-05-21 14:30:00,0.0,2
2000-05-21 14:40:00,0.0,2
2000-05-21 14:50:00,0.0,2
2000-05-21 15:00:00,0.0,2
2000-05-21 15:10:00,0.0,2
2000-05-21 15:20:00,0.026246,2
2000-05-21 15:30:00,0.0,2
2000-05-21 15:40:00,0.0,2
2000-05-21 15:50:00,0.0,2
2000-05-21 16:00:00,0.0,2
2000-05-21 16:10:00,0.0,2
2000-05-21 16:20:00,0.0,2
2000-05-21 16:30:00,0.0,2
2000-05-21 16:40:00,0.0,2
2000-05-21 16:50:00,0.0,2
2000-05-21 17:00:00,0.0,2
2000-05-21 17:10:00,0.0,2
2000-05-21 17:20:00,0.88084,2
2000-05-21 17:30:00,0.9857600000000001,2
2000-05-21 17:40:00,0.92964,2
2000-05-21 17:50:00,0.94184,2
2000-05-21 18:00:00,3.027008,2
2000-05-21 18:10:00,3.3411360000000005,2
2000-05-21 18:20:00,3.3395920000000006,2
2000-05-21 18:30:00,3.4176720000000005,2
2000-05-21 18:40:00,3.422206,2
2000-05-21 18:50:00,3.427025,2
2000-05-21 19:00:00,3.427025,2
2000-05-21 19:10:00,3.3336645000000003,2
2000-05-21 19:20:00,3.391301,2
2000-05-21 19:30:00,2.9533820000000004,2
2000-05-21 19:40:00,3.551487,2
2000-05-21 19:50:00,3.5129349999999997,2
2000-05-21 20:00:00,3.5121029999999998,2
2000-05-21 20:10:00,3.502465,2
2000-05-21 20:20:00,3.479555,2
2000-05-21 20:30:00,3.4650980000000002,2
2000-05-21 20:40:00,3.4530505,2
2000-05-21 20:50:00,3.4473719999999997,2
2000-05-21 21:00:00,3.4401434999999996,2
2000-05-21 21:10:00,3.4244345,2
2000-05-21 21:20:00,3.4283665,2
2000-05-21 21:30:00,3.429889,2
2000-05-21 21:40:00,3.42507,2
2000-05-21 21:50:00,1.2504545,2
2000-05-21 22:00:00,0.881877,2
2000-05-21 22:10:00,0.877058,2
2000-05-21 22:20:00,0.88084,2
2000-05-21 22:30:00,0.8650104999999999,2
2000-05-21 22:40:00,0.8553725,2
2000-05-21 22:50:00,0.8505535,2
2000-05-21 23:00:00,0.843325,2
2000-05-21 23:10:00,0.8360964999999999,2
2000-05-21 23:20:00,0.8312774999999999,2
2000-05-21 23:30:00,0.8312774999999999,2
2000-05-21 23:40:00,0.8442399999999999,2
2000-05-21 23:50:00,0.8409154999999999,2
2000-05-22 00:00:00,0.8505535,2
2000-05-22 00:10:00,0.8650104999999999,2
2000-05-22 00:20:00,0.91561,2
2000-05-22 00:30:00,0.9132005,2
2000-05-22 00:40:00,0.910791,2
2000-05-22 00:50:00,0.9228385,2
2000-05-22 01:00:00,0.920429,2
2000-05-22 01:10:00,0.9541620000000001,2
2000-05-22 01:20:00,0.9662095,2
2000-05-22 01:30:00,0.9228385,2
2000-05-22 01:40:00,0.9276575,2
2000-05-22 01:50:00,0.8987435,2
2000-05-22 02:00:00,0.8698294999999999,2
2000-05-22 02:10:00,0.8120015,2
2000-05-22 02:20:00,0.6674315000000001,2
2000-05-22 02:30:00,1.0240580000000001,2
2000-05-22 02:40:00,0.5758399999999999,2
2000-05-22 02:50:00,0.50752,2
2000-05-22 03:00:00,0.44895999999999997,2
2000-05-22 03:10:00,0.7387170000000001,2
2000-05-22 03:20:00,0.0,2
2000-05-22 03:30:00,0.0,2
2000-05-22 03:40:00,0.0,2
2000-05-22 03:50:00,0.0,2
2000-05-22 04:00:00,0.0,2
2000-05-22 04:10:00,0.0,2
2000-05-22 04:20:00,0.0,2
2000-05-22 04:30:00,1.3950449999999999,2
2000-05-22 04:40:00,1.1661979999999998,2
2000-05-22 04:50:00,1.405038,2
2000-05-22 05:00:00,2.4564285,2
2000-05-22 05:10:00,2.4621565,2
2000-05-22 05:20:00,2.5048925,2
2000-05-22 05:30:00,3.5379750000000003,2
2000-05-22 05:40:00,3.571708,2
2000-05-22 05:50:00,3.6387475,2
2000-05-22 06:00:00,2.518178,2
2000-05-22 06:10:00,1.1324649999999998,2
2000-05-22 06:20:00,1.1348745,2
2000-05-22 06:30:00,1.1348745,2
2000-05-22 06:40:00,1.137284,2
2000-05-22 06:50:00,1.1396935,2
2000-05-22 07:00:00,1.1396935,2
2000-05-22 07:10:00,1.137284,2
2000-05-22 07:20:00,1.1348745,2
2000-05-22 07:30:00,1.1011415,2
2000-05-22 07:40:00,1.0915035,2
2000-05-22 07:50:00,1.093913,2
2000-05-22 08:00:00,1.0963225,2
2000-05-22 08:10:00,1.10776,2
2000-05-22 08:20:00,1.10044,2
2000-05-22 08:30:00,1.19072,2
2000-05-22 08:40:00,1.4167859999999999,2
2000-05-22 08:50:00,1.368596,2
2000-05-22 09:00:00,0.8906,2
2000-05-22 09:10:00,1.257759,2
2000-05-22 09:20:00,1.21512,2
2000-05-22 09:30:00,1.13948,2
2000-05-22 09:40:00,1.11264,2
2000-05-22 09:50:00,1.0784799999999999,2
2000-05-22 10:00:00,1.05408,2
2000-05-22 10:10:00,1.01992,2
2000-05-22 10:20:00,0.9833200000000001,2
2000-05-22 10:30:00,0.86376,2
2000-05-22 10:40:00,0.83204,2
2000-05-22 10:50:00,0.78812,2
2000-05-22 11:00:00,0.76372,2
2000-05-22 11:10:00,0.75396,2
2000-05-22 11:20:00,0.75396,2
2000-05-22 11:30:00,0.7564,2
2000-05-22 11:40:00,0.79544,2
2000-05-22 11:50:00,0.80032,2
2000-05-22 12:00:00,0.6588,2
2000-05-22 12:10:00,0.6588,2
2000-05-22 12:20:00,0.6588,2
2000-05-22 12:30:00,0.6588,2
2000-05-22 12:40:00,0.6588,2
2000-05-22 12:50:00,0.6588,2
2000-05-22 13:00:00,0.6588,2
2000-05-22 13:10:00,0.65636,2
2000-05-22 13:20:00,0.8393599999999999,2
2000-05-22 13:30:00,1.00528,2
2000-05-22 13:40:00,1.01016,2
2000-05-22 13:50:00,1.01016,2
2000-05-22 14:00:00,1.01016,2
2000-05-22 14:10:00,1.00772,2
2000-05-22 14:20:00,1.00772,2
2000-05-22 14:30:00,1.0126,2
2000-05-22 14:40:00,1.01504,2
2000-05-22 14:50:00,1.01504,2
2000-05-22 15:00:00,1.01504,2
2000-05-22 15:10:00,1.01504,2
2000-05-22 15:20:00,1.1492399999999998,2
2000-05-22 15:30:00,1.330044,2
2000-05-22 15:40:00,1.27612,2
2000-05-22 15:50:00,1.27612,2
2000-05-22 16:00:00,1.2601685,2
2000-05-22 16:10:00,1.262578,2
2000-05-22 16:20:00,1.209569,2
2000-05-22 16:30:00,0.8979199999999999,2
2000-05-22 16:40:00,0.8979199999999999,2
2000-05-22 16:50:00,0.9003599999999999,2
2000-05-22 17:00:00,0.9003599999999999,2
2000-05-22 17:10:00,0.9003599999999999,2
2000-05-22 17:20:00,0.8979199999999999,2
2000-05-22 17:30:00,0.8979199999999999,2
2000-05-22 17:40:00,2.0632989999999998,2
2000-05-22 17:50:00,2.95201,2
2000-05-22 18:00:00,3.3957015000000004,2
2000-05-22 18:10:00,3.398111,2
2000-05-22 18:20:00,3.398111,2
2000-05-22 18:30:00,3.3957015000000004,2
2000-05-22 18:40:00,3.3653845000000002,2
2000-05-22 18:50:00,3.5225729999999995,2
2000-05-22 19:00:00,2.8143935000000004,2
2000-05-22 19:10:00,3.4888399999999997,2
2000-05-22 19:20:00,3.5225729999999995,2
2000-05-22 19:30:00,3.5225729999999995,2
2000-05-22 19:40:00,3.5201635,2
2000-05-22 19:50:00,3.5156975,2
2000-05-22 20:00:00,3.1279639999999995,2
2000-05-22 20:10:00,3.4771455,2
2000-05-22 20:20:00,3.5181069999999997,2
2000-05-22 20:30:00,3.524476,2
2000-05-22 20:40:00,2.778434,2
2000-05-22 20:50:00,2.5310560000000004,2
2000-05-22 21:00:00,2.520221,2
2000-05-22 21:10:00,2.520221,2
2000-05-22 21:20:00,2.520221,2
2000-05-22 21:30:00,2.5266175,2
2000-05-22 21:40:00,2.515755,2
2000-05-22 21:50:00,2.515755,2
2000-05-22 22:00:00,2.515755,2
2000-05-22 22:10:00,2.522124,2
2000-05-22 22:20:00,2.522124,2
2000-05-22 22:30:00,2.522124,2
2000-05-22 22:40:00,2.522124,2
2000-05-22 22:50:00,2.529519,2
2000-05-22 23:00:00,2.456965,2
2000-05-22 23:10:00,2.456965,2
2000-05-22 23:20:00,2.4545554999999997,2
2000-05-22 23:30:00,2.4545554999999997,2
2000-05-22 23:40:00,2.140359,2
2000-05-22 23:50:00,1.8065419999999999,2
2000-05-23 00:00:00,2.452146,2
2000-05-23 00:10:00,2.4584875,2
2000-05-23 00:20:00,2.4534275,2
2000-05-23 00:30:00,2.322305,2
2000-05-23 00:40:00,2.3476505,2
2000-05-23 00:50:00,2.354638,2
2000-05-23 01:00:00,2.3570475,2
2000-05-23 01:10:00,2.359457,2
2000-05-23 01:20:00,2.3618664999999996,2
2000-05-23 01:30:00,2.3666855,2
2000-05-23 01:40:00,2.051465,2
2000-05-23 01:50:00,1.458501,2
2000-05-23 02:00:00,1.458501,2
2000-05-23 02:10:00,1.458501,2
2000-05-23 02:20:00,1.458501,2
2000-05-23 02:30:00,1.458501,2
2000-05-23 02:40:00,1.458501,2
2000-05-23 02:50:00,1.458501,2
2000-05-23 03:00:00,1.4522035,2
2000-05-23 03:10:00,1.4522035,2
2000-05-23 03:20:00,1.4522035,2
2000-05-23 03:30:00,1.4522035,2
2000-05-23 03:40:00,1.4522035,2
2000-05-23 03:50:00,1.4522035,2
2000-05-23 04:00:00,1.458545,2
2000-05-23 04:10:00,1.458545,2
2000-05-23 04:20:00,1.458545,2
2000-05-23 04:30:00,1.453485,2
2000-05-23 04:40:00,1.453485,2
2000-05-23 04:50:00,1.453485,2
2000-05-23 05:00:00,1.453485,2
2000-05-23 05:10:00,1.5672359999999999,2
2000-05-23 05:20:00,2.5259850000000004,2
2000-05-23 05:30:00,2.5259850000000004,2
2000-05-23 05:40:00,2.5148475,2
2000-05-23 05:50:00,2.4838000000000005,2
2000-05-23 06:00:00,1.453452,2
2000-05-23 06:10:00,1.453452,2
2000-05-23 06:20:00,1.5834985,2
2000-05-23 06:30:00,0.973438,2
2000-05-23 06:40:00,0.973438,2
2000-05-23 06:50:00,0.9638,2
2000-05-23 07:00:00,0.7075999999999999,2
2000-05-23 07:10:00,0.9999425,2
2000-05-23 07:20:00,0.9975329999999999,2
2000-05-23 07:30:00,0.9999425,2
2000-05-23 07:40:00,0.9999425,2
2000-05-23 07:50:00,0.9999425,2
2000-05-23 08:00:00,0.9951234999999999,2
2000-05-23 08:10:00,0.9975329999999999,2
2000-05-23 08:20:00,0.9951234999999999,2
2000-05-23 08:30:00,0.9999425,2
2000-05-23 08:40:00,1.01016,2
2000-05-23 08:50:00,1.185474,2
2000-05-23 09:00:00,1.3854624999999998,2
2000-05-23 09:10:00,1.3854624999999998,2
2000-05-23 09:20:00,1.3758244999999998,2
2000-05-23 09:30:00,1.368596,2
2000-05-23 09:40:00,1.368596,2
2000-05-23 09:50:00,1.36152,2
2000-05-23 10:00:00,1.3005200000000001,2
2000-05-23 10:10:00,1.3005200000000001,2
2000-05-23 10:20:00,1.2956400000000001,2
2000-05-23 10:30:00,1.3005200000000001,2
2000-05-23 10:40:00,1.34688,2
2000-05-23 10:50:00,1.4298399999999998,2
2000-05-23 11:00:00,1.4273999999999998,2
2000-05-23 11:10:00,1.4322799999999998,2
2000-05-23 11:20:00,1.4322799999999998,2
2000-05-23 11:30:00,1.4322799999999998,2
2000-05-23 11:40:00,1.4273999999999998,2
2000-05-23 11:50:00,1.4298399999999998,2
2000-05-23 12:00:00,1.4273999999999998,2
2000-05-23 12:10:00,1.4273999999999998,2
2000-05-23 12:20:00,1.4249599999999998,2
2000-05-23 12:30:00,1.11264,2
2000-05-23 12:40:00,0.7686,2
2000-05-23 12:50:00,0.9272,2
2000-05-23 13:00:00,1.5128,2
2000-05-23 13:10:00,1.5128,2
2000-05-23 13:20:00,1.484252,2
2000-05-23 13:30:00,1.4625664999999999,2
2000-05-23 13:40:00,1.4288334999999999,2
2000-05-23 13:50:00,1.45424,2
2000-05-23 14:00:00,1.45424,2
2000-05-23 14:10:00,1.46644,2
2000-05-23 14:20:00,1.4384715,2
2000-05-23 14:30:00,1.436062,2
2000-05-23 14:40:00,1.4225199999999998,2
2000-05-23 14:50:00,1.379413,2
2000-05-23 15:00:00,2.147139,2
2000-05-23 15:10:00,2.356586,2
2000-05-23 15:20:00,2.010377,2
2000-05-23 15:30:00,1.926258,2
2000-05-23 15:40:00,2.04411,2
2000-05-23 15:50:00,1.963407,2
2000-05-23 16:00:00,1.985672,2
2000-05-23 16:10:00,1.9465709999999998,2
2000-05-23 16:20:00,2.039657,2
2000-05-23 16:30:00,1.879105,2
2000-05-23 16:40:00,1.955416,2
2000-05-23 16:50:00,1.842871,2
2000-05-23 17:00:00,0.9999425,2
2000-05-23 17:10:00,0.9999425,2
2000-05-23 17:20:00,0.9999425,2
2000-05-23 17:30:00,1.0550199999999998,2
2000-05-23 17:40:00,2.086996,2
2000-05-23 17:50:00,3.544512,2
2000-05-23 18:00:00,3.527044,2
2000-05-23 18:10:00,3.9576884999999997,2
2000-05-23 18:20:00,4.497113,2
2000-05-23 18:30:00,3.6063885000000004,2
2000-05-23 18:40:00,3.6063885000000004,2
2000-05-23 18:50:00,3.595636,2
2000-05-23 19:00:00,3.6084840000000007,2
2000-05-23 19:10:00,3.6038640000000006,2
2000-05-23 19:20:00,4.039067,2
2000-05-23 19:30:00,4.240636,2
2000-05-23 19:40:00,4.6377065,2
2000-05-23 19:50:00,4.601564,2
2000-05-23 20:00:00,5.054167,2
2000-05-23 20:10:00,5.306116,2
2000-05-23 20:20:00,5.2652155,2
2000-05-23 20:30:00,5.2363015,2
2000-05-23 20:40:00,5.206528,2
2000-05-23 20:50:00,5.191162,2
2000-05-23 21:00:00,5.1744395,2
2000-05-23 21:10:00,5.1441634999999994,2
2000-05-23 21:20:00,5.1272969999999995,2
2000-05-23 21:30:00,5.11284,2
2000-05-23 21:40:00,5.1659915000000005,2
2000-05-23 21:50:00,5.196406,2
2000-05-23 22:00:00,5.186768,2
2000-05-23 22:10:00,5.1589905,2
2000-05-23 22:20:00,5.1556169999999995,2
2000-05-23 22:30:00,5.1474245,2
2000-05-23 22:40:00,5.1329675,2
2000-05-23 22:50:00,5.063092,2
2000-05-23 23:00:00,4.964032,2
2000-05-23 23:10:00,4.8883615,2
2000-05-23 23:20:00,4.8322415,2
2000-05-23 23:30:00,4.785861000000001,2
2000-05-23 23:40:00,4.6906705,2
2000-05-23 23:50:00,4.599341,2
2000-05-24 00:00:00,4.594468,2
2000-05-24 00:10:00,4.6083665,2
2000-05-24 00:20:00,4.6083665,2
2000-05-24 00:30:00,4.596133999999999,2
2000-05-24 00:40:00,4.5972504999999995,2
2000-05-24 00:50:00,3.640669,2
2000-05-24 01:00:00,3.0007985,2
2000-05-24 01:10:00,2.0721675,2
2000-05-24 01:20:00,2.075864,2
2000-05-24 01:30:00,2.079252,2
2000-05-24 01:40:00,2.0803795,2
2000-05-24 01:50:00,2.0824695,2
2000-05-24 02:00:00,2.079307,2
2000-05-24 02:10:00,2.0744225,2
2000-05-24 02:20:00,2.0711665000000004,2
2000-05-24 02:30:00,1.9950659999999998,1
2000-05-24 02:40:00,1.9902469999999999,1
2000-05-24 02:50:00,1.985428,1
2000-05-24 03:00:00,1.9806089999999998,1
2000-05-24 03:10:00,1.97579,1
2000-05-24 03:20:00,1.97579,1
2000-05-24 03:30:00,1.9709709999999998,1
2000-05-24 03:40:00,1.966152,1
2000-05-24 03:50:00,1.9613329999999998,1
2000-05-24 04:00:00,1.946876,1
2000-05-24 04:10:00,1.9276,1
2000-05-24 04:20:00,1.9083240000000001,1
2000-05-24 04:30:00,1.893867,1
2000-05-24 04:40:00,1.90808,1
2000-05-24 04:50:00,1.8745910000000001,1
2000-05-24 05:00:00,1.860134,1
2000-05-24 05:10:00,1.850496,1
2000-05-24 05:20:00,1.83122,1
2000-05-24 05:30:00,1.821582,1
2000-05-24 05:40:00,0.820206,1
2000-05-24 05:50:00,0.0,1
2000-05-24 06:00:00,0.0,1
2000-05-24 06:10:00,0.0,1
2000-05-24 06:20:00,1.58112,1
2000-05-24 06:30:00,1.956514,1
2000-05-24 06:40:00,1.9950659999999998,1
2000-05-24 06:50:00,1.84952,1
2000-05-24 07:00:00,1.985428,1
2000-05-24 07:10:00,1.946876,1
2000-05-24 07:20:00,0.2074,1
2000-05-24 07:30:00,0.0,1
2000-05-24 07:40:00,0.0,1
2000-05-24 07:50:00,0.0,1
2000-05-24 08:00:00,0.0,1
2000-05-24 08:10:00,0.0,1
2000-05-24 08:20:00,0.0,1
2000-05-24 08:30:00,0.0,2
2000-05-24 08:40:00,0.0,1
2000-05-24 08:50:00,0.0,2
2000-05-24 09:00:00,0.0,2
2000-05-24 09:10:00,0.0,2
2000-05-24 09:20:00,0.0,2
2000-05-24 09:30:00,0.0,2
2000-05-24 09:40:00,0.0,2
2000-05-24 09:50:00,0.0,2
2000-05-24 10:00:00,0.0,2
2000-05-24 10:10:00,0.0,2
2000-05-24 10:20:00,0.7077829999999999,2
2000-05-24 10:30:00,0.0,2
2000-05-24 10:40:00,0.0,2
2000-05-24 10:50:00,0.0,2
2000-05-24 11:00:00,0.0,2
2000-05-24 11:10:00,0.0,2
2000-05-24 11:20:00,0.0,2
2000-05-24 11:30:00,0.0,2
2000-05-24 11:40:00,0.0,2
2000-05-24 11:50:00,0.0,2
2000-05-24 12:00:00,0.0,2
2000-05-24 12:10:00,0.0,2
2000-05-24 12:20:00,0.0,2
2000-05-24 12:30:00,0.0,2
2000-05-24 12:40:00,0.0,2
2000-05-24 12:50:00,0.0,2
2000-05-24 13:00:00,0.0,2
2000-05-24 13:10:00,0.0,2
2000-05-24 13:20:00,0.0,2
2000-05-24 13:30:00,0.91744,2
2000-05-24 13:40:00,1.01992,2
2000-05-24 13:50:00,1.01992,2
2000-05-24 14:00:00,1.01992,2
2000-05-24 14:10:00,1.01748,2
2000-05-24 14:20:00,1.01748,2
2000-05-24 14:30:00,1.01504,2
2000-05-24 14:40:00,1.01504,2
2000-05-24 14:50:00,1.01504,2
2000-05-24 15:00:00,1.01504,2
2000-05-24 15:10:00,1.01504,2
2000-05-24 15:20:00,1.01504,2
2000-05-24 15:30:00,1.0126,2
2000-05-24 15:40:00,1.01504,2
2000-05-24 15:50:00,1.01504,2
2000-05-24 16:00:00,1.01504,2
2000-05-24 16:10:00,1.01504,2
2000-05-24 16:20:00,1.002352,2
2000-05-24 16:30:00,1.002352,2
2000-05-24 16:40:00,1.002352,2
2000-05-24 16:50:00,1.002352,2
2000-05-24 17:00:00,0.9999425,2
2000-05-24 17:10:00,0.9999425,2
2000-05-24 17:20:00,0.9999425,2
2000-05-24 17:30:00,0.9999425,2
2000-05-24 17:40:00,1.0247594999999998,2
2000-05-24 17:50:00,2.1256284999999995,2
2000-05-24 18:00:00,2.7316234999999995,2
2000-05-24 18:10:00,3.5898890000000003,2
2000-05-24 18:20:00,4.6346145,2
2000-05-24 18:30:00,5.1502870000000005,2
2000-05-24 18:40:00,5.4820875000000004,2
2000-05-24 18:50:00,5.278286499999999,2
2000-05-24 19:00:00,5.0404435,2
2000-05-24 19:10:00,4.564076999999999,2
2000-05-24 19:20:00,4.610436999999999,2
2000-05-24 19:30:00,4.965286,2
2000-05-24 19:40:00,4.954705,2
2000-05-24 19:50:00,4.675203,2
2000-05-24 20:00:00,4.268889,2
2000-05-24 20:10:00,4.275258,2
2000-05-24 20:20:00,4.275258,2
2000-05-24 20:30:00,4.264368,2
2000-05-24 20:40:00,4.277051,2
2000-05-24 20:50:00,3.6359179999999998,2
2000-05-24 21:00:00,4.2472175,2
2000-05-24 21:10:00,3.888446,2
2000-05-24 21:20:00,3.888446,2
2000-05-24 21:30:00,3.8908555,2
2000-05-24 21:40:00,2.5502694999999997,2
2000-05-24 21:50:00,2.4434709999999997,2
2000-05-24 22:00:00,2.4434709999999997,2
2000-05-24 22:10:00,2.4458805,2
2000-05-24 22:20:00,2.4458805,2
2000-05-24 22:30:00,2.4434709999999997,2
2000-05-24 22:40:00,2.4458805,2
2000-05-24 22:50:00,2.4458805,2
2000-05-24 23:00:00,2.4434709999999997,2
2000-05-24 23:10:00,2.4589955,2
2000-05-24 23:20:00,2.5655015,2
2000-05-24 23:30:00,2.651786,2
2000-05-24 23:40:00,3.236168,2
2000-05-24 23:50:00,3.164737,2
2000-05-25 00:00:00,3.140642,2
2000-05-25 00:10:00,3.118675,2
2000-05-25 00:20:00,3.0921705,2
2000-05-25 00:30:00,3.070485,2
2000-05-25 00:40:00,3.056028,2
2000-05-25 00:50:00,3.051209,2
2000-05-25 01:00:00,3.0632564999999996,2
2000-05-25 01:10:00,3.0632565,2
2000-05-25 01:20:00,3.0514905,2
2000-05-25 01:30:00,3.044262,2
2000-05-25 01:40:00,3.024986,2
2000-05-25 01:50:00,2.996072,2
2000-05-25 02:00:00,2.9599295000000003,2
2000-05-25 02:10:00,2.9286060000000003,2
2000-05-25 02:20:00,2.8828255,2
2000-05-25 02:30:00,2.690523,2
2000-05-25 02:40:00,2.2371100000000004,2
2000-05-25 02:50:00,2.02239,2
2000-05-25 03:00:00,1.9735900000000002,2
2000-05-25 03:10:00,1.9369900000000002,2
2000-05-25 03:20:00,1.776682,2
2000-05-25 03:30:00,1.7613100000000002,2
2000-05-25 03:40:00,1.7588700000000002,2
2000-05-25 03:50:00,1.7613100000000002,2
2000-05-25 04:00:00,1.767844,2
2000-05-25 04:10:00,1.767844,2
2000-05-25 04:20:00,1.763279,2
2000-05-25 04:30:00,1.760839,2
2000-05-25 04:40:00,1.760839,2
2000-05-25 04:50:00,1.763279,2
2000-05-25 05:00:00,1.763279,2
2000-05-25 05:10:00,1.763279,2
2000-05-25 05:20:00,1.763279,2
2000-05-25 05:30:00,1.763279,2
2000-05-25 05:40:00,1.763279,2
2000-05-25 05:50:00,1.763279,2
2000-05-25 06:00:00,1.7175289999999999,2
2000-05-25 06:10:00,1.675439,2
2000-05-25 06:20:00,1.4477119999999999,2
2000-05-25 06:30:00,0.8758685,2
2000-05-25 06:40:00,0.79849,2
2000-05-25 06:50:00,0.7598465,2
2000-05-25 07:00:00,0.8528715,2
2000-05-25 07:10:00,0.7969955,2
2000-05-25 07:20:00,0.755729,2
2000-05-25 07:30:00,0.7712255,2
2000-05-25 07:40:00,0.7463044999999999,2
2000-05-25 07:50:00,0.7415465,2
2000-05-25 08:00:00,0.7343485,2
2000-05-25 08:10:00,0.86376,2
2000-05-25 08:20:00,0.4758,2
2000-05-25 08:30:00,0.13066199999999997,2
2000-05-25 08:40:00,0.0,2
2000-05-25 08:50:00,0.0,2
2000-05-25 09:00:00,0.0,2
2000-05-25 09:10:00,0.0,2
2000-05-25 09:20:00,0.0,2
2000-05-25 09:30:00,0.0,2
2000-05-25 09:40:00,0.0,2
2000-05-25 09:50:00,0.0,2
2000-05-25 10:00:00,0.838506,2
2000-05-25 10:10:00,1.068171,2
2000-05-25 10:20:00,1.042002,2
2000-05-25 10:30:00,1.003938,2
2000-05-25 10:40:00,0.9825269999999999,2
2000-05-25 10:50:00,0.973011,2
2000-05-25 11:00:00,1.94224,2
2000-05-25 11:10:00,1.962492,2
2000-05-25 11:20:00,1.91235,2
2000-05-25 11:30:00,1.8692229999999999,2
2000-05-25 11:40:00,1.842871,2
2000-05-25 11:50:00,1.80926,2
2000-05-25 12:00:00,1.780407,2
2000-05-25 12:10:00,1.6820140000000001,2
2000-05-25 12:20:00,0.97112,2
2000-05-25 12:30:00,0.96624,2
2000-05-25 12:40:00,0.9638,2
2000-05-25 12:50:00,0.96136,2
2000-05-25 13:00:00,1.17852,2
2000-05-25 13:10:00,1.6731995000000002,2
2000-05-25 13:20:00,2.028067,2
2000-05-25 13:30:00,1.999336,2
2000-05-25 13:40:00,1.9491939999999999,2
2000-05-25 13:50:00,1.9168335,2
2000-05-25 14:00:00,1.7928510000000002,2
2000-05-25 14:10:00,1.4819339999999999,2
2000-05-25 14:20:00,1.7324305,2
2000-05-25 14:30:00,1.696288,2
2000-05-25 14:40:00,1.6092715000000002,2
2000-05-25 14:50:00,1.1913605,2
2000-05-25 15:00:00,1.1747379999999998,2
2000-05-25 15:10:00,1.16144,2
2000-05-25 15:20:00,1.1834,2
2000-05-25 15:30:00,1.24684,2
2000-05-25 15:40:00,1.214388,2
2000-05-25 15:50:00,1.23464,2
2000-05-25 16:00:00,1.26392,2
2000-05-25 16:10:00,1.23708,2
2000-05-25 16:20:00,1.185474,2
2000-05-25 16:30:00,1.1541504999999999,2
2000-05-25 16:40:00,1.146922,2
2000-05-25 16:50:00,1.1180080000000001,2
2000-05-25 17:00:00,1.0288565,2
2000-05-25 17:10:00,0.9372955000000001,2
2000-05-25 17:20:00,0.83204,2
2000-05-25 17:30:00,0.8313219999999999,2
2000-05-25 17:40:00,2.4784245,2
2000-05-25 17:50:00,3.0674165,2
2000-05-25 18:00:00,3.9799965,2
2000-05-25 18:10:00,4.4095905,2
2000-05-25 18:20:00,5.0270005,2
2000-05-25 18:30:00,5.1627920000000005,2
2000-05-25 18:40:00,5.160382500000001,2
2000-05-25 18:50:00,5.133878,2
2000-05-25 19:00:00,4.862184,2
2000-05-25 19:10:00,4.5276685,2
2000-05-25 19:20:00,4.674243,2
2000-05-25 19:30:00,4.935418499999999,2
2000-05-25 19:40:00,5.042033,2
2000-05-25 19:50:00,4.6721865,2
2000-05-25 20:00:00,3.875222,2
2000-05-25 20:10:00,3.590392,2
2000-05-25 20:20:00,3.425875,2
2000-05-25 20:30:00,2.5246320000000004,2
2000-05-25 20:40:00,2.5246320000000004,2
2000-05-25 20:50:00,2.5138245,2
2000-05-25 21:00:00,2.558651,2
2000-05-25 21:10:00,3.579278,2
2000-05-25 21:20:00,3.5849789999999997,2
2000-05-25 21:30:00,3.5864795000000003,2
2000-05-25 21:40:00,3.5864795000000003,2
2000-05-25 21:50:00,2.579271,2
2000-05-25 22:00:00,2.634337,2
2000-05-25 22:10:00,2.8882655,2
2000-05-25 22:20:00,2.9661079999999997,2
2000-05-25 22:30:00,3.9817715000000002,2
2000-05-25 22:40:00,3.975188,2
2000-05-25 22:50:00,3.978879,2
2000-05-25 23:00:00,3.978879,2
2000-05-25 23:10:00,3.9764695,2
2000-05-25 23:20:00,3.978879,2
2000-05-25 23:30:00,3.70955,2
2000-05-25 23:40:00,2.5326224999999996,2
2000-05-25 23:50:00,2.535032,2
2000-05-26 00:00:00,2.535032,2
2000-05-26 00:10:00,2.535032,2
2000-05-26 00:20:00,2.535032,2
2000-05-26 00:30:00,2.535032,2
2000-05-26 00:40:00,2.535032,2
2000-05-26 00:50:00,2.535032,2
2000-05-26 01:00:00,2.535032,2
2000-05-26 01:10:00,2.535032,2
2000-05-26 01:20:00,2.5374415,2
2000-05-26 01:30:00,2.5374415,2
2000-05-26 01:40:00,2.250711,2
2000-05-26 01:50:00,1.858054,2
2000-05-26 02:00:00,1.858054,2
2000-05-26 02:10:00,1.858054,2
2000-05-26 02:20:00,1.858054,2
2000-05-26 02:30:00,1.858054,2
2000-05-26 02:40:00,1.858054,2
2000-05-26 02:50:00,1.860494,2
2000-05-26 03:00:00,1.858054,2
2000-05-26 03:10:00,1.858054,2
2000-05-26 03:20:00,1.858054,2
2000-05-26 03:30:00,1.860494,2
2000-05-26 03:40:00,1.860494,2
2000-05-26 03:50:00,1.858054,2
2000-05-26 04:00:00,1.858054,2
2000-05-26 04:10:00,1.8646375000000002,2
2000-05-26 04:20:00,1.8610075,2
2000-05-26 04:30:00,1.8536875,2
2000-05-26 04:40:00,1.851278,2
2000-05-26 04:50:00,1.2286815,2
2000-05-26 05:00:00,1.3653035,2
2000-05-26 05:10:00,1.0826475,2
2000-05-26 05:20:00,1.0826475,2
2000-05-26 05:30:00,1.0826475,2
2000-05-26 05:40:00,1.0826475,2
2000-05-26 05:50:00,1.0826475,2
2000-05-26 06:00:00,1.0826475,2
2000-05-26 06:10:00,0.22762349999999998,2
2000-05-26 06:20:00,0.9999425,2
2000-05-26 06:30:00,1.0047614999999999,2
2000-05-26 06:40:00,1.002352,2
2000-05-26 06:50:00,0.9999425,2
2000-05-26 07:00:00,0.9951234999999999,2
2000-05-26 07:10:00,0.9975329999999999,2
2000-05-26 07:20:00,0.9999425,2
2000-05-26 07:30:00,0.9999425,2
2000-05-26 07:40:00,1.002352,2
2000-05-26 07:50:00,0.9975329999999999,2
2000-05-26 08:00:00,0.9975329999999999,2
2000-05-26 08:10:00,1.00772,2
2000-05-26 08:20:00,0.567727,2
2000-05-26 08:30:00,0.3721305,2
2000-05-26 08:40:00,1.0264469999999999,2
2000-05-26 08:50:00,0.968619,2
2000-05-26 09:00:00,0.920429,2
2000-05-26 09:10:00,0.92476,2
2000-05-26 09:20:00,0.9083815,2
2000-05-26 09:30:00,0.9125599999999999,2
2000-05-26 09:40:00,0.8979199999999999,2
2000-05-26 09:50:00,0.9125599999999999,2
2000-05-26 10:00:00,0.79056,2
2000-05-26 10:10:00,0.9906400000000001,2
2000-05-26 10:20:00,0.0,2
2000-05-26 10:30:00,0.0,2
2000-05-26 10:40:00,0.0,2
2000-05-26 10:50:00,0.0,2
2000-05-26 11:00:00,0.05962749999999999,2
2000-05-26 11:10:00,1.4071479999999998,2
2000-05-26 11:20:00,1.4095574999999998,2
2000-05-26 11:30:00,1.4143765,2
2000-05-26 11:40:00,1.44204,2
2000-05-26 11:50:00,1.44204,2
2000-05-26 12:00:00,1.4005599999999998,2
2000-05-26 12:10:00,1.18828,2
2000-05-26 12:20:00,1.3761599999999998,2
2000-05-26 12:30:00,1.33712,2
2000-05-26 12:40:00,1.20048,2
2000-05-26 12:50:00,1.3276345,2
2000-05-26 13:00:00,1.378234,2
2000-05-26 13:10:00,1.11264,2
2000-05-26 13:20:00,1.368596,2
2000-05-26 13:30:00,1.161379,2
2000-05-26 13:40:00,0.8979199999999999,2
2000-05-26 13:50:00,0.8979199999999999,2
2000-05-26 14:00:00,1.0004,2
2000-05-26 14:10:00,1.2408925,2
2000-05-26 14:20:00,1.3131775,2
2000-05-26 14:30:00,1.272216,2
2000-05-26 14:40:00,1.267397,2
2000-05-26 14:50:00,1.25294,2
2000-05-26 15:00:00,1.2649875,2
2000-05-26 15:10:00,1.262578,2
2000-05-26 15:20:00,1.2601685,2
2000-05-26 15:30:00,1.2433020000000001,2
2000-05-26 15:40:00,1.2433020000000001,2
2000-05-26 15:50:00,1.2408925,2
2000-05-26 16:00:00,1.2457115,2
2000-05-26 16:10:00,1.1686075,2
2000-05-26 16:20:00,0.9882000000000001,2
2000-05-26 16:30:00,0.72468,2
2000-05-26 16:40:00,1.0433135,2
2000-05-26 16:50:00,0.983076,2
2000-05-26 17:00:00,0.94184,2
2000-05-26 17:10:00,0.95892,2
2000-05-26 17:20:00,2.1585935,2
2000-05-26 17:30:00,2.366192,2
2000-05-26 17:40:00,2.3364184999999997,2
2000-05-26 17:50:00,2.240665,2
2000-05-26 18:00:00,3.5183999999999997,2
2000-05-26 18:10:00,4.0347745,2
2000-05-26 18:20:00,3.9921409999999997,2
2000-05-26 18:30:00,3.751201,2
2000-05-26 18:40:00,3.8776260000000002,2
2000-05-26 18:50:00,4.262653,2
2000-05-26 19:00:00,3.8883755,2
2000-05-26 19:10:00,4.021380499999999,2
2000-05-26 19:20:00,3.269919,2
2000-05-26 19:30:00,3.4639764999999993,2
2000-05-26 19:40:00,3.6798789999999997,2
2000-05-26 19:50:00,3.6991465,2
2000-05-26 20:00:00,3.676278,2
2000-05-26 20:10:00,3.632633,2
2000-05-26 20:20:00,3.4070055,2
2000-05-26 20:30:00,3.272989,2
2000-05-26 20:40:00,3.614453,2
2000-05-26 20:50:00,3.8544885,2
2000-05-26 21:00:00,3.8607804999999997,2
2000-05-26 21:10:00,3.8607804999999997,2
2000-05-26 21:20:00,3.854428,2
2000-05-26 21:30:00,3.854428,2
2000-05-26 21:40:00,3.8568375,2
2000-05-26 21:50:00,3.863102,2
2000-05-26 22:00:00,3.8653685,2
2000-05-26 22:10:00,3.8653685,2
2000-05-26 22:20:00,4.423452500000001,2
2000-05-26 22:30:00,3.8675800000000002,2
2000-05-26 22:40:00,4.4257555,2
2000-05-26 22:50:00,4.728315500000001,2
2000-05-26 23:00:00,4.232077,2
2000-05-26 23:10:00,3.8697365,2
2000-05-26 23:20:00,3.8608645,2
2000-05-26 23:30:00,3.8694284999999997,2
2000-05-26 23:40:00,3.8629385,2
2000-05-26 23:50:00,3.8629385,2
2000-05-27 00:00:00,3.8686475,2
2000-05-27 00:10:00,3.789134,2
2000-05-27 00:20:00,3.8068419999999996,2
2000-05-27 00:30:00,3.8478035,2
2000-05-27 00:40:00,3.8472809999999997,2
2000-05-27 00:50:00,3.8430904999999997,2
2000-05-27 01:00:00,3.8424855,2
2000-05-27 01:10:00,3.8502025,2
2000-05-27 01:20:00,3.846253,2
2000-05-27 01:30:00,3.8448944999999997,2
2000-05-27 01:40:00,3.8405165,2
2000-05-27 01:50:00,3.843223,2
2000-05-27 02:00:00,3.7857475,2
2000-05-27 02:10:00,2.159388,1
2000-05-27 02:20:00,2.159388,1
2000-05-27 02:30:00,2.152172,1
2000-05-27 02:40:00,2.152172,1
2000-05-27 02:50:00,2.152172,1
2000-05-27 03:00:00,2.152172,1
2000-05-27 03:10:00,2.165295,1
2000-05-27 03:20:00,2.165295,1
2000-05-27 03:30:00,2.165295,1
2000-05-27 03:40:00,2.165295,1
2000-05-27 03:50:00,2.165295,1
2000-05-27 04:00:00,2.165295,1
2000-05-27 04:10:00,2.165295,1
2000-05-27 04:20:00,2.165295,1
2000-05-27 04:30:00,2.1562200000000002,1
2000-05-27 04:40:00,2.1562200000000002,1
2000-05-27 04:50:00,2.1562200000000002,1
2000-05-27 05:00:00,2.1562200000000002,1
2000-05-27 05:10:00,2.1562200000000002,1
2000-05-27 05:20:00,2.1562200000000002,1
2000-05-27 05:30:00,2.1562200000000002,1
2000-05-27 05:40:00,2.1562200000000002,1
2000-05-27 05:50:00,2.160158,1
2000-05-27 06:00:00,2.160158,1
2000-05-27 06:10:00,2.160158,1
2000-05-27 06:20:00,1.084644,1
2000-05-27 06:30:00,0.0,1
2000-05-27 06:40:00,0.0,1
2000-05-27 06:50:00,0.0,1
2000-05-27 07:00:00,0.0,1
2000-05-27 07:10:00,0.0,1
2000-05-27 07:20:00,0.0,1
2000-05-27 07:30:00,0.0,1
2000-05-27 07:40:00,0.0,1
2000-05-27 07:50:00,0.0,1
2000-05-27 08:00:00,0.0,1
2000-05-27 08:10:00,0.0,1
2000-05-27 08:20:00,0.0,1
2000-05-27 08:30:00,0.0,1
2000-05-27 08:40:00,0.0,1
2000-05-27 08:50:00,0.0,1
2000-05-27 09:00:00,0.0,1
2000-05-27 09:10:00,0.0,1
2000-05-27 09:20:00,0.0,1
2000-05-27 09:30:00,0.0,1
2000-05-27 09:40:00,0.6448005,2
2000-05-27 09:50:00,1.820159,2
2000-05-27 10:00:00,1.790879,2
2000-05-27 10:10:00,1.7548779999999997,2
2000-05-27 10:20:00,1.7378345,2
2000-05-27 10:30:00,1.713416,2
2000-05-27 10:40:00,2.184031,2
2000-05-27 10:50:00,2.628416,2
2000-05-27 11:00:00,2.6229459999999998,2
2000-05-27 11:10:00,2.615626,2
2000-05-27 11:20:00,2.6073524999999997,2
2000-05-27 11:30:00,2.5902724999999998,2
2000-05-27 11:40:00,2.581466,2
2000-05-27 11:50:00,2.557656,2
2000-05-27 12:00:00,2.5975924999999997,2
2000-05-27 12:10:00,2.4926725,2
2000-05-27 12:20:00,2.384818,2
2000-05-27 12:30:00,2.8970035000000003,2
2000-05-27 12:40:00,2.887458,2
2000-05-27 12:50:00,2.8680895,2
2000-05-27 13:00:00,1.5208179999999998,2
2000-05-27 13:10:00,1.04676,2
2000-05-27 13:20:00,1.05408,2
2000-05-27 13:30:00,1.04676,2
2000-05-27 13:40:00,1.05652,2
2000-05-27 13:50:00,1.0492,2
2000-05-27 14:00:00,1.04676,2
2000-05-27 14:10:00,1.05408,2
2000-05-27 14:20:00,1.05896,2
2000-05-27 14:30:00,1.0614,2
2000-05-27 14:40:00,1.0614,2
2000-05-27 14:50:00,1.0492,2
2000-05-27 15:00:00,1.05408,2
2000-05-27 15:10:00,1.04188,2
2000-05-27 15:20:00,1.3951004999999999,2
2000-05-27 15:30:00,1.4962995,2
2000-05-27 15:40:00,1.4866614999999999,2
2000-05-27 15:50:00,1.498709,2
2000-05-27 16:00:00,1.4866614999999999,2
2000-05-27 16:10:00,1.4914805,2
2000-05-27 16:20:00,1.4481095,2
2000-05-27 16:30:00,1.4047385,2
2000-05-27 16:40:00,1.3541390000000002,2
2000-05-27 16:50:00,1.2939015,2
2000-05-27 17:00:00,1.1927025,2
2000-05-27 17:10:00,1.4240145,2
2000-05-27 17:20:00,1.4191954999999998,2
2000-05-27 17:30:00,1.4095574999999998,2
2000-05-27 17:40:00,1.3902815,2
2000-05-27 17:50:00,1.4935619999999998,2
2000-05-27 18:00:00,1.457775,2
2000-05-27 18:10:00,1.457775,2
2000-05-27 18:20:00,1.457775,2
2000-05-27 18:30:00,1.4515875,2
2000-05-27 18:40:00,1.4567725,2
2000-05-27 18:50:00,1.4515875,2
2000-05-27 19:00:00,1.4515875,2
2000-05-27 19:10:00,1.4515875,2
2000-05-27 19:20:00,1.4515875,2
2000-05-27 19:30:00,1.4515875,2
2000-05-27 19:40:00,1.458039,2
2000-05-27 19:50:00,1.458039,2
2000-05-27 20:00:00,1.4518240000000002,2
2000-05-27 20:10:00,1.4518240000000002,2
2000-05-27 20:20:00,1.4518240000000002,2
2000-05-27 20:30:00,1.4518240000000002,2
2000-05-27 20:40:00,1.4518240000000002,2
2000-05-27 20:50:00,1.455369,2
2000-05-27 21:00:00,2.1427235,2
2000-05-27 21:10:00,2.1476034999999998,2
2000-05-27 21:20:00,2.1500434999999998,2
2000-05-27 21:30:00,2.1500434999999998,2
2000-05-27 21:40:00,2.1500434999999998,2
2000-05-27 21:50:00,2.1500434999999998,2
2000-05-27 22:00:00,2.1500434999999998,2
2000-05-27 22:10:00,2.1500434999999998,2
2000-05-27 22:20:00,2.1500434999999998,2
2000-05-27 22:30:00,2.1500434999999998,2
2000-05-27 22:40:00,2.1500434999999998,2
2000-05-27 22:50:00,2.1500434999999998,2
2000-05-27 23:00:00,2.1476034999999998,2
2000-05-27 23:10:00,2.1476034999999998,2
2000-05-27 23:20:00,2.1476034999999998,2
2000-05-27 23:30:00,2.1476034999999998,2
2000-05-27 23:40:00,2.1539449999999998,2
2000-05-27 23:50:00,2.148885,2
2000-05-28 00:00:00,2.148885,2
2000-05-28 00:10:00,2.148885,2
2000-05-28 00:20:00,2.148885,2
2000-05-28 00:30:00,2.146445,2
2000-05-28 00:40:00,1.3959899999999998,2
2000-05-28 00:50:00,0.6953999999999999,2
2000-05-28 01:00:00,0.6953999999999999,2
2000-05-28 01:10:00,0.6929599999999999,2
2000-05-28 01:20:00,0.66856,2
2000-05-28 01:30:00,0.59048,2
2000-05-28 01:40:00,0.52216,2
2000-05-28 01:50:00,0.45872,2
2000-05-28 02:00:00,0.40748,2
2000-05-28 02:10:00,0.36356,2
2000-05-28 02:20:00,0.32696000000000003,2
2000-05-28 02:30:00,0.29768,2
2000-05-28 02:40:00,0.12444,2
2000-05-28 02:50:00,0.13176,2
2000-05-28 03:00:00,0.122,2
2000-05-28 03:10:00,0.11223999999999999,2
2000-05-28 03:20:00,0.09516,2
2000-05-28 03:30:00,0.08783999999999999,2
2000-05-28 03:40:00,0.07808,2
2000-05-28 03:50:00,0.0732,2
2000-05-28 04:00:00,0.0366,2
2000-05-28 04:10:00,0.0,2
2000-05-28 04:20:00,0.0,2
2000-05-28 04:30:00,0.0,2
2000-05-28 04:40:00,0.0,2
2000-05-28 04:50:00,0.0,2
2000-05-28 05:00:00,0.0,2
2000-05-28 05:10:00,0.0,2
2000-05-28 05:20:00,0.0,2
2000-05-28 05:30:00,0.0,2
2000-05-28 05:40:00,0.0,2
2000-05-28 05:50:00,0.0,2
2000-05-28 06:00:00,0.0,2
2000-05-28 06:10:00,0.0,2
2000-05-28 06:20:00,0.0,2
2000-05-28 06:30:00,0.0,2
2000-05-28 06:40:00,0.0,2
2000-05-28 06:50:00,0.0,2
2000-05-28 07:00:00,0.0,2
2000-05-28 07:10:00,0.0,2
2000-05-28 07:20:00,0.0,2
2000-05-28 07:30:00,0.0,2
2000-05-28 07:40:00,0.0,2
2000-05-28 07:50:00,0.0,2
2000-05-28 08:00:00,0.0,2
2000-05-28 08:10:00,0.0,2
2000-05-28 08:20:00,0.0,2
2000-05-28 08:30:00,0.0,2
2000-05-28 08:40:00,0.0,2
2000-05-28 08:50:00,0.0,2
2000-05-28 09:00:00,0.0,2
2000-05-28 09:10:00,0.0,2
2000-05-28 09:20:00,0.0,2
2000-05-28 09:30:00,0.0,2
2000-05-28 09:40:00,0.0,2
2000-05-28 09:50:00,0.0,2
2000-05-28 10:00:00,0.0,2
2000-05-28 10:10:00,0.0,2
2000-05-28 10:20:00,0.0,2
2000-05-28 10:30:00,0.0,2
2000-05-28 10:40:00,0.0,2
2000-05-28 10:50:00,0.36706749999999994,2
2000-05-28 11:00:00,1.390312,2
2000-05-28 11:10:00,0.9116145,2
2000-05-28 11:20:00,1.21268,2
2000-05-28 11:30:00,1.4916735,2
2000-05-28 11:40:00,1.628033,2
2000-05-28 11:50:00,1.5523585000000002,2
2000-05-28 12:00:00,1.5382675000000001,2
2000-05-28 12:10:00,1.5523585000000002,2
2000-05-28 12:20:00,1.3793764999999998,2
2000-05-28 12:30:00,1.3485450000000003,2
2000-05-28 12:40:00,1.344216,2
2000-05-28 12:50:00,1.3346595,2
2000-05-28 13:00:00,1.344216,2
2000-05-28 13:10:00,1.3346190000000002,2
2000-05-28 13:20:00,1.353651,2
2000-05-28 13:30:00,1.353651,2
2000-05-28 13:40:00,1.3512719999999998,2
2000-05-28 13:50:00,1.353651,2
2000-05-28 14:00:00,1.353651,2
2000-05-28 14:10:00,1.3560299999999998,2
2000-05-28 14:20:00,1.3560299999999998,2
2000-05-28 14:30:00,1.353651,2
2000-05-28 14:40:00,0.99552,2
2000-05-28 14:50:00,0.0,2
2000-05-28 15:00:00,0.0,2
2000-05-28 15:10:00,0.0,2
2000-05-28 15:20:00,0.0,2
2000-05-28 15:30:00,0.0,2
2000-05-28 15:40:00,0.6827730000000001,2
2000-05-28 15:50:00,1.0192185,2
2000-05-28 16:00:00,1.021628,2
2000-05-28 16:10:00,1.0192185,2
2000-05-28 16:20:00,1.0015589999999999,2
2000-05-28 16:30:00,1.0015589999999999,2
2000-05-28 16:40:00,1.0143995,2
2000-05-28 16:50:00,0.36636599999999997,2
2000-05-28 17:00:00,0.0,2
2000-05-28 17:10:00,0.0,2
2000-05-28 17:20:00,0.0,2
2000-05-28 17:30:00,0.0,2
2000-05-28 17:40:00,0.0,2
2000-05-28 17:50:00,0.6795359999999999,2
2000-05-28 18:00:00,1.580751,2
2000-05-28 18:10:00,1.849338,2
2000-05-28 18:20:00,1.6114950000000001,2
2000-05-28 18:30:00,1.657855,2
2000-05-28 18:40:00,1.9664275,2
2000-05-28 18:50:00,2.1567475,2
2000-05-28 19:00:00,2.1616275,2
2000-05-28 19:10:00,2.3473040000000003,2
2000-05-28 19:20:00,2.646936,2
2000-05-28 19:30:00,2.646936,2
2000-05-28 19:40:00,2.6517550000000005,2
2000-05-28 19:50:00,2.656574,2
2000-05-28 20:00:00,2.659165,2
2000-05-28 20:10:00,2.6703805000000003,2
2000-05-28 20:20:00,2.639057,2
2000-05-28 20:30:00,2.6751994999999997,2
2000-05-28 20:40:00,2.677609,2
2000-05-28 20:50:00,2.677609,2
2000-05-28 21:00:00,2.677609,2
2000-05-28 21:10:00,2.6800185,2
2000-05-28 21:20:00,2.682428,2
2000-05-28 21:30:00,2.6276155,2
2000-05-28 21:40:00,1.2360735,2
2000-05-28 21:50:00,1.2360735,2
2000-05-28 22:00:00,1.233664,2
2000-05-28 22:10:00,1.233664,2
2000-05-28 22:20:00,1.2312545,2
2000-05-28 22:30:00,1.2216165,2
2000-05-28 22:40:00,1.161379,2
2000-05-28 22:50:00,1.0963225,2
2000-05-28 23:00:00,1.040904,2
2000-05-28 23:10:00,0.992714,2
2000-05-28 23:20:00,0.9517525,2
2000-05-28 23:30:00,0.9180195,2
2000-05-28 23:40:00,0.8891055,2
2000-05-28 23:50:00,0.8987435,2
2000-05-29 00:00:00,0.8553725,2
2000-05-29 00:10:00,0.795135,2
2000-05-29 00:20:00,0.78568,2
2000-05-29 00:30:00,0.7808,2
2000-05-29 00:40:00,0.76128,2
2000-05-29 00:50:00,0.7564,2
2000-05-29 01:00:00,0.74664,2
2000-05-29 01:10:00,0.74176,2
2000-05-29 01:20:00,0.73932,2
2000-05-29 01:30:00,0.78568,2
2000-05-29 01:40:00,0.8288679999999999,2
2000-05-29 01:50:00,0.790316,2
2000-05-29 02:00:00,0.72468,2
2000-05-29 02:10:00,0.75152,2
2000-05-29 02:20:00,0.74664,2
2000-05-29 02:30:00,0.75152,2
2000-05-29 02:40:00,0.75152,2
2000-05-29 02:50:00,0.795135,2
2000-05-29 03:00:00,0.73932,2
2000-05-29 03:10:00,0.7686,2
2000-05-29 03:20:00,0.785497,2
2000-05-29 03:30:00,0.74664,2
2000-05-29 03:40:00,0.7927255,2
2000-05-29 03:50:00,0.780678,2
2000-05-29 04:00:00,0.7124799999999999,2
2000-05-29 04:10:00,0.73444,2
2000-05-29 04:20:00,0.7198,2
2000-05-29 04:30:00,0.6832,2
2000-05-29 04:40:00,0.68564,2
2000-05-29 04:50:00,0.6929599999999999,2
2000-05-29 05:00:00,0.60756,2
2000-05-29 05:10:00,0.9453205,2
2000-05-29 05:20:00,2.039524,2
2000-05-29 05:30:00,2.0649245,2
2000-05-29 05:40:00,1.756164,2
2000-05-29 05:50:00,1.458501,2
2000-05-29 06:00:00,1.458501,2
2000-05-29 06:10:00,1.458501,2
2000-05-29 06:20:00,0.9466819999999999,2
2000-05-29 06:30:00,0.0,2
2000-05-29 06:40:00,0.0,2
2000-05-29 06:50:00,0.0,2
2000-05-29 07:00:00,0.0,2
2000-05-29 07:10:00,0.0,2
2000-05-29 07:20:00,0.0,2
2000-05-29 07:30:00,0.0,2
2000-05-29 07:40:00,0.0,2
2000-05-29 07:50:00,0.0,2
2000-05-29 08:00:00,0.0,2
2000-05-29 08:10:00,0.0,2
2000-05-29 08:20:00,0.0,2
2000-05-29 08:30:00,0.0,2
2000-05-29 08:40:00,0.0,2
2000-05-29 08:50:00,0.0,2
2000-05-29 09:00:00,0.0,2
2000-05-29 09:10:00,0.0,2
2000-05-29 09:20:00,0.0,2
2000-05-29 09:30:00,0.0,2
2000-05-29 09:40:00,0.616628,2
2000-05-29 09:50:00,0.623481,2
2000-05-29 10:00:00,0.6000265,2
2000-05-29 10:10:00,0.6000265,2
2000-05-29 10:20:00,0.6000265,2
2000-05-29 10:30:00,0.6000265,2
2000-05-29 10:40:00,0.6456545,2
2000-05-29 10:50:00,0.33168749999999997,2
2000-05-29 11:00:00,0.5612,2
2000-05-29 11:10:00,0.57096,2
2000-05-29 11:20:00,0.5758399999999999,2
2000-05-29 11:30:00,0.58072,2
2000-05-29 11:40:00,0.58072,2
2000-05-29 11:50:00,0.58316,2
2000-05-29 12:00:00,0.58316,2
2000-05-29 12:10:00,0.5856,2
2000-05-29 12:20:00,0.58316,2
2000-05-29 12:30:00,0.1803465,2
2000-05-29 12:40:00,0.13419999999999999,2
2000-05-29 12:50:00,0.10736,2
2000-05-29 13:00:00,0.048098499999999995,2
2000-05-29 13:10:00,0.13066199999999997,2
2000-05-29 13:20:00,0.0,2
2000-05-29 13:30:00,0.0,2
2000-05-29 13:40:00,0.0,2
2000-05-29 13:50:00,0.0,2
2000-05-29 14:00:00,0.0,2
2000-05-29 14:10:00,0.0,2
2000-05-29 14:20:00,0.0,2
2000-05-29 14:30:00,0.0,2
2000-05-29 14:40:00,0.0,2
2000-05-29 14:50:00,0.0,2
2000-05-29 15:00:00,0.0,2
2000-05-29 15:10:00,0.0,2
2000-05-29 15:20:00,0.0,2
2000-05-29 15:30:00,0.0,2
2000-05-29 15:40:00,0.0,2
2000-05-29 15:50:00,0.0,2
2000-05-29 16:00:00,0.0,2
2000-05-29 16:10:00,0.0,2
2000-05-29 16:20:00,0.0,2
2000-05-29 16:30:00,0.0,2
2000-05-29 16:40:00,0.0,2
2000-05-29 16:50:00,0.0,2
2000-05-29 17:00:00,0.0,2
2000-05-29 17:10:00,0.0,2
2000-05-29 17:20:00,0.0,2
2000-05-29 17:30:00,0.0,2
2000-05-29 17:40:00,0.322629,2
2000-05-29 17:50:00,0.939392,2
2000-05-29 18:00:00,2.0608845000000002,2
2000-05-29 18:10:00,2.380863,2
2000-05-29 18:20:00,3.3772029999999997,2
2000-05-29 18:30:00,4.03294,2
2000-05-29 18:40:00,4.004556000000001,2
2000-05-29 18:50:00,4.033836000000001,2
2000-05-29 19:00:00,4.009436000000001,2
2000-05-29 19:10:00,3.9899160000000005,2
2000-05-29 19:20:00,4.03782,2
2000-05-29 19:30:00,4.03538,2
2000-05-29 19:40:00,4.02074,2
2000-05-29 19:50:00,4.03294,2
2000-05-29 20:00:00,4.026985,2
2000-05-29 20:10:00,4.031865,2
2000-05-29 20:20:00,4.026985,2
2000-05-29 20:30:00,4.036745,2
2000-05-29 20:40:00,4.0358215,2
2000-05-29 20:50:00,4.0312565,2
2000-05-29 21:00:00,4.0385765,2
2000-05-29 21:10:00,4.027714,2
2000-05-29 21:20:00,4.048408,2
2000-05-29 21:30:00,4.033768,2
2000-05-29 21:40:00,4.031643,2
2000-05-29 21:50:00,4.040452,2
2000-05-29 22:00:00,3.4310355,2
2000-05-29 22:10:00,2.675863,2
2000-05-29 22:20:00,2.926551,2
2000-05-29 22:30:00,3.1427875,2
2000-05-29 22:40:00,3.147114,2
2000-05-29 22:50:00,3.147114,2
2000-05-29 23:00:00,3.147213,2
2000-05-29 23:10:00,3.147213,2
2000-05-29 23:20:00,3.147213,2
2000-05-29 23:30:00,3.147213,2
2000-05-29 23:40:00,3.1490445,2
2000-05-29 23:50:00,3.1425929999999997,2
2000-05-30 00:00:00,3.1425929999999997,2
2000-05-30 00:10:00,3.1490445,2
2000-05-30 00:20:00,3.5027695000000003,2
2000-05-30 00:30:00,3.8111855,2
2000-05-30 00:40:00,3.7813625,2
2000-05-30 00:50:00,3.6245719999999997,2
2000-05-30 01:00:00,3.258424,2
2000-05-30 01:10:00,3.265744,2
2000-05-30 01:20:00,3.268184,2
2000-05-30 01:30:00,3.268184,2
2000-05-30 01:40:00,3.265564,2
2000-05-30 01:50:00,3.265564,2
2000-05-30 02:00:00,3.265564,2
2000-05-30 02:10:00,3.265564,2
2000-05-30 02:20:00,3.2720705,2
2000-05-30 02:30:00,3.28083,2
2000-05-30 02:40:00,3.2873365,2
2000-05-30 02:50:00,3.2827165000000003,2
2000-05-30 03:00:00,3.276364,2
2000-05-30 03:10:00,3.276364,2
2000-05-30 03:20:00,3.278804,2
2000-05-30 03:30:00,3.281244,2
2000-05-30 03:40:00,3.281244,2
2000-05-30 03:50:00,3.271484,2
2000-05-30 04:00:00,3.273924,2
2000-05-30 04:10:00,3.2801005000000005,2
2000-05-30 04:20:00,3.2825405000000005,2
2000-05-30 04:30:00,3.2825405000000005,2
2000-05-30 04:40:00,3.2825405000000005,2
2000-05-30 04:50:00,3.2825405000000005,2
2000-05-30 05:00:00,3.2761330000000006,2
2000-05-30 05:10:00,3.2799300000000002,2
2000-05-30 05:20:00,3.2799300000000002,2
2000-05-30 05:30:00,3.2774900000000002,2
2000-05-30 05:40:00,3.2726100000000002,2
2000-05-30 05:50:00,3.2100550000000005,2
2000-05-30 06:00:00,2.9829470000000002,2
2000-05-30 06:10:00,1.6002635,2
2000-05-30 06:20:00,1.551005,2
2000-05-30 06:30:00,1.5102160000000002,2
2000-05-30 06:40:00,1.468045,2
2000-05-30 06:50:00,1.304565,2
2000-05-30 07:00:00,1.218696,2
2000-05-30 07:10:00,0.45872,2
2000-05-30 07:20:00,0.42944,2
2000-05-30 07:30:00,0.45872,2
2000-05-30 07:40:00,0.46604,2
2000-05-30 07:50:00,0.45627999999999996,2
2000-05-30 08:00:00,0.46116,2
2000-05-30 08:10:00,0.44408,2
2000-05-30 08:20:00,0.4636,2
2000-05-30 08:30:00,0.47336,2
2000-05-30 08:40:00,0.4636,2
2000-05-30 08:50:00,0.4636,2
2000-05-30 09:00:00,0.46604,2
2000-05-30 09:10:00,0.59292,2
2000-05-30 09:20:00,0.61732,2
2000-05-30 09:30:00,0.78812,2
2000-05-30 09:40:00,0.9784400000000001,2
2000-05-30 09:50:00,0.9857600000000001,2
2000-05-30 10:00:00,0.9882000000000001,2
2000-05-30 10:10:00,0.9882000000000001,2
2000-05-30 10:20:00,0.99552,2
2000-05-30 10:30:00,0.99552,2
2000-05-30 10:40:00,1.0004,2
2000-05-30 10:50:00,0.99796,2
2000-05-30 11:00:00,0.99796,2
2000-05-30 11:10:00,0.99796,2
2000-05-30 11:20:00,0.99796,2
2000-05-30 11:30:00,0.97112,2
2000-05-30 11:40:00,0.8979199999999999,2
2000-05-30 11:50:00,0.83204,2
2000-05-30 12:00:00,0.78568,2
2000-05-30 12:10:00,0.7564,2
2000-05-30 12:20:00,0.7051599999999999,2
2000-05-30 12:30:00,0.549,2
2000-05-30 12:40:00,0.42944,2
2000-05-30 12:50:00,0.44652,2
2000-05-30 13:00:00,0.49288000000000004,2
2000-05-30 13:10:00,0.49776,2
2000-05-30 13:20:00,0.58072,2
2000-05-30 13:30:00,0.5002,2
2000-05-30 13:40:00,0.549,2
2000-05-30 13:50:00,0.5392399999999999,2
2000-05-30 14:00:00,0.80276,2
2000-05-30 14:10:00,0.77348,2
2000-05-30 14:20:00,0.81496,2
2000-05-30 14:30:00,0.732,2
2000-05-30 14:40:00,0.72956,2
2000-05-30 14:50:00,0.7124799999999999,2
2000-05-30 15:00:00,0.7442,2
2000-05-30 15:10:00,0.6953999999999999,2
2000-05-30 15:20:00,0.78324,2
2000-05-30 15:30:00,0.7149199999999999,2
2000-05-30 15:40:00,0.74176,2
2000-05-30 15:50:00,0.72956,2
2000-05-30 16:00:00,0.7198,2
2000-05-30 16:10:00,0.5756265,2
2000-05-30 16:20:00,0.0,2
2000-05-30 16:30:00,0.0,2
2000-05-30 16:40:00,0.0,2
2000-05-30 16:50:00,0.0,2
2000-05-30 17:00:00,0.0,2
2000-05-30 17:10:00,0.0,2
2000-05-30 17:20:00,0.0,2
2000-05-30 17:30:00,0.0,2
2000-05-30 17:40:00,0.0,2
2000-05-30 17:50:00,1.0204425,2
2000-05-30 18:00:00,2.5531715000000004,2
2000-05-30 18:10:00,2.546665,2
2000-05-30 18:20:00,2.546665,2
2000-05-30 18:30:00,3.293928,2
2000-05-30 18:40:00,3.6006465000000003,2
2000-05-30 18:50:00,3.6022305,2
2000-05-30 19:00:00,3.6022305,2
2000-05-30 19:10:00,3.6022305,2
2000-05-30 19:20:00,3.6022305,2
2000-05-30 19:30:00,3.6022305,2
2000-05-30 19:40:00,3.6022305,2
2000-05-30 19:50:00,3.6116355,2
2000-05-30 20:00:00,4.19322,2
2000-05-30 20:10:00,4.221576499999999,2
2000-05-30 20:20:00,4.224016499999999,2
2000-05-30 20:30:00,4.226456499999999,2
2000-05-30 20:40:00,3.3087025,2
2000-05-30 20:50:00,2.7653060000000003,2
2000-05-30 21:00:00,3.0615765,2
2000-05-30 21:10:00,4.219994,2
2000-05-30 21:20:00,4.219994,2
2000-05-30 21:30:00,4.7086475,2
2000-05-30 21:40:00,3.710488,2
2000-05-30 21:50:00,3.696497,2
2000-05-30 22:00:00,3.8458165,2
2000-05-30 22:10:00,3.844714,2
2000-05-30 22:20:00,3.8465179999999997,2
2000-05-30 22:30:00,3.8465179999999997,2
2000-05-30 22:40:00,3.8554369999999993,2
2000-05-30 22:50:00,2.71432,2
2000-05-30 23:00:00,1.610892,2
2000-05-30 23:10:00,1.611473,2
2000-05-30 23:20:00,1.615512,2
2000-05-30 23:30:00,1.613072,2
2000-05-30 23:40:00,1.613072,2
2000-05-30 23:50:00,1.610892,2
2000-05-31 00:00:00,1.608452,2
2000-05-31 00:10:00,1.610892,2
2000-05-31 00:20:00,1.610892,2
2000-05-31 00:30:00,1.610892,2
2000-05-31 00:40:00,1.608452,2
2000-05-31 00:50:00,1.610892,2
2000-05-31 01:00:00,1.613332,2
2000-05-31 01:10:00,1.610892,2
2000-05-31 01:20:00,1.613332,2
2000-05-31 01:30:00,1.610892,2
2000-05-31 01:40:00,1.613332,2
2000-05-31 01:50:00,1.615772,2
2000-05-31 02:00:00,1.613332,2
2000-05-31 02:10:00,1.613332,2
2000-05-31 02:20:00,1.613332,2
2000-05-31 02:30:00,1.6111520000000001,2
2000-05-31 02:40:00,1.6151360000000001,2
2000-05-31 02:50:00,1.613332,2
2000-05-31 03:00:00,1.6151360000000001,2
2000-05-31 03:10:00,1.6151360000000001,2
2000-05-31 03:20:00,1.6175760000000001,2
2000-05-31 03:30:00,1.6175760000000001,2
2000-05-31 03:40:00,1.6175760000000001,2
2000-05-31 03:50:00,1.6175760000000001,2
2000-05-31 04:00:00,1.6151360000000001,2
2000-05-31 04:10:00,1.617952,2
2000-05-31 04:20:00,1.617952,2
2000-05-31 04:30:00,1.617952,2
2000-05-31 04:40:00,1.615512,2
2000-05-31 04:50:00,1.603572,2
2000-05-31 05:00:00,1.610892,2
2000-05-31 05:10:00,1.610892,2
2000-05-31 05:20:00,1.610892,2
2000-05-31 05:30:00,1.610892,2
2000-05-31 05:40:00,1.608452,2
2000-05-31 05:50:00,2.2225159999999997,2
2000-05-31 06:00:00,3.0684585,2
2000-05-31 06:10:00,1.877698,2
2000-05-31 06:20:00,1.596252,2
2000-05-31 06:30:00,1.603572,2
2000-05-31 06:40:00,1.6075835,2
2000-05-31 06:50:00,1.4354415,2
2000-05-31 07:00:00,1.0903035,2
2000-05-31 07:10:00,0.11899799999999999,2
2000-05-31 07:20:00,0.27087049999999996,2
2000-05-31 07:30:00,0.61,2
2000-05-31 07:40:00,0.61244,2
2000-05-31 07:50:00,0.61244,2
2000-05-31 08:00:00,0.61488,2
2000-05-31 08:10:00,0.61732,2
2000-05-31 08:20:00,0.61,2
2000-05-31 08:30:00,0.60024,2
2000-05-31 08:40:00,0.59292,2
2000-05-31 08:50:00,0.60512,2
2000-05-31 09:00:00,0.63196,2
2000-05-31 09:10:00,0.20752199999999998,2
2000-05-31 09:20:00,1.0784799999999999,2
2000-05-31 09:30:00,1.08824,2
2000-05-31 09:40:00,1.09312,2
2000-05-31 09:50:00,1.09556,2
2000-05-31 10:00:00,1.09556,2
2000-05-31 10:10:00,1.098,2
2000-05-31 10:20:00,1.098,2
2000-05-31 10:30:00,1.09556,2
2000-05-31 10:40:00,1.09556,2
2000-05-31 10:50:00,1.0614,2
2000-05-31 11:00:00,0.99552,2
2000-05-31 11:10:00,0.99552,2
2000-05-31 11:20:00,0.9906400000000001,2
2000-05-31 11:30:00,0.94672,2
2000-05-31 11:40:00,0.89304,2
2000-05-31 11:50:00,0.8515599999999999,2
2000-05-31 12:00:00,0.82228,2
2000-05-31 12:10:00,0.78568,2
2000-05-31 12:20:00,0.76128,2
2000-05-31 12:30:00,0.549,2
2000-05-31 12:40:00,0.50996,2
2000-05-31 12:50:00,0.47336,2
2000-05-31 13:00:00,0.47092,2
2000-05-31 13:10:00,0.22447999999999999,2
2000-05-31 13:20:00,0.105042,2
2000-05-31 13:30:00,0.0,2
2000-05-31 13:40:00,0.248087,2
2000-05-31 13:50:00,0.46604,2
2000-05-31 14:00:00,0.4758,2
2000-05-31 14:10:00,0.47824,2
2000-05-31 14:20:00,0.48068,2
2000-05-31 14:30:00,0.48312,2
2000-05-31 14:40:00,0.48556,2
2000-05-31 14:50:00,0.48556,2
2000-05-31 15:00:00,0.48556,2
2000-05-31 15:10:00,0.48556,2
2000-05-31 15:20:00,0.488,2
2000-05-31 15:30:00,0.488,2
2000-05-31 15:40:00,0.488,2
2000-05-31 15:50:00,0.488,2
2000-05-31 16:00:00,0.488,2
2000-05-31 16:10:00,0.49044000000000004,2
2000-05-31 16:20:00,0.49044000000000004,2
2000-05-31 16:30:00,0.488,2
2000-05-31 16:40:00,0.488,2
2000-05-31 16:50:00,0.488,2
2000-05-31 17:00:00,0.488,2
2000-05-31 17:10:00,0.488,2
2000-05-31 17:20:00,0.48556,2
2000-05-31 17:30:00,0.46604,2
2000-05-31 17:40:00,0.46604,2
2000-05-31 17:50:00,1.1729145,2
2000-05-31 18:00:00,1.6859015,2
2000-05-31 18:10:00,3.8408155000000006,2
2000-05-31 18:20:00,3.8034365,2
2000-05-31 18:30:00,3.6006465000000003,2
2000-05-31 18:40:00,3.5957790000000003,2
2000-05-31 18:50:00,4.3704860000000005,2
2000-05-31 19:00:00,5.098977,2
2000-05-31 19:10:00,4.9712735,2
2000-05-31 19:20:00,4.446594999999999,2
2000-05-31 19:30:00,4.092326,2
2000-05-31 19:40:00,3.7978905000000003,2
2000-05-31 19:50:00,4.107435,2
2000-05-31 20:00:00,4.12734,2
2000-05-31 20:10:00,3.9609510000000006,2
2000-05-31 20:20:00,4.20542,2
2000-05-31 20:30:00,4.1805675,2
2000-05-31 20:40:00,4.1756875,2
2000-05-31 20:50:00,4.1268875000000005,2
2000-05-31 21:00:00,4.768224999999999,2
2000-05-31 21:10:00,4.999510000000001,2
2000-05-31 21:20:00,4.980233999999999,2
2000-05-31 21:30:00,4.6365870000000005,2
2000-05-31 21:40:00,4.416987000000001,2
2000-05-31 21:50:00,4.419427000000001,2
2000-05-31 22:00:00,4.416990500000001,2
2000-05-31 22:10:00,4.416990500000001,2
2000-05-31 22:20:00,4.419430500000001,2
2000-05-31 22:30:00,4.419430500000001,2
2000-05-31 22:40:00,4.425750000000001,2
2000-05-31 22:50:00,4.406471,2
2000-05-31 23:00:00,4.4167190000000005,2
2000-05-31 23:10:00,4.4088805,2
2000-05-31 23:20:00,4.4280195,2
2000-05-31 23:30:00,4.4201505,2
2000-05-31 23:40:00,4.3612475,2
2000-05-31 23:50:00,3.3501535000000002,2
2000-06-01 00:00:00,3.3589350000000002,2
2000-06-01 00:10:00,3.3589350000000002,2
2000-06-01 00:20:00,3.3589350000000002,2
2000-06-01 00:30:00,3.356315,2
2000-06-01 00:40:00,3.353875,2
2000-06-01 00:50:00,2.628896,2
2000-06-01 01:00:00,1.911804,2
2000-06-01 01:10:00,1.909364,2
2000-06-01 01:20:00,1.8999190000000001,2
2000-06-01 01:30:00,1.8706390000000002,2
2000-06-01 01:40:00,1.7705989999999998,2
2000-06-01 01:50:00,1.680319,2
2000-06-01 02:00:00,1.604679,2
2000-06-01 02:10:00,1.541239,2
2000-06-01 02:20:00,1.489999,2
2000-06-01 02:30:00,1.4436390000000001,2
2000-06-01 02:40:00,1.4070390000000002,2
2000-06-01 02:50:00,1.328959,2
2000-06-01 03:00:00,1.245999,2
2000-06-01 03:10:00,1.226479,2
2000-06-01 03:20:00,1.204519,2
2000-06-01 03:30:00,1.182559,2
2000-06-01 03:40:00,1.182559,2
2000-06-01 03:50:00,1.167919,2
2000-06-01 04:00:00,1.163039,2
2000-06-01 04:10:00,1.148399,2
2000-06-01 04:20:00,1.153279,2
2000-06-01 04:30:00,1.150839,2
2000-06-01 04:40:00,1.150839,2
2000-06-01 04:50:00,1.133759,2
2000-06-01 05:00:00,1.141394,2
2000-06-01 05:10:00,1.136514,2
2000-06-01 05:20:00,1.136514,2
2000-06-01 05:30:00,1.121874,2
2000-06-01 05:40:00,1.136514,2
2000-06-01 05:50:00,1.129194,2
2000-06-01 06:00:00,1.134074,2
2000-06-01 06:10:00,1.121874,2
2000-06-01 06:20:00,1.121874,2
2000-06-01 06:30:00,1.124314,2
2000-06-01 06:40:00,1.124314,2
2000-06-01 06:50:00,1.121874,2
2000-06-01 07:00:00,0.8230734999999999,2
2000-06-01 07:10:00,0.0488,2
2000-06-01 07:20:00,0.010126,2
2000-06-01 07:30:00,0.0,2
2000-06-01 07:40:00,0.0,2
2000-06-01 07:50:00,0.0,2
2000-06-01 08:00:00,0.0,2
2000-06-01 08:10:00,0.0,2
2000-06-01 08:20:00,0.0,2
2000-06-01 08:30:00,0.0122,2
2000-06-01 08:40:00,0.00976,2
2000-06-01 08:50:00,0.00976,2
2000-06-01 09:00:00,0.012505,2
2000-06-01 09:10:00,0.0,2
2000-06-01 09:20:00,0.240096,2
2000-06-01 09:30:00,0.36356,2
2000-06-01 09:40:00,0.366,2
2000-06-01 09:50:00,0.36112,2
2000-06-01 10:00:00,0.35868,2
2000-06-01 10:10:00,0.34891999999999995,2
2000-06-01 10:20:00,0.3416,2
2000-06-01 10:30:00,0.3294,2
2000-06-01 10:40:00,0.305,2
2000-06-01 10:50:00,0.27084,2
2000-06-01 11:00:00,0.27328,2
2000-06-01 11:10:00,0.27328,2
2000-06-01 11:20:00,0.281637,2
2000-06-01 11:30:00,0.4768065,2
2000-06-01 11:40:00,0.54412,2
2000-06-01 11:50:00,0.55388,2
2000-06-01 12:00:00,0.55876,2
2000-06-01 12:10:00,0.55876,2
2000-06-01 12:20:00,0.55876,2
2000-06-01 12:30:00,0.55876,2
2000-06-01 12:40:00,0.34891999999999995,2
2000-06-01 12:50:00,0.0123525,2
2000-06-01 13:00:00,0.009882,2
2000-06-01 13:10:00,0.009882,2
2000-06-01 13:20:00,0.009882,2
2000-06-01 13:30:00,0.14823,2
2000-06-01 13:40:00,0.13419999999999999,2
2000-06-01 13:50:00,0.00732,2
2000-06-01 14:00:00,0.00976,2
2000-06-01 14:10:00,0.00732,2
2000-06-01 14:20:00,0.00732,2
2000-06-01 14:30:00,0.00976,2
2000-06-01 14:40:00,0.00976,2
2000-06-01 14:50:00,0.24644000000000002,2
2000-06-01 15:00:00,0.3416,2
2000-06-01 15:10:00,0.35135999999999995,2
2000-06-01 15:20:00,0.30012,2
2000-06-01 15:30:00,0.26839999999999997,2
2000-06-01 15:40:00,0.24156,2
2000-06-01 15:50:00,0.19032,2
2000-06-01 16:00:00,0.21227999999999997,2
2000-06-01 16:10:00,0.37576,2
2000-06-01 16:20:00,0.81496,2
2000-06-01 16:30:00,0.81496,2
2000-06-01 16:40:00,0.81496,2
2000-06-01 16:50:00,0.81252,2
2000-06-01 17:00:00,0.76372,2
2000-06-01 17:10:00,0.67588,2
2000-06-01 17:20:00,0.5392399999999999,2
2000-06-01 17:30:00,0.45383999999999997,2
2000-06-01 17:40:00,0.37576,2
2000-06-01 17:50:00,0.0835395,2
2000-06-01 18:00:00,0.0,2
2000-06-01 18:10:00,0.1909215,2
2000-06-01 18:20:00,2.270928,2
2000-06-01 18:30:00,2.5225365,2
2000-06-01 18:40:00,2.5225365,2
2000-06-01 18:50:00,2.5225365,2
2000-06-01 19:00:00,2.5225365,2
2000-06-01 19:10:00,2.5225365,2
2000-06-01 19:20:00,2.2093390000000004,2
2000-06-01 19:30:00,1.457456,2
2000-06-01 19:40:00,1.457456,2
2000-06-01 19:50:00,1.457456,2
2000-06-01 20:00:00,1.457456,2
2000-06-01 20:10:00,2.0445075,2
2000-06-01 20:20:00,2.1915405000000003,2
2000-06-01 20:30:00,2.4782710000000003,2
2000-06-01 20:40:00,2.439719,2
2000-06-01 20:50:00,2.9097530000000003,2
2000-06-01 21:00:00,3.034215,2
2000-06-01 21:10:00,2.784459,2
2000-06-01 21:20:00,2.5660265,2
2000-06-01 21:30:00,1.8310244999999998,2
2000-06-01 21:40:00,0.30012,2
2000-06-01 21:50:00,0.45383999999999997,2
2000-06-01 22:00:00,0.7808,2
2000-06-01 22:10:00,0.9808800000000001,2
2000-06-01 22:20:00,0.9517525,2
2000-06-01 22:30:00,0.74908,2
2000-06-01 22:40:00,0.75396,2
2000-06-01 22:50:00,0.7564,2
2000-06-01 23:00:00,0.75884,2
2000-06-01 23:10:00,0.76372,2
2000-06-01 23:20:00,0.76372,2
2000-06-01 23:30:00,0.76616,2
2000-06-01 23:40:00,0.76616,2
2000-06-01 23:50:00,0.7686,2
2000-06-02 00:00:00,0.7686,2
2000-06-02 00:10:00,0.7686,2
2000-06-02 00:20:00,0.7686,2
2000-06-02 00:30:00,0.7686,2
2000-06-02 00:40:00,0.7686,2
2000-06-02 00:50:00,0.76128,2
2000-06-02 01:00:00,0.7759199999999999,2
2000-06-02 01:10:00,0.7759199999999999,2
2000-06-02 01:20:00,0.77348,2
2000-06-02 01:30:00,0.76372,2
2000-06-02 01:40:00,0.6832,2
2000-06-02 01:50:00,1.5656545,2
2000-06-02 02:00:00,2.095341,2
2000-06-02 02:10:00,1.987981,2
2000-06-02 02:20:00,1.919661,2
2000-06-02 02:30:00,1.6153549999999999,2
2000-06-02 02:40:00,1.458402,2
2000-06-02 02:50:00,1.458402,2
2000-06-02 03:00:00,1.458402,2
2000-06-02 03:10:00,1.458402,2
2000-06-02 03:20:00,1.458402,2
2000-06-02 03:30:00,1.458402,2
2000-06-02 03:40:00,1.458402,2
2000-06-02 03:50:00,1.458402,2
2000-06-02 04:00:00,1.458402,2
2000-06-02 04:10:00,1.458402,2
2000-06-02 04:20:00,1.458402,2
2000-06-02 04:30:00,1.458501,2
2000-06-02 04:40:00,1.458501,2
2000-06-02 04:50:00,1.458501,2
2000-06-02 05:00:00,1.458501,2
2000-06-02 05:10:00,1.458501,2
2000-06-02 05:20:00,1.458501,2
2000-06-02 05:30:00,1.458501,2
2000-06-02 05:40:00,1.458501,2
2000-06-02 05:50:00,1.458501,2
2000-06-02 06:00:00,1.458501,2
2000-06-02 06:10:00,1.261062,2
2000-06-02 06:20:00,0.0,2
2000-06-02 06:30:00,0.0,2
2000-06-02 06:40:00,0.0,2
2000-06-02 06:50:00,0.0,2
2000-06-02 07:00:00,0.0,2
2000-06-02 07:10:00,0.0,2
2000-06-02 07:20:00,0.0,2
2000-06-02 07:30:00,0.0,2
2000-06-02 07:40:00,0.0,2
2000-06-02 07:50:00,0.0,2
2000-06-02 08:00:00,0.0,2
2000-06-02 08:10:00,0.38765499999999997,2
2000-06-02 08:20:00,0.58804,2
2000-06-02 08:30:00,0.58804,2
2000-06-02 08:40:00,0.56364,2
2000-06-02 08:50:00,0.54412,2
2000-06-02 09:00:00,0.212646,2
2000-06-02 09:10:00,0.15628199999999998,2
2000-06-02 09:20:00,0.46604,2
2000-06-02 09:30:00,0.47092,2
2000-06-02 09:40:00,0.45383999999999997,2
2000-06-02 09:50:00,0.45872,2
2000-06-02 10:00:00,0.4758,2
2000-06-02 10:10:00,0.4758,2
2000-06-02 10:20:00,0.46116,2
2000-06-02 10:30:00,0.4636,2
2000-06-02 10:40:00,0.47824,2
2000-06-02 10:50:00,0.46848,2
2000-06-02 11:00:00,0.45872,2
2000-06-02 11:10:00,0.46604,2
2000-06-02 11:20:00,0.46604,2
2000-06-02 11:30:00,0.4636,2
2000-06-02 11:40:00,0.4636,2
2000-06-02 11:50:00,0.45872,2
2000-06-02 12:00:00,0.46848,2
2000-06-02 12:10:00,0.4636,2
2000-06-02 12:20:00,0.46116,2
2000-06-02 12:30:00,0.4636,2
2000-06-02 12:40:00,0.46604,2
2000-06-02 12:50:00,0.45383999999999997,2
2000-06-02 13:00:00,0.45139999999999997,2
2000-06-02 13:10:00,0.46848,2
2000-06-02 13:20:00,0.44895999999999997,2
2000-06-02 13:30:00,0.4636,2
2000-06-02 13:40:00,0.44895999999999997,2
2000-06-02 13:50:00,0.47336,2
2000-06-02 14:00:00,0.43432,2
2000-06-02 14:10:00,0.4758,2
2000-06-02 14:20:00,0.45383999999999997,2
2000-06-02 14:30:00,0.47092,2
2000-06-02 14:40:00,0.45872,2
2000-06-02 14:50:00,0.4392,2
2000-06-02 15:00:00,0.44895999999999997,2
2000-06-02 15:10:00,0.47336,2
2000-06-02 15:20:00,0.44164,2
2000-06-02 15:30:00,0.46116,2
2000-06-02 15:40:00,0.46604,2
2000-06-02 15:50:00,0.46604,2
2000-06-02 16:00:00,0.45872,2
2000-06-02 16:10:00,0.45872,2
2000-06-02 16:20:00,0.46116,2
2000-06-02 16:30:00,0.44408,2
2000-06-02 16:40:00,0.46116,2
2000-06-02 16:50:00,0.45627999999999996,2
2000-06-02 17:00:00,0.4636,2
2000-06-02 17:10:00,0.4636,2
2000-06-02 17:20:00,0.45627999999999996,2
2000-06-02 17:30:00,0.45627999999999996,2
2000-06-02 17:40:00,0.44895999999999997,2
2000-06-02 17:50:00,0.46116,2
2000-06-02 18:00:00,0.7531375,2
2000-06-02 18:10:00,2.041077,2
2000-06-02 18:20:00,2.1591875,2
2000-06-02 18:30:00,2.1591875,2
2000-06-02 18:40:00,2.1616275,2
2000-06-02 18:50:00,2.1665075,2
2000-06-02 19:00:00,2.1665075,2
2000-06-02 19:10:00,2.1689475,2
2000-06-02 19:20:00,2.1713875,2
2000-06-02 19:30:00,2.1713875,2
2000-06-02 19:40:00,2.1713875,2
2000-06-02 19:50:00,2.1738275,2
2000-06-02 20:00:00,2.1738275,2
2000-06-02 20:10:00,2.1762675,2
2000-06-02 20:20:00,2.185159,2
2000-06-02 20:30:00,2.1789440000000004,2
2000-06-02 20:40:00,2.1789440000000004,2
2000-06-02 20:50:00,1.124779,2
2000-06-02 21:00:00,0.72956,2
2000-06-02 21:10:00,0.72956,2
2000-06-02 21:20:00,0.72956,2
2000-06-02 21:30:00,0.72712,2
2000-06-02 21:40:00,0.72224,2
2000-06-02 21:50:00,0.6953999999999999,2
2000-06-02 22:00:00,0.61,2
2000-06-02 22:10:00,0.52948,2
2000-06-02 22:20:00,0.46604,2
2000-06-02 22:30:00,0.40748,2
2000-06-02 22:40:00,0.36356,2
2000-06-02 22:50:00,0.32452000000000003,2
2000-06-02 23:00:00,0.2928,2
2000-06-02 23:10:00,0.12932,2
2000-06-02 23:20:00,0.11712,2
2000-06-02 23:30:00,0.10248,2
2000-06-02 23:40:00,0.10004,2
2000-06-02 23:50:00,0.09516,2
2000-06-03 00:00:00,0.08052000000000001,2
2000-06-03 00:10:00,0.08296,2
2000-06-03 00:20:00,0.07808,2
2000-06-03 00:30:00,0.037515,2
2000-06-03 00:40:00,0.288591,2
2000-06-03 00:50:00,0.72712,2
2000-06-03 01:00:00,0.6832,2
2000-06-03 01:10:00,0.67832,2
2000-06-03 01:20:00,0.66856,2
2000-06-03 01:30:00,0.6539200000000001,2
2000-06-03 01:40:00,0.61732,2
2000-06-03 01:50:00,0.5782799999999999,2
2000-06-03 02:00:00,0.52948,2
2000-06-03 02:10:00,0.6988595,2
2000-06-03 02:20:00,1.4977965000000002,2
2000-06-03 02:30:00,2.000082,2
2000-06-03 02:40:00,2.007402,2
2000-06-03 02:50:00,2.009842,2
2000-06-03 03:00:00,2.014722,2
2000-06-03 03:10:00,2.013332,2
2000-06-03 03:20:00,2.019701,2
2000-06-03 03:30:00,2.022141,2
2000-06-03 03:40:00,2.795848,2
2000-06-03 03:50:00,3.03532,2
2000-06-03 04:00:00,3.03776,2
2000-06-03 04:10:00,3.035492,2
2000-06-03 04:20:00,3.037932,2
2000-06-03 04:30:00,3.037932,2
2000-06-03 04:40:00,3.040372,2
2000-06-03 04:50:00,3.042812,2
2000-06-03 05:00:00,3.042812,2
2000-06-03 05:10:00,3.055396,2
2000-06-03 05:20:00,3.057836,2
2000-06-03 05:30:00,3.0467535,2
2000-06-03 05:40:00,3.0467535,2
2000-06-03 05:50:00,3.0467535,2
2000-06-03 06:00:00,3.0530180000000002,2
2000-06-03 06:10:00,3.0530180000000002,2
2000-06-03 06:20:00,1.1791179999999999,2
2000-06-03 06:30:00,0.53436,2
2000-06-03 06:40:00,0.53436,2
2000-06-03 06:50:00,0.033305999999999995,2
2000-06-03 07:00:00,0.0,2
2000-06-03 07:10:00,0.0,2
2000-06-03 07:20:00,0.0,2
2000-06-03 07:30:00,0.0,2
2000-06-03 07:40:00,0.0,2
2000-06-03 07:50:00,0.0,2
2000-06-03 08:00:00,0.0,2
2000-06-03 08:10:00,0.0,2
2000-06-03 08:20:00,0.0,2
2000-06-03 08:30:00,0.0,2
2000-06-03 08:40:00,0.0,2
2000-06-03 08:50:00,0.0,2
2000-06-03 09:00:00,0.0,2
2000-06-03 09:10:00,0.0,2
2000-06-03 09:20:00,0.0,2
2000-06-03 09:30:00,0.0,2
2000-06-03 09:40:00,0.0,2
2000-06-03 09:50:00,0.0,2
2000-06-03 10:00:00,0.0,2
2000-06-03 10:10:00,0.0,2
2000-06-03 10:20:00,0.0,2
2000-06-03 10:30:00,0.0,2
2000-06-03 10:40:00,0.0,2
2000-06-03 10:50:00,0.0,2
2000-06-03 11:00:00,0.0,2
2000-06-03 11:10:00,0.0,2
2000-06-03 11:20:00,0.0,2
2000-06-03 11:30:00,0.0,2
2000-06-03 11:40:00,0.0,2
2000-06-03 11:50:00,0.0,2
2000-06-03 12:00:00,0.0,2
2000-06-03 12:10:00,0.0,2
2000-06-03 12:20:00,0.0,2
2000-06-03 12:30:00,0.0,2
2000-06-03 12:40:00,0.0,2
2000-06-03 12:50:00,0.0,2
2000-06-03 13:00:00,0.0,2
2000-06-03 13:10:00,0.0,2
2000-06-03 13:20:00,0.0,2
2000-06-03 13:30:00,0.0,2
2000-06-03 13:40:00,0.0,2
2000-06-03 13:50:00,0.0,2
2000-06-03 14:00:00,0.0,2
2000-06-03 14:10:00,0.0,2
2000-06-03 14:20:00,0.0,2
2000-06-03 14:30:00,0.0,2
2000-06-03 14:40:00,0.0,2
2000-06-03 14:50:00,0.0,2
2000-06-03 15:00:00,0.0,2
2000-06-03 15:10:00,0.0,2
2000-06-03 15:20:00,0.0,2
2000-06-03 15:30:00,0.0,2
2000-06-03 15:40:00,0.0,2
2000-06-03 15:50:00,0.0,2
2000-06-03 16:00:00,0.0,2
2000-06-03 16:10:00,0.0,2
2000-06-03 16:20:00,0.0,2
2000-06-03 16:30:00,0.0,2
2000-06-03 16:40:00,0.0,2
2000-06-03 16:50:00,0.0,2
2000-06-03 17:00:00,0.0,2
2000-06-03 17:10:00,0.0,2
2000-06-03 17:20:00,0.0,2
2000-06-03 17:30:00,0.0,2
2000-06-03 17:40:00,0.0,2
2000-06-03 17:50:00,0.0,2
2000-06-03 18:00:00,0.0,2
2000-06-03 18:10:00,0.0,2
2000-06-03 18:20:00,0.0,2
2000-06-03 18:30:00,0.0,2
2000-06-03 18:40:00,0.0,2
2000-06-03 18:50:00,0.0,2
2000-06-03 19:00:00,0.8664335,2
2000-06-03 19:10:00,1.916759,2
2000-06-03 19:20:00,2.1683675000000004,2
2000-06-03 19:30:00,2.1049275,2
2000-06-03 19:40:00,1.8932275,2
2000-06-03 19:50:00,1.9103075,2
2000-06-03 20:00:00,2.8441975,2
2000-06-03 20:10:00,3.013665,2
2000-06-03 20:20:00,3.0002750000000002,2
2000-06-03 20:30:00,3.0051550000000002,2
2000-06-03 20:40:00,2.7123844999999998,2
2000-06-03 20:50:00,1.5560075,2
2000-06-03 21:00:00,1.5560075,2
2000-06-03 21:10:00,1.5462475,2
2000-06-03 21:20:00,1.5560075,2
2000-06-03 21:30:00,1.5584475,2
2000-06-03 21:40:00,1.5511275,2
2000-06-03 21:50:00,1.5560075,2
2000-06-03 22:00:00,1.5438075,2
2000-06-03 22:10:00,1.5511275,2
2000-06-03 22:20:00,1.5584475,2
2000-06-03 22:30:00,1.5511275,2
2000-06-03 22:40:00,1.5392700000000001,2
2000-06-03 22:50:00,1.5539100000000001,2
2000-06-03 23:00:00,2.136241,2
2000-06-03 23:10:00,3.0110805000000003,2
2000-06-03 23:20:00,3.0119490000000004,2
2000-06-03 23:30:00,3.020923,2
2000-06-03 23:40:00,3.0189265,2
2000-06-03 23:50:00,3.006213,2
2000-06-04 00:00:00,3.023293,2
2000-06-04 00:10:00,3.006213,2
2000-06-04 00:20:00,3.002438,2
2000-06-04 00:30:00,3.0102715,2
2000-06-04 00:40:00,2.9886540000000004,2
2000-06-04 00:50:00,3.0057340000000003,2
2000-06-04 01:00:00,3.0008540000000004,2
2000-06-04 01:10:00,3.0008540000000004,2
2000-06-04 01:20:00,3.0008540000000004,2
2000-06-04 01:30:00,3.012268,2
2000-06-04 01:40:00,3.0077030000000002,2
2000-06-04 01:50:00,2.9955030000000002,2
2000-06-04 02:00:00,3.006368,2
2000-06-04 02:10:00,3.0103245000000003,2
2000-06-04 02:20:00,3.004836,2
2000-06-04 02:30:00,3.012156,2
2000-06-04 02:40:00,3.007276,2
2000-06-04 02:50:00,3.0137549999999997,2
2000-06-04 03:00:00,3.0235149999999997,2
2000-06-04 03:10:00,2.89008,2
2000-06-04 03:20:00,2.1783010000000003,2
2000-06-04 03:30:00,2.2256834999999997,2
2000-06-04 03:40:00,2.2305635,2
2000-06-04 03:50:00,2.2281234999999997,2
2000-06-04 04:00:00,2.2330035,2
2000-06-04 04:10:00,2.2281234999999997,2
2000-06-04 04:20:00,1.9096019999999998,2
2000-06-04 04:30:00,1.8483520000000002,2
2000-06-04 04:40:00,1.8483520000000002,2
2000-06-04 04:50:00,1.8483520000000002,2
2000-06-04 05:00:00,1.8483520000000002,2
2000-06-04 05:10:00,1.8437320000000001,2
2000-06-04 05:20:00,1.9959280000000001,2
2000-06-04 05:30:00,3.017284,2
2000-06-04 05:40:00,3.2859955,2
2000-06-04 05:50:00,3.2859955,2
2000-06-04 06:00:00,3.2859955,2
2000-06-04 06:10:00,2.3747534999999997,2
2000-06-04 06:20:00,2.224525,2
2000-06-04 06:30:00,2.222085,2
2000-06-04 06:40:00,1.14751,2
2000-06-04 06:50:00,0.76372,2
2000-06-04 07:00:00,0.76616,2
2000-06-04 07:10:00,0.76616,2
2000-06-04 07:20:00,0.76372,2
2000-06-04 07:30:00,0.76372,2
2000-06-04 07:40:00,0.75884,2
2000-06-04 07:50:00,0.73932,2
2000-06-04 08:00:00,0.72224,2
2000-06-04 08:10:00,0.62708,2
2000-06-04 08:20:00,0.5978,2
2000-06-04 08:30:00,0.549,2
2000-06-04 08:40:00,0.47824,2
2000-06-04 08:50:00,0.48312,2
2000-06-04 09:00:00,0.62952,2
2000-06-04 09:10:00,0.7442,2
2000-06-04 09:20:00,0.58072,2
2000-06-04 09:30:00,0.56608,2
2000-06-04 09:40:00,0.66368,2
2000-06-04 09:50:00,0.66368,2
2000-06-04 10:00:00,0.66856,2
2000-06-04 10:10:00,0.671,2
2000-06-04 10:20:00,0.671,2
2000-06-04 10:30:00,0.67588,2
2000-06-04 10:40:00,0.67832,2
2000-06-04 10:50:00,0.67832,2
2000-06-04 11:00:00,0.68076,2
2000-06-04 11:10:00,0.67832,2
2000-06-04 11:20:00,0.68076,2
2000-06-04 11:30:00,0.67832,2
2000-06-04 11:40:00,0.66612,2
2000-06-04 11:50:00,0.6588,2
2000-06-04 12:00:00,0.6588,2
2000-06-04 12:10:00,0.6588,2
2000-06-04 12:20:00,0.66124,2
2000-06-04 12:30:00,0.6588,2
2000-06-04 12:40:00,0.6588,2
2000-06-04 12:50:00,0.6588,2
2000-06-04 13:00:00,0.6588,2
2000-06-04 13:10:00,0.59292,2
2000-06-04 13:20:00,0.6441600000000001,2
2000-06-04 13:30:00,0.6441600000000001,2
2000-06-04 13:40:00,0.6417200000000001,2
2000-06-04 13:50:00,0.63928,2
2000-06-04 14:00:00,0.63684,2
2000-06-04 14:10:00,0.63684,2
2000-06-04 14:20:00,0.63684,2
2000-06-04 14:30:00,0.63928,2
2000-06-04 14:40:00,0.63928,2
2000-06-04 14:50:00,0.6417200000000001,2
2000-06-04 15:00:00,0.63928,2
2000-06-04 15:10:00,0.6417200000000001,2
2000-06-04 15:20:00,0.63928,2
2000-06-04 15:30:00,0.6441600000000001,2
2000-06-04 15:40:00,0.6441600000000001,2
2000-06-04 15:50:00,0.6441600000000001,2
2000-06-04 16:00:00,0.6441600000000001,2
2000-06-04 16:10:00,0.74908,2
2000-06-04 16:20:00,0.78812,2
2000-06-04 16:30:00,0.7808,2
2000-06-04 16:40:00,0.78568,2
2000-06-04 16:50:00,0.78812,2
2000-06-04 17:00:00,0.78812,2
2000-06-04 17:10:00,0.79056,2
2000-06-04 17:20:00,0.79056,2
2000-06-04 17:30:00,0.78812,2
2000-06-04 17:40:00,0.76616,2
2000-06-04 17:50:00,0.76616,2
2000-06-04 18:00:00,1.5222179999999998,2
2000-06-04 18:10:00,1.457456,2
2000-06-04 18:20:00,1.457456,2
2000-06-04 18:30:00,1.457456,2
2000-06-04 18:40:00,1.457456,2
2000-06-04 18:50:00,1.889826,2
2000-06-04 19:00:00,1.457456,2
2000-06-04 19:10:00,1.457456,2
2000-06-04 19:20:00,1.4512960000000001,2
2000-06-04 19:30:00,1.4512960000000001,2
2000-06-04 19:40:00,1.4512960000000001,2
2000-06-04 19:50:00,1.4512960000000001,2
2000-06-04 20:00:00,1.6538160000000002,2
2000-06-04 20:10:00,2.0445075,2
2000-06-04 20:20:00,2.0493875,2
2000-06-04 20:30:00,2.0493875,2
2000-06-04 20:40:00,2.0493875,2
2000-06-04 20:50:00,2.0518275,2
2000-06-04 21:00:00,2.0518275,2
2000-06-04 21:10:00,2.058279,2
2000-06-04 21:20:00,2.058279,2
2000-06-04 21:30:00,2.0554,2
2000-06-04 21:40:00,1.9420275,2
2000-06-04 21:50:00,1.853981,2
2000-06-04 22:00:00,0.49288000000000004,2
2000-06-04 22:10:00,0.49044000000000004,2
2000-06-04 22:20:00,0.49776,2
2000-06-04 22:30:00,0.49044000000000004,2
2000-06-04 22:40:00,0.49288000000000004,2
2000-06-04 22:50:00,0.488,2
2000-06-04 23:00:00,0.49776,2
2000-06-04 23:10:00,0.47824,2
2000-06-04 23:20:00,0.49532000000000004,2
2000-06-04 23:30:00,0.488,2
2000-06-04 23:40:00,0.49776,2
2000-06-04 23:50:00,0.49776,2
2000-06-05 00:00:00,0.52216,2
2000-06-05 00:10:00,0.50508,2
2000-06-05 00:20:00,0.50508,2
2000-06-05 00:30:00,0.51484,2
2000-06-05 00:40:00,0.53436,2
2000-06-05 00:50:00,0.6677425,2
2000-06-05 01:00:00,1.9590960000000002,2
2000-06-05 01:10:00,1.946402,2
2000-06-05 01:20:00,1.939082,2
2000-06-05 01:30:00,1.951282,2
2000-06-05 01:40:00,1.956162,2
2000-06-05 01:50:00,1.970802,2
2000-06-05 02:00:00,2.4928559999999997,2
2000-06-05 02:10:00,2.403956,2
2000-06-05 02:20:00,2.355766,2
2000-06-05 02:30:00,2.3388995,2
2000-06-05 02:40:00,2.3099855,2
2000-06-05 02:50:00,2.2915634999999996,2
2000-06-05 03:00:00,1.7736325,2
2000-06-05 03:10:00,1.458402,2
2000-06-05 03:20:00,1.458402,2
2000-06-05 03:30:00,1.458402,2
2000-06-05 03:40:00,1.458402,2
2000-06-05 03:50:00,1.458402,2
2000-06-05 04:00:00,1.458402,2
2000-06-05 04:10:00,1.458402,2
2000-06-05 04:20:00,1.458402,2
2000-06-05 04:30:00,1.458402,2
2000-06-05 04:40:00,1.458402,2
2000-06-05 04:50:00,1.452132,2
2000-06-05 05:00:00,1.458501,2
2000-06-05 05:10:00,1.458501,2
2000-06-05 05:20:00,1.458501,2
2000-06-05 05:30:00,1.548171,2
2000-06-05 05:40:00,2.24862,2
2000-06-05 05:50:00,2.263077,2
2000-06-05 06:00:00,2.2742155,2
2000-06-05 06:10:00,2.276625,2
2000-06-05 06:20:00,2.2790345,2
2000-06-05 06:30:00,2.2537565,2
2000-06-05 06:40:00,0.8288679999999999,2
2000-06-05 06:50:00,0.8288679999999999,2
2000-06-05 07:00:00,0.833687,2
2000-06-05 07:10:00,0.8360964999999999,2
2000-06-05 07:20:00,0.8360964999999999,2
2000-06-05 07:30:00,0.8466799999999999,2
2000-06-05 07:40:00,0.8442399999999999,2
2000-06-05 07:50:00,0.8417999999999999,2
2000-06-05 08:00:00,0.83692,2
2000-06-05 08:10:00,0.82472,2
2000-06-05 08:20:00,0.81984,2
2000-06-05 08:30:00,0.81496,2
2000-06-05 08:40:00,0.81008,2
2000-06-05 08:50:00,0.74176,2
2000-06-05 09:00:00,0.65636,2
2000-06-05 09:10:00,0.60024,2
2000-06-05 09:20:00,0.54656,2
2000-06-05 09:30:00,0.48068,2
2000-06-05 09:40:00,0.47824,2
2000-06-05 09:50:00,0.39528,2
2000-06-05 10:00:00,0.35379999999999995,2
2000-06-05 10:10:00,0.30744,2
2000-06-05 10:20:00,0.16592,2
2000-06-05 10:30:00,0.0617625,2
2000-06-05 10:40:00,0.103761,2
2000-06-05 10:50:00,0.09882,2
2000-06-05 11:00:00,0.069174,2
2000-06-05 11:10:00,0.1111725,2
2000-06-05 11:20:00,0.0716445,2
2000-06-05 11:30:00,0.1210545,2
2000-06-05 11:40:00,0.0419985,2
2000-06-05 11:50:00,0.09882,2
2000-06-05 12:00:00,0.046939499999999995,2
2000-06-05 12:10:00,0.1161135,2
2000-06-05 12:20:00,0.034587,2
2000-06-05 12:30:00,0.10623149999999999,2
2000-06-05 12:40:00,0.059292,2
2000-06-05 12:50:00,0.029646,2
2000-06-05 13:00:00,0.083997,2
2000-06-05 13:10:00,0.079056,2
2000-06-05 13:20:00,0.12599549999999998,2
2000-06-05 13:30:00,0.54656,2
2000-06-05 13:40:00,0.6222,2
2000-06-05 13:50:00,0.62464,2
2000-06-05 14:00:00,0.62708,2
2000-06-05 14:10:00,0.67588,2
2000-06-05 14:20:00,0.62952,2
2000-06-05 14:30:00,0.68076,2
2000-06-05 14:40:00,0.66124,2
2000-06-05 14:50:00,0.63928,2
2000-06-05 15:00:00,0.63684,2
2000-06-05 15:10:00,0.6344,2
2000-06-05 15:20:00,0.63684,2
2000-06-05 15:30:00,0.62952,2
2000-06-05 15:40:00,0.62708,2
2000-06-05 15:50:00,0.62708,2
2000-06-05 16:00:00,0.61976,2
2000-06-05 16:10:00,0.62708,2
2000-06-05 16:20:00,0.6344,2
2000-06-05 16:30:00,0.63196,2
2000-06-05 16:40:00,0.6344,2
2000-06-05 16:50:00,0.6344,2
2000-06-05 17:00:00,0.6344,2
2000-06-05 17:10:00,0.63196,2
2000-06-05 17:20:00,0.6344,2
2000-06-05 17:30:00,0.6344,2
2000-06-05 17:40:00,0.63196,2
2000-06-05 17:50:00,1.0654555,2
2000-06-05 18:00:00,2.075359,2
2000-06-05 18:10:00,2.069776,2
2000-06-05 18:20:00,2.069776,2
2000-06-05 18:30:00,2.0762275,2
2000-06-05 18:40:00,1.9965760000000001,2
2000-06-05 18:50:00,1.7095090000000002,2
2000-06-05 19:00:00,2.6239575,2
2000-06-05 19:10:00,2.008114,2
2000-06-05 19:20:00,1.9200675,2
2000-06-05 19:30:00,1.9176275,2
2000-06-05 19:40:00,2.0103885,2
2000-06-05 19:50:00,1.9151875,2
2000-06-05 20:00:00,1.9322675,2
2000-06-05 20:10:00,1.9005475,2
2000-06-05 20:20:00,1.9273875,2
2000-06-05 20:30:00,1.9273875,2
2000-06-05 20:40:00,1.9249475,2
2000-06-05 20:50:00,1.9151875,2
2000-06-05 21:00:00,1.9249475,2
2000-06-05 21:10:00,1.9395875,2
2000-06-05 21:20:00,1.9273875,2
2000-06-05 21:30:00,1.068587,2
2000-06-05 21:40:00,0.48068,2
2000-06-05 21:50:00,0.47824,2
2000-06-05 22:00:00,0.4758,2
2000-06-05 22:10:00,0.47336,2
2000-06-05 22:20:00,0.48068,2
2000-06-05 22:30:00,0.48312,2
2000-06-05 22:40:00,0.4758,2
2000-06-05 22:50:00,0.48068,2
2000-06-05 23:00:00,0.47824,2
2000-06-05 23:10:00,0.49044000000000004,2
2000-06-05 23:20:00,0.48068,2
2000-06-05 23:30:00,0.48556,2
2000-06-05 23:40:00,0.48312,2
2000-06-05 23:50:00,0.46604,2
2000-06-06 00:00:00,0.47336,2
2000-06-06 00:10:00,0.488,2
2000-06-06 00:20:00,0.47092,2
2000-06-06 00:30:00,0.4758,2
2000-06-06 00:40:00,0.48556,2
2000-06-06 00:50:00,0.47824,2
2000-06-06 01:00:00,0.46848,2
2000-06-06 01:10:00,0.47092,2
2000-06-06 01:20:00,0.47824,2
2000-06-06 01:30:00,0.46604,2
2000-06-06 01:40:00,0.47092,2
2000-06-06 01:50:00,0.335988,2
2000-06-06 02:00:00,0.0,2
2000-06-06 02:10:00,0.0,2
2000-06-06 02:20:00,0.0,2
2000-06-06 02:30:00,0.0,2
2000-06-06 02:40:00,0.0,2
2000-06-06 02:50:00,0.0,2
2000-06-06 03:00:00,0.0,2
2000-06-06 03:10:00,0.0,2
2000-06-06 03:20:00,0.0,2
2000-06-06 03:30:00,0.0,2
2000-06-06 03:40:00,0.0,2
2000-06-06 03:50:00,0.0,2
2000-06-06 04:00:00,0.0,2
2000-06-06 04:10:00,0.0,2
2000-06-06 04:20:00,0.0,2
2000-06-06 04:30:00,0.0,2
2000-06-06 04:40:00,0.0,2
2000-06-06 04:50:00,0.0,2
2000-06-06 05:00:00,0.0,2
2000-06-06 05:10:00,0.0,2
2000-06-06 05:20:00,0.0,2
2000-06-06 05:30:00,1.3290089999999999,2
2000-06-06 05:40:00,1.458402,2
2000-06-06 05:50:00,2.076294,2
2000-06-06 06:00:00,2.5278,2
2000-06-06 06:10:00,0.6295520000000001,2
2000-06-06 06:20:00,0.0,2
2000-06-06 06:30:00,0.0,2
2000-06-06 06:40:00,0.0,2
2000-06-06 06:50:00,0.0,2
2000-06-06 07:00:00,0.0,2
2000-06-06 07:10:00,0.0,2
2000-06-06 07:20:00,0.0,2
2000-06-06 07:30:00,0.0,2
2000-06-06 07:40:00,0.0,2
2000-06-06 07:50:00,0.0,2
2000-06-06 08:00:00,0.0,2
2000-06-06 08:10:00,0.0,2
2000-06-06 08:20:00,0.0,2
2000-06-06 08:30:00,0.92964,2
2000-06-06 08:40:00,1.01016,2
2000-06-06 08:50:00,0.9882000000000001,2
2000-06-06 09:00:00,0.9906400000000001,2
2000-06-06 09:10:00,1.00284,2
2000-06-06 09:20:00,1.0126,2
2000-06-06 09:30:00,1.01992,2
2000-06-06 09:40:00,1.0248,2
2000-06-06 09:50:00,1.03212,2
2000-06-06 10:00:00,1.03212,2
2000-06-06 10:10:00,1.03456,2
2000-06-06 10:20:00,1.03944,2
2000-06-06 10:30:00,1.04188,2
2000-06-06 10:40:00,1.04432,2
2000-06-06 10:50:00,1.04432,2
2000-06-06 11:00:00,1.04188,2
2000-06-06 11:10:00,1.04432,2
2000-06-06 11:20:00,1.04188,2
2000-06-06 11:30:00,1.03212,2
2000-06-06 11:40:00,0.99308,2
2000-06-06 11:50:00,0.94672,2
2000-06-06 12:00:00,0.9101199999999999,2
2000-06-06 12:10:00,0.87596,2
2000-06-06 12:20:00,0.8491199999999999,2
2000-06-06 12:30:00,0.82716,2
2000-06-06 12:40:00,0.76128,2
2000-06-06 12:50:00,0.6417200000000001,2
2000-06-06 13:00:00,0.67588,2
2000-06-06 13:10:00,0.68564,2
2000-06-06 13:20:00,0.68076,2
2000-06-06 13:30:00,0.6953999999999999,2
2000-06-06 13:40:00,0.66124,2
2000-06-06 13:50:00,0.66612,2
2000-06-06 14:00:00,0.66612,2
2000-06-06 14:10:00,0.66856,2
2000-06-06 14:20:00,0.6588,2
2000-06-06 14:30:00,0.390156,2
2000-06-06 14:40:00,0.0,2
2000-06-06 14:50:00,0.0,2
2000-06-06 15:00:00,0.0,2
2000-06-06 15:10:00,0.0,2
2000-06-06 15:20:00,0.0,2
2000-06-06 15:30:00,0.0,2
2000-06-06 15:40:00,0.0,2
2000-06-06 15:50:00,0.0,2
2000-06-06 16:00:00,0.0959225,2
2000-06-06 16:10:00,0.61976,2
2000-06-06 16:20:00,0.58804,2
2000-06-06 16:30:00,0.63196,2
2000-06-06 16:40:00,0.63196,2
2000-06-06 16:50:00,0.63196,2
2000-06-06 17:00:00,0.63196,2
2000-06-06 17:10:00,0.63196,2
2000-06-06 17:20:00,0.63196,2
2000-06-06 17:30:00,0.63196,2
2000-06-06 17:40:00,0.63196,2
2000-06-06 17:50:00,0.38765499999999997,2
2000-06-06 18:00:00,0.0,2
2000-06-06 18:10:00,0.855954,2
2000-06-06 18:20:00,1.067066,2
2000-06-06 18:30:00,1.067066,2
2000-06-06 18:40:00,1.8335569999999999,2
2000-06-06 18:50:00,2.5246320000000004,2
2000-06-06 19:00:00,2.5225365,2
2000-06-06 19:10:00,2.5225365,2
2000-06-06 19:20:00,2.5225365,2
2000-06-06 19:30:00,2.5225365,2
2000-06-06 19:40:00,2.5225365,2
2000-06-06 19:50:00,2.511784,2
2000-06-06 20:00:00,2.511784,2
2000-06-06 20:10:00,2.5182080000000004,2
2000-06-06 20:20:00,2.777782,2
2000-06-06 20:30:00,3.1488175,2
2000-06-06 20:40:00,3.1390575,2
2000-06-06 20:50:00,3.1414975,2
2000-06-06 21:00:00,3.130635,2
2000-06-06 21:10:00,3.133075,2
2000-06-06 21:20:00,3.133075,2
2000-06-06 21:30:00,0.762903,2
2000-06-06 21:40:00,0.6222,2
2000-06-06 21:50:00,0.6222,2
2000-06-06 22:00:00,0.6222,2
2000-06-06 22:10:00,0.6222,2
2000-06-06 22:20:00,0.6222,2
2000-06-06 22:30:00,0.6222,2
2000-06-06 22:40:00,0.62464,2
2000-06-06 22:50:00,0.6222,2
2000-06-06 23:00:00,0.6222,2
2000-06-06 23:10:00,0.6222,2
2000-06-06 23:20:00,0.6222,2
2000-06-06 23:30:00,0.6222,2
2000-06-06 23:40:00,0.61976,2
2000-06-06 23:50:00,0.61732,2
2000-06-07 00:00:00,0.61488,2
2000-06-07 00:10:00,0.61732,2
2000-06-07 00:20:00,0.61732,2
2000-06-07 00:30:00,0.61732,2
2000-06-07 00:40:00,0.61732,2
2000-06-07 00:50:00,0.61976,2
2000-06-07 01:00:00,0.61976,2
2000-06-07 01:10:00,0.61976,2
2000-06-07 01:20:00,0.61976,2
2000-06-07 01:30:00,0.61976,2
2000-06-07 01:40:00,0.61976,2
2000-06-07 01:50:00,0.61976,2
2000-06-07 02:00:00,0.61976,2
2000-06-07 02:10:00,0.61976,2
2000-06-07 02:20:00,0.61976,2
2000-06-07 02:30:00,0.61976,2
2000-06-07 02:40:00,0.6222,2
2000-06-07 02:50:00,0.61976,2
2000-06-07 03:00:00,0.61976,2
2000-06-07 03:10:00,0.6222,2
2000-06-07 03:20:00,0.61976,2
2000-06-07 03:30:00,0.61976,2
2000-06-07 03:40:00,0.61976,2
2000-06-07 03:50:00,0.61976,2
2000-06-07 04:00:00,0.60024,2
2000-06-07 04:10:00,0.50264,2
2000-06-07 04:20:00,0.50264,2
2000-06-07 04:30:00,0.50264,2
2000-06-07 04:40:00,0.5002,2
2000-06-07 04:50:00,0.50264,2
2000-06-07 05:00:00,0.50264,2
2000-06-07 05:10:00,0.5002,2
2000-06-07 05:20:00,0.49532000000000004,2
2000-06-07 05:30:00,0.40992,2
2000-06-07 05:40:00,0.00244,2
2000-06-07 05:50:00,0.086667,2
2000-06-07 06:00:00,0.00244,2
2000-06-07 06:10:00,0.00244,2
2000-06-07 06:20:00,0.00244,2
2000-06-07 06:30:00,0.00244,2
2000-06-07 06:40:00,0.00244,2
2000-06-07 06:50:00,0.00244,2
2000-06-07 07:00:00,0.00244,2
2000-06-07 07:10:00,0.00244,2
2000-06-07 07:20:00,0.07564,2
2000-06-07 07:30:00,0.49532000000000004,2
2000-06-07 07:40:00,0.06832,2
2000-06-07 07:50:00,0.00244,2
2000-06-07 08:00:00,0.00244,2
2000-06-07 08:10:00,0.00244,2
2000-06-07 08:20:00,0.00244,2
2000-06-07 08:30:00,0.41967999999999994,2
2000-06-07 08:40:00,0.74908,2
2000-06-07 08:50:00,0.75884,2
2000-06-07 09:00:00,0.76616,2
2000-06-07 09:10:00,0.7686,2
2000-06-07 09:20:00,0.77104,2
2000-06-07 09:30:00,0.7759199999999999,2
2000-06-07 09:40:00,0.7686,2
2000-06-07 09:50:00,0.77104,2
2000-06-07 10:00:00,0.77348,2
2000-06-07 10:10:00,0.7686,2
2000-06-07 10:20:00,0.76616,2
2000-06-07 10:30:00,0.7759199999999999,2
2000-06-07 10:40:00,0.7759199999999999,2
2000-06-07 10:50:00,0.77836,2
2000-06-07 11:00:00,0.77836,2
2000-06-07 11:10:00,0.77836,2
2000-06-07 11:20:00,0.7808,2
2000-06-07 11:30:00,0.77836,2
2000-06-07 11:40:00,0.77836,2
2000-06-07 11:50:00,0.75152,2
2000-06-07 12:00:00,0.74664,2
2000-06-07 12:10:00,0.74664,2
2000-06-07 12:20:00,0.7442,2
2000-06-07 12:30:00,0.7027199999999999,2
2000-06-07 12:40:00,0.61244,2
2000-06-07 12:50:00,0.53436,2
2000-06-07 13:00:00,0.46116,2
2000-06-07 13:10:00,0.42211999999999994,2
2000-06-07 13:20:00,0.38552,2
2000-06-07 13:30:00,0.30256,2
2000-06-07 13:40:00,0.2318,2
2000-06-07 13:50:00,0.0,2
2000-06-07 14:00:00,0.10736,2
2000-06-07 14:10:00,0.26839999999999997,2
2000-06-07 14:20:00,0.08052000000000001,2
2000-06-07 14:30:00,0.30012,2
2000-06-07 14:40:00,0.11712,2
2000-06-07 14:50:00,0.16652999999999998,2
2000-06-07 15:00:00,0.380457,2
2000-06-07 15:10:00,0.27816,2
2000-06-07 15:20:00,0.46848,2
2000-06-07 15:30:00,0.46604,2
2000-06-07 15:40:00,0.46604,2
2000-06-07 15:50:00,0.46604,2
2000-06-07 16:00:00,0.46604,2
2000-06-07 16:10:00,0.46848,2
2000-06-07 16:20:00,0.46604,2
2000-06-07 16:30:00,0.45872,2
2000-06-07 16:40:00,0.47824,2
2000-06-07 16:50:00,0.45383999999999997,2
2000-06-07 17:00:00,0.47092,2
2000-06-07 17:10:00,0.47824,2
2000-06-07 17:20:00,0.48068,2
2000-06-07 17:30:00,0.49288000000000004,2
2000-06-07 17:40:00,0.47824,2
2000-06-07 17:50:00,0.07259,2
2000-06-07 18:00:00,1.3754134999999998,2
2000-06-07 18:10:00,1.457456,2
2000-06-07 18:20:00,1.457456,2
2000-06-07 18:30:00,1.457456,2
2000-06-07 18:40:00,1.457456,2
2000-06-07 18:50:00,1.995532,2
2000-06-07 19:00:00,2.5225365,2
2000-06-07 19:10:00,2.5225365,2
2000-06-07 19:20:00,3.0410580000000005,2
2000-06-07 19:30:00,3.871444,2
2000-06-07 19:40:00,3.715686,2
2000-06-07 19:50:00,3.6168965,2
2000-06-07 20:00:00,2.5225365,2
2000-06-07 20:10:00,2.5225365,2
2000-06-07 20:20:00,2.5225365,2
2000-06-07 20:30:00,2.5182080000000004,2
2000-06-07 20:40:00,2.5246320000000004,2
2000-06-07 20:50:00,2.5246320000000004,2
2000-06-07 21:00:00,2.3762005,2
2000-06-07 21:10:00,2.3180240000000003,2
2000-06-07 21:20:00,2.2936240000000003,2
2000-06-07 21:30:00,2.2838640000000003,2
2000-06-07 21:40:00,2.2619040000000004,2
2000-06-07 21:50:00,0.49041,2
2000-06-07 22:00:00,0.0,2
2000-06-07 22:10:00,0.0,2
2000-06-07 22:20:00,0.0,2
2000-06-07 22:30:00,0.0,2
2000-06-07 22:40:00,0.0,2
2000-06-07 22:50:00,0.0,2
2000-06-07 23:00:00,0.0,2
2000-06-07 23:10:00,0.0,2
2000-06-07 23:20:00,0.1115455,2
2000-06-07 23:30:00,2.2811760000000003,2
2000-06-07 23:40:00,2.295322,2
2000-06-07 23:50:00,2.236762,2
2000-06-08 00:00:00,2.1782019999999997,2
2000-06-08 00:10:00,2.112322,2
2000-06-08 00:20:00,2.039122,2
2000-06-08 00:30:00,1.968362,2
2000-06-08 00:40:00,1.456097,2
2000-06-08 00:50:00,0.0,2
2000-06-08 01:00:00,0.0,2
2000-06-08 01:10:00,0.0,2
2000-06-08 01:20:00,0.0,2
2000-06-08 01:30:00,0.0,2
2000-06-08 01:40:00,0.0,2
2000-06-08 01:50:00,0.0,2
2000-06-08 02:00:00,0.0,2
2000-06-08 02:10:00,0.0,2
2000-06-08 02:20:00,1.455511,2
2000-06-08 02:30:00,2.214945,2
2000-06-08 02:40:00,2.222265,2
2000-06-08 02:50:00,2.2208034999999997,2
2000-06-08 03:00:00,2.227145,2
2000-06-08 03:10:00,2.227145,2
2000-06-08 03:20:00,2.227145,2
2000-06-08 03:30:00,2.227145,2
2000-06-08 03:40:00,2.227145,2
2000-06-08 03:50:00,2.229585,2
2000-06-08 04:00:00,2.229585,2
2000-06-08 04:10:00,2.207625,2
2000-06-08 04:20:00,2.195425,2
2000-06-08 04:30:00,2.195245,2
2000-06-08 04:40:00,2.195245,2
2000-06-08 04:50:00,2.197685,2
2000-06-08 05:00:00,2.097825,2
2000-06-08 05:10:00,2.097645,2
2000-06-08 05:20:00,2.097645,2
2000-06-08 05:30:00,2.100085,2
2000-06-08 05:40:00,1.2031429999999999,2
2000-06-08 05:50:00,0.6514800000000001,2
2000-06-08 06:00:00,0.6539200000000001,2
2000-06-08 06:10:00,0.65636,2
2000-06-08 06:20:00,0.65636,2
2000-06-08 06:30:00,0.65636,2
2000-06-08 06:40:00,0.6490400000000001,2
2000-06-08 06:50:00,0.38765499999999997,2
2000-06-08 07:00:00,1.0047614999999999,2
2000-06-08 07:10:00,1.0433135,2
2000-06-08 07:20:00,0.862601,2
2000-06-08 07:30:00,0.934886,2
2000-06-08 07:40:00,0.905972,2
2000-06-08 07:50:00,0.8023635,2
2000-06-08 08:00:00,0.81496,2
2000-06-08 08:10:00,0.81252,2
2000-06-08 08:20:00,0.81252,2
2000-06-08 08:30:00,0.81252,2
2000-06-08 08:40:00,0.81252,2
2000-06-08 08:50:00,0.81252,2
2000-06-08 09:00:00,0.81252,2
2000-06-08 09:10:00,0.81252,2
2000-06-08 09:20:00,0.81252,2
2000-06-08 09:30:00,0.81252,2
2000-06-08 09:40:00,0.81008,2
2000-06-08 09:50:00,0.81252,2
2000-06-08 10:00:00,0.81496,2
2000-06-08 10:10:00,0.81252,2
2000-06-08 10:20:00,0.8052,2
2000-06-08 10:30:00,0.9906400000000001,2
2000-06-08 10:40:00,1.05652,2
2000-06-08 10:50:00,0.95892,2
2000-06-08 11:00:00,0.77104,2
2000-06-08 11:10:00,0.77348,2
2000-06-08 11:20:00,0.77348,2
2000-06-08 11:30:00,0.75884,2
2000-06-08 11:40:00,0.66368,2
2000-06-08 11:50:00,0.56608,2
2000-06-08 12:00:00,0.49044000000000004,2
2000-06-08 12:10:00,0.92476,2
2000-06-08 12:20:00,0.92476,2
2000-06-08 12:30:00,0.82228,2
2000-06-08 12:40:00,0.15616,2
2000-06-08 12:50:00,0.262605,2
2000-06-08 13:00:00,0.68076,2
2000-06-08 13:10:00,0.44895999999999997,2
2000-06-08 13:20:00,0.1408185,2
2000-06-08 13:30:00,0.0,2
2000-06-08 13:40:00,0.13093649999999998,2
2000-06-08 13:50:00,0.3904,2
2000-06-08 14:00:00,0.67344,2
2000-06-08 14:10:00,0.671,2
2000-06-08 14:20:00,0.6854100000000001,2
2000-06-08 14:30:00,0.671,2
2000-06-08 14:40:00,0.671,2
2000-06-08 14:50:00,0.67344,2
2000-06-08 15:00:00,0.67344,2
2000-06-08 15:10:00,0.67588,2
2000-06-08 15:20:00,0.671,2
2000-06-08 15:30:00,0.67344,2
2000-06-08 15:40:00,0.67344,2
2000-06-08 15:50:00,0.67588,2
2000-06-08 16:00:00,0.67344,2
2000-06-08 16:10:00,0.67344,2
2000-06-08 16:20:00,0.18702599999999997,2
2000-06-08 16:30:00,0.0,2
2000-06-08 16:40:00,0.0,2
2000-06-08 16:50:00,0.23036649999999997,2
2000-06-08 17:00:00,0.66856,2
2000-06-08 17:10:00,0.66856,2
2000-06-08 17:20:00,0.671,2
2000-06-08 17:30:00,0.671,2
2000-06-08 17:40:00,0.67344,2
2000-06-08 17:50:00,0.67344,2
2000-06-08 18:00:00,2.369259,2
2000-06-08 18:10:00,3.282889,2
2000-06-08 18:20:00,4.787412,2
2000-06-08 18:30:00,4.8953065,2
2000-06-08 18:40:00,4.317207,2
2000-06-08 18:50:00,3.6922930000000003,2
2000-06-08 19:00:00,4.283504000000001,2
2000-06-08 19:10:00,5.1784955,2
2000-06-08 19:20:00,5.906333999999999,2
2000-06-08 19:30:00,5.7693515,2
2000-06-08 19:40:00,5.359176,2
2000-06-08 19:50:00,5.805280499999999,2
2000-06-08 20:00:00,5.7833120000000005,2
2000-06-08 20:10:00,5.036664999999999,2
2000-06-08 20:20:00,4.344803499999999,2
2000-06-08 20:30:00,4.3833555,2
2000-06-08 20:40:00,4.231528,2
2000-06-08 20:50:00,3.3531575,2
2000-06-08 21:00:00,3.3411100000000005,2
2000-06-08 21:10:00,3.3338815000000004,2
2000-06-08 21:20:00,3.321834,2
2000-06-08 21:30:00,3.315619,2
2000-06-08 21:40:00,3.333536,2
2000-06-08 21:50:00,3.323593,2
2000-06-08 22:00:00,3.323593,2
2000-06-08 22:10:00,3.323593,2
2000-06-08 22:20:00,3.3149135,2
2000-06-08 22:30:00,3.317323,2
2000-06-08 22:40:00,3.318873,2
2000-06-08 22:50:00,3.318873,2
2000-06-08 23:00:00,3.3353385,2
2000-06-08 23:10:00,3.3254565,2
2000-06-08 23:20:00,3.319159,2
2000-06-08 23:30:00,3.31434,2
2000-06-08 23:40:00,3.3071115,2
2000-06-08 23:50:00,3.2974735,2
2000-06-09 00:00:00,3.0477455,2
2000-06-09 00:10:00,1.8428605,2
2000-06-09 00:20:00,1.835632,2
2000-06-09 00:30:00,1.835632,2
2000-06-09 00:40:00,1.835632,2
2000-06-09 00:50:00,1.8320020000000001,2
2000-06-09 01:00:00,1.8320020000000001,2
2000-06-09 01:10:00,1.8295925,2
2000-06-09 01:20:00,1.8341675,2
2000-06-09 01:30:00,2.1865680000000003,2
2000-06-09 01:40:00,1.8122075,2
2000-06-09 01:50:00,1.8048875,2
2000-06-09 02:00:00,1.7910404999999998,2
2000-06-09 02:10:00,1.7862215,2
2000-06-09 02:20:00,1.7789929999999998,2
2000-06-09 02:30:00,1.7780475,2
2000-06-09 02:40:00,1.7951275,2
2000-06-09 02:50:00,1.8366075,2
2000-06-09 03:00:00,1.8292875,2
2000-06-09 03:10:00,1.7979100000000001,2
2000-06-09 03:20:00,1.78327,2
2000-06-09 03:30:00,1.7442300000000002,2
2000-06-09 03:40:00,2.1124565000000004,2
2000-06-09 03:50:00,3.213376,2
2000-06-09 04:00:00,1.9882065,2
2000-06-09 04:10:00,1.990616,2
2000-06-09 04:20:00,1.9930255,2
2000-06-09 04:30:00,1.9930255,2
2000-06-09 04:40:00,1.995435,2
2000-06-09 04:50:00,1.9908700000000001,2
2000-06-09 05:00:00,1.9908700000000001,2
2000-06-09 05:10:00,1.9908700000000001,2
2000-06-09 05:20:00,1.9908700000000001,2
2000-06-09 05:30:00,1.9908700000000001,2
2000-06-09 05:40:00,3.3301295,2
2000-06-09 05:50:00,3.232783,2
2000-06-09 06:00:00,3.121571,2
2000-06-09 06:10:00,3.0028274999999995,2
2000-06-09 06:20:00,2.046372,2
2000-06-09 06:30:00,2.048812,2
2000-06-09 06:40:00,2.051252,2
2000-06-09 06:50:00,1.1773164999999999,2
2000-06-09 07:00:00,0.60268,2
2000-06-09 07:10:00,0.60512,2
2000-06-09 07:20:00,0.60512,2
2000-06-09 07:30:00,0.66368,2
2000-06-09 07:40:00,0.6905199999999999,2
2000-06-09 07:50:00,0.489159,2
2000-06-09 08:00:00,0.0,2
2000-06-09 08:10:00,0.0,2
2000-06-09 08:20:00,0.0,2
2000-06-09 08:30:00,0.0,2
2000-06-09 08:40:00,0.0,2
2000-06-09 08:50:00,0.332633,2
2000-06-09 09:00:00,0.5782799999999999,2
2000-06-09 09:10:00,0.58072,2
2000-06-09 09:20:00,0.5758399999999999,2
2000-06-09 09:30:00,0.77836,2
2000-06-09 09:40:00,0.9101199999999999,2
2000-06-09 09:50:00,0.915,2
2000-06-09 10:00:00,0.91744,2
2000-06-09 10:10:00,0.92232,2
2000-06-09 10:20:00,0.92232,2
2000-06-09 10:30:00,0.9272,2
2000-06-09 10:40:00,0.92476,2
2000-06-09 10:50:00,0.93696,2
2000-06-09 11:00:00,1.0614,2
2000-06-09 11:10:00,1.0735999999999999,2
2000-06-09 11:20:00,1.0858,2
2000-06-09 11:30:00,1.09068,2
2000-06-09 11:40:00,1.09312,2
2000-06-09 11:50:00,1.09556,2
2000-06-09 12:00:00,1.098,2
2000-06-09 12:10:00,1.10532,2
2000-06-09 12:20:00,1.1102,2
2000-06-09 12:30:00,1.11996,2
2000-06-09 12:40:00,1.11996,2
2000-06-09 12:50:00,1.12484,2
2000-06-09 13:00:00,1.12972,2
2000-06-09 13:10:00,1.12972,2
2000-06-09 13:20:00,1.1346,2
2000-06-09 13:30:00,1.1346,2
2000-06-09 13:40:00,1.1346,2
2000-06-09 13:50:00,1.13216,2
2000-06-09 14:00:00,1.12972,2
2000-06-09 14:10:00,1.12484,2
2000-06-09 14:20:00,1.1224,2
2000-06-09 14:30:00,1.11996,2
2000-06-09 14:40:00,1.1059605000000001,2
2000-06-09 14:50:00,1.11996,2
2000-06-09 15:00:00,1.103551,2
2000-06-09 15:10:00,1.103551,2
2000-06-09 15:20:00,1.103551,2
2000-06-09 15:30:00,1.103551,2
2000-06-09 15:40:00,1.103551,2
2000-06-09 15:50:00,1.103551,2
2000-06-09 16:00:00,1.1011415,2
2000-06-09 16:10:00,0.7436204999999999,2
2000-06-09 16:20:00,0.0,2
2000-06-09 16:30:00,0.0,2
2000-06-09 16:40:00,0.0,2
2000-06-09 16:50:00,0.0,2
2000-06-09 17:00:00,0.0,2
2000-06-09 17:10:00,0.0,2
2000-06-09 17:20:00,0.0,2
2000-06-09 17:30:00,0.0,2
2000-06-09 17:40:00,0.0,2
2000-06-09 17:50:00,0.215072,2
2000-06-09 18:00:00,1.0920729999999998,2
2000-06-09 18:10:00,1.084204,2
2000-06-09 18:20:00,1.084204,2
2000-06-09 18:30:00,1.084204,2
2000-06-09 18:40:00,2.723391,2
2000-06-09 18:50:00,3.608836,2
2000-06-09 19:00:00,4.304334000000001,2
2000-06-09 19:10:00,3.93892,2
2000-06-09 19:20:00,4.1877390000000005,2
2000-06-09 19:30:00,4.429062,2
2000-06-09 19:40:00,4.8417745,2
2000-06-09 19:50:00,4.530042999999999,2
2000-06-09 20:00:00,4.278906,2
2000-06-09 20:10:00,5.0003785,2
2000-06-09 20:20:00,5.555416,2
2000-06-09 20:30:00,5.7006265,2
2000-06-09 20:40:00,5.244408,2
2000-06-09 20:50:00,4.988943000000001,2
2000-06-09 21:00:00,4.9128615,2
2000-06-09 21:10:00,4.8495505,2
2000-06-09 21:20:00,4.811517,2
2000-06-09 21:30:00,4.773422500000001,2
2000-06-09 21:40:00,4.7377375,2
2000-06-09 21:50:00,4.7044315,2
2000-06-09 22:00:00,4.6782625,2
2000-06-09 22:10:00,4.654442,2
2000-06-09 22:20:00,4.628242500000001,2
2000-06-09 22:30:00,4.604452500000001,2
2000-06-09 22:40:00,4.5801035,2
2000-06-09 22:50:00,4.542070000000001,2
2000-06-09 23:00:00,4.370141500000001,2
2000-06-09 23:10:00,3.844223,2
2000-06-09 23:20:00,3.8320229999999995,2
2000-06-09 23:30:00,3.8136140000000003,2
2000-06-09 23:40:00,4.139788,2
2000-06-09 23:50:00,3.9302780000000004,2
2000-06-10 00:00:00,3.644615,2
2000-06-10 00:10:00,3.3056615000000003,2
2000-06-10 00:20:00,3.8036115,2
2000-06-10 00:30:00,3.784122,2
2000-06-10 00:40:00,3.7412245,2
2000-06-10 00:50:00,3.607055,2
2000-06-10 01:00:00,3.5094855000000003,2
2000-06-10 01:10:00,3.4363770000000002,2
2000-06-10 01:20:00,3.307179,2
2000-06-10 01:30:00,3.2426385,2
2000-06-10 01:40:00,3.245048,2
2000-06-10 01:50:00,3.2040865000000003,2
2000-06-10 02:00:00,3.225772,2
2000-06-10 02:10:00,3.2301505,2
2000-06-10 02:20:00,3.0818865,2
2000-06-10 02:30:00,1.797439,2
2000-06-10 02:40:00,1.814519,2
2000-06-10 02:50:00,1.7803589999999998,2
2000-06-10 03:00:00,1.7730389999999998,2
2000-06-10 03:10:00,1.758399,2
2000-06-10 03:20:00,1.748639,2
2000-06-10 03:30:00,2.5846299999999998,2
2000-06-10 03:40:00,3.4160325,2
2000-06-10 03:50:00,3.371161,2
2000-06-10 04:00:00,3.224084,2
2000-06-10 04:10:00,3.114284,2
2000-06-10 04:20:00,3.119164,2
2000-06-10 04:30:00,3.121604,2
2000-06-10 04:40:00,3.0079,2
2000-06-10 04:50:00,3.59106,2
2000-06-10 05:00:00,3.7706055000000003,2
2000-06-10 05:10:00,3.180446,2
2000-06-10 05:20:00,3.182886,2
2000-06-10 05:30:00,3.185326,2
2000-06-10 05:40:00,3.185326,2
2000-06-10 05:50:00,3.3183715,2
2000-06-10 06:00:00,3.6210065,2
2000-06-10 06:10:00,3.5619945,2
2000-06-10 06:20:00,1.9471275,2
2000-06-10 06:30:00,1.453485,2
2000-06-10 06:40:00,1.453485,2
2000-06-10 06:50:00,1.453485,2
2000-06-10 07:00:00,1.458545,2
2000-06-10 07:10:00,1.458545,2
2000-06-10 07:20:00,1.1265,2
2000-06-10 07:30:00,0.7075999999999999,2
2000-06-10 07:40:00,0.7075999999999999,2
2000-06-10 07:50:00,0.44267699999999993,2
2000-06-10 08:00:00,0.7051599999999999,2
2000-06-10 08:10:00,0.7051599999999999,2
2000-06-10 08:20:00,0.7075999999999999,2
2000-06-10 08:30:00,0.7124799999999999,2
2000-06-10 08:40:00,0.7149199999999999,2
2000-06-10 08:50:00,0.7149199999999999,2
2000-06-10 09:00:00,0.7124799999999999,2
2000-06-10 09:10:00,0.7149199999999999,2
2000-06-10 09:20:00,0.7100399999999999,2
2000-06-10 09:30:00,0.7124799999999999,2
2000-06-10 09:40:00,0.7149199999999999,2
2000-06-10 09:50:00,0.7075999999999999,2
2000-06-10 10:00:00,0.68564,2
2000-06-10 10:10:00,0.6905199999999999,2
2000-06-10 10:20:00,0.6953999999999999,2
2000-06-10 10:30:00,0.6953999999999999,2
2000-06-10 10:40:00,0.6978399999999999,2
2000-06-10 10:50:00,0.6978399999999999,2
2000-06-10 11:00:00,0.7002799999999999,2
2000-06-10 11:10:00,0.7002799999999999,2
2000-06-10 11:20:00,0.7002799999999999,2
2000-06-10 11:30:00,0.6978399999999999,2
2000-06-10 11:40:00,0.7002799999999999,2
2000-06-10 11:50:00,0.6978399999999999,2
2000-06-10 12:00:00,0.6978399999999999,2
2000-06-10 12:10:00,0.6953999999999999,2
2000-06-10 12:20:00,0.6102135,2
2000-06-10 12:30:00,0.36959899999999996,2
2000-06-10 12:40:00,0.63196,2
2000-06-10 12:50:00,0.6344,2
2000-06-10 13:00:00,0.6344,2
2000-06-10 13:10:00,0.7564,2
2000-06-10 13:20:00,0.854,2
2000-06-10 13:30:00,0.85888,2
2000-06-10 13:40:00,0.8784,2
2000-06-10 13:50:00,0.88328,2
2000-06-10 14:00:00,0.88816,2
2000-06-10 14:10:00,0.88816,2
2000-06-10 14:20:00,0.88572,2
2000-06-10 14:30:00,0.88572,2
2000-06-10 14:40:00,0.88572,2
2000-06-10 14:50:00,0.8906,2
2000-06-10 15:00:00,0.88816,2
2000-06-10 15:10:00,0.88572,2
2000-06-10 15:20:00,0.81984,2
2000-06-10 15:30:00,0.6832,2
2000-06-10 15:40:00,0.68564,2
2000-06-10 15:50:00,0.68564,2
2000-06-10 16:00:00,0.6441600000000001,2
2000-06-10 16:10:00,0.5002,2
2000-06-10 16:20:00,0.42211999999999994,2
2000-06-10 16:30:00,0.35379999999999995,2
2000-06-10 16:40:00,0.30988,2
2000-06-10 16:50:00,0.1952,2
2000-06-10 17:00:00,0.6978399999999999,2
2000-06-10 17:10:00,1.1541504999999999,2
2000-06-10 17:20:00,1.34932,2
2000-06-10 17:30:00,1.1589695,2
2000-06-10 17:40:00,0.6628940000000001,2
2000-06-10 17:50:00,0.62464,2
2000-06-10 18:00:00,2.0672740000000003,2
2000-06-10 18:10:00,4.8286315,2
2000-06-10 18:20:00,3.608836,2
2000-06-10 18:30:00,4.234578000000001,2
2000-06-10 18:40:00,3.7384610000000005,2
2000-06-10 18:50:00,3.608836,2
2000-06-10 19:00:00,3.608836,2
2000-06-10 19:10:00,3.608836,2
2000-06-10 19:20:00,3.61526,2
2000-06-10 19:30:00,3.61526,2
2000-06-10 19:40:00,3.6107500000000003,2
2000-06-10 19:50:00,3.7092650000000003,2
2000-06-10 20:00:00,4.831972,2
2000-06-10 20:10:00,4.3364925,2
2000-06-10 20:20:00,3.972393,2
2000-06-10 20:30:00,4.133737999999999,2
2000-06-10 20:40:00,4.125467,2
2000-06-10 20:50:00,3.5917804999999996,2
2000-06-10 21:00:00,2.26061,2
2000-06-10 21:10:00,1.6849664999999998,2
2000-06-10 21:20:00,1.8556139999999999,2
2000-06-10 21:30:00,1.860494,2
2000-06-10 21:40:00,1.862934,2
2000-06-10 21:50:00,1.867814,2
2000-06-10 22:00:00,1.867814,2
2000-06-10 22:10:00,1.870254,2
2000-06-10 22:20:00,1.870254,2
2000-06-10 22:30:00,1.872694,2
2000-06-10 22:40:00,1.872694,2
2000-06-10 22:50:00,1.875134,2
2000-06-10 23:00:00,1.872694,2
2000-06-10 23:10:00,2.3326860000000003,2
2000-06-10 23:20:00,3.6956065000000002,2
2000-06-10 23:30:00,3.4630135,2
2000-06-10 23:40:00,3.0510330000000003,2
2000-06-10 23:50:00,2.981676,2
2000-06-11 00:00:00,3.115205,2
2000-06-11 00:10:00,2.713171,2
2000-06-11 00:20:00,2.524132,2
2000-06-11 00:30:00,2.459899,2
2000-06-11 00:40:00,2.295748,2
2000-06-11 00:50:00,2.152747,2
2000-06-11 01:00:00,2.0274530000000004,2
2000-06-11 01:10:00,1.931073,2
2000-06-11 01:20:00,1.825055,2
2000-06-11 01:30:00,1.772046,2
2000-06-11 01:40:00,1.36359,2
2000-06-11 01:50:00,1.1617035,2
2000-06-11 02:00:00,1.0925295,2
2000-06-11 02:10:00,1.159233,2
2000-06-11 02:20:00,1.085118,2
2000-06-11 02:30:00,1.1472840000000002,2
2000-06-11 02:40:00,1.0805805000000002,2
2000-06-11 02:50:00,1.112697,2
2000-06-11 03:00:00,1.1052855000000001,2
2000-06-11 03:10:00,1.1197845000000002,2
2000-06-11 03:20:00,2.164515,2
2000-06-11 03:30:00,2.221685,2
2000-06-11 03:40:00,1.4194575,2
2000-06-11 03:50:00,1.6180240000000001,2
2000-06-11 04:00:00,1.0825495,2
2000-06-11 04:10:00,1.1418415,2
2000-06-11 04:20:00,1.0825495,2
2000-06-11 04:30:00,1.3851705,2
2000-06-11 04:40:00,1.5559095,2
2000-06-11 04:50:00,1.5632295,2
2000-06-11 05:00:00,1.5656695,2
2000-06-11 05:10:00,1.610779,2
2000-06-11 05:20:00,1.553439,2
2000-06-11 05:30:00,1.881177,2
2000-06-11 05:40:00,2.6153925,2
2000-06-11 05:50:00,2.6129525,2
2000-06-11 06:00:00,2.6129525,2
2000-06-11 06:10:00,2.6129525,2
2000-06-11 06:20:00,2.231531,2
2000-06-11 06:30:00,1.546119,2
2000-06-11 06:40:00,1.594919,2
2000-06-11 06:50:00,1.665679,2
2000-06-11 07:00:00,1.663239,2
2000-06-11 07:10:00,0.724431,2
2000-06-11 07:20:00,0.5856,2
2000-06-11 07:30:00,0.58072,2
2000-06-11 07:40:00,0.58804,2
2000-06-11 07:50:00,0.65636,2
2000-06-11 08:00:00,0.65636,2
2000-06-11 08:10:00,0.6588,2
2000-06-11 08:20:00,0.6588,2
2000-06-11 08:30:00,0.66124,2
2000-06-11 08:40:00,0.66368,2
2000-06-11 08:50:00,0.66612,2
2000-06-11 09:00:00,0.66612,2
2000-06-11 09:10:00,0.66856,2
2000-06-11 09:20:00,1.8709005,2
2000-06-11 09:30:00,1.934188,2
2000-06-11 09:40:00,1.874713,2
2000-06-11 09:50:00,1.4193175,2
2000-06-11 10:00:00,1.0866845,2
2000-06-11 10:10:00,1.122827,2
2000-06-11 10:20:00,1.10837,2
2000-06-11 10:30:00,1.079456,2
2000-06-11 10:40:00,0.944524,2
2000-06-11 10:50:00,0.0,2
2000-06-11 11:00:00,0.0,2
2000-06-11 11:10:00,0.0,2
2000-06-11 11:20:00,0.0,2
2000-06-11 11:30:00,0.0,2
2000-06-11 11:40:00,0.0,2
2000-06-11 11:50:00,0.0,2
2000-06-11 12:00:00,0.050435,2
2000-06-11 12:10:00,0.0,2
2000-06-11 12:20:00,0.0,2
2000-06-11 12:30:00,0.0,2
2000-06-11 12:40:00,0.0,2
2000-06-11 12:50:00,0.0,2
2000-06-11 13:00:00,0.0,2
2000-06-11 13:10:00,0.0,2
2000-06-11 13:20:00,0.0,2
2000-06-11 13:30:00,0.0,2
2000-06-11 13:40:00,0.0,2
2000-06-11 13:50:00,0.0,2
2000-06-11 14:00:00,0.0,2
2000-06-11 14:10:00,0.0,2
2000-06-11 14:20:00,0.0,2
2000-06-11 14:30:00,0.0,2
2000-06-11 14:40:00,0.0,2
2000-06-11 14:50:00,0.0,2
2000-06-11 15:00:00,0.0,2
2000-06-11 15:10:00,0.0,2
2000-06-11 15:20:00,0.0,2
2000-06-11 15:30:00,0.0,2
2000-06-11 15:40:00,0.0,2
2000-06-11 15:50:00,0.0,2
2000-06-11 16:00:00,0.0,2
2000-06-11 16:10:00,0.0,2
2000-06-11 16:20:00,0.0,2
2000-06-11 16:30:00,0.0,2
2000-06-11 16:40:00,0.0,2
2000-06-11 16:50:00,0.0,2
2000-06-11 17:00:00,0.0,2
2000-06-11 17:10:00,0.0,2
2000-06-11 17:20:00,0.0,2
2000-06-11 17:30:00,0.460184,2
2000-06-11 17:40:00,0.76616,2
2000-06-11 17:50:00,2.6020790000000003,2
2000-06-11 18:00:00,3.300149,2
2000-06-11 18:10:00,3.222085,2
2000-06-11 18:20:00,2.570425,2
2000-06-11 18:30:00,2.542243,2
2000-06-11 18:40:00,2.9348345,2
2000-06-11 18:50:00,3.8583359999999995,2
2000-06-11 19:00:00,4.1692595,2
2000-06-11 19:10:00,4.3867475,2
2000-06-11 19:20:00,4.476021,2
2000-06-11 19:30:00,4.4639735,2
2000-06-11 19:40:00,4.210884500000001,2
2000-06-11 19:50:00,4.4495165,2
2000-06-11 20:00:00,3.380648,2
2000-06-11 20:10:00,3.3382905,2
2000-06-11 20:20:00,3.3236505,2
2000-06-11 20:30:00,3.313921,2
2000-06-11 20:40:00,3.301721,2
2000-06-11 20:50:00,3.291961,2
2000-06-11 21:00:00,2.620124,2
2000-06-11 21:10:00,2.011232,2
2000-06-11 21:20:00,2.006352,2
2000-06-11 21:30:00,1.9990320000000001,2
2000-06-11 21:40:00,1.9917120000000001,2
2000-06-11 21:50:00,1.9843920000000002,2
2000-06-11 22:00:00,1.968362,2
2000-06-11 22:10:00,1.961042,2
2000-06-11 22:20:00,1.953722,2
2000-06-11 22:30:00,1.9527984999999999,2
2000-06-11 22:40:00,2.5085355000000003,2
2000-06-11 22:50:00,3.017693,2
2000-06-11 23:00:00,2.3479645,2
2000-06-11 23:10:00,1.680541,2
2000-06-11 23:20:00,1.634181,2
2000-06-11 23:30:00,1.463686,2
2000-06-11 23:40:00,1.458545,2
2000-06-11 23:50:00,1.458545,2
2000-06-12 00:00:00,1.458545,2
2000-06-12 00:10:00,1.458545,2
2000-06-12 00:20:00,1.458545,2
2000-06-12 00:30:00,1.458545,2
2000-06-12 00:40:00,1.458545,2
2000-06-12 00:50:00,1.458545,2
2000-06-12 01:00:00,1.458545,2
2000-06-12 01:10:00,1.458545,2
2000-06-12 01:20:00,1.458545,2
2000-06-12 01:30:00,1.458545,2
2000-06-12 01:40:00,1.453485,2
2000-06-12 01:50:00,1.453485,2
2000-06-12 02:00:00,1.453485,2
2000-06-12 02:10:00,1.4598045,2
2000-06-12 02:20:00,1.4598045,2
2000-06-12 02:30:00,1.4598045,2
2000-06-12 02:40:00,1.4598045,2
2000-06-12 02:50:00,1.4598045,2
2000-06-12 03:00:00,1.4598045,2
2000-06-12 03:10:00,1.4598045,2
2000-06-12 03:20:00,1.4598045,2
2000-06-12 03:30:00,2.2147164999999998,2
2000-06-12 03:40:00,2.542452,2
2000-06-12 03:50:00,2.542452,2
2000-06-12 04:00:00,2.542452,2
2000-06-12 04:10:00,2.5360994999999997,2
2000-06-12 04:20:00,2.5360994999999997,2
2000-06-12 04:30:00,2.5360994999999997,2
2000-06-12 04:40:00,2.5360994999999997,2
2000-06-12 04:50:00,2.5360994999999997,2
2000-06-12 05:00:00,2.5360994999999997,2
2000-06-12 05:10:00,2.5360994999999997,2
2000-06-12 05:20:00,2.5423915,2
2000-06-12 05:30:00,2.5423915,2
2000-06-12 05:40:00,2.5486835,2
2000-06-12 05:50:00,2.5486835,2
2000-06-12 06:00:00,2.5486835,2
2000-06-12 06:10:00,2.5486835,2
2000-06-12 06:20:00,2.5486835,2
2000-06-12 06:30:00,1.11463,2
2000-06-12 06:40:00,1.0826475,2
2000-06-12 06:50:00,0.178497,2
2000-06-12 07:00:00,0.0,2
2000-06-12 07:10:00,0.0,2
2000-06-12 07:20:00,0.0,2
2000-06-12 07:30:00,0.0,2
2000-06-12 07:40:00,0.0,2
2000-06-12 07:50:00,0.0,2
2000-06-12 08:00:00,0.0,2
2000-06-12 08:10:00,0.0,2
2000-06-12 08:20:00,0.0,2
2000-06-12 08:30:00,0.0,2
2000-06-12 08:40:00,0.0,2
2000-06-12 08:50:00,0.0,2
2000-06-12 09:00:00,0.0,2
2000-06-12 09:10:00,0.0,2
2000-06-12 09:20:00,0.0855525,2
2000-06-12 09:30:00,0.72224,2
2000-06-12 09:40:00,0.74176,2
2000-06-12 09:50:00,0.87108,2
2000-06-12 10:00:00,0.915,2
2000-06-12 10:10:00,0.91744,2
2000-06-12 10:20:00,0.9076799999999999,2
2000-06-12 10:30:00,0.89304,2
2000-06-12 10:40:00,0.88572,2
2000-06-12 10:50:00,0.8906,2
2000-06-12 11:00:00,0.8979199999999999,2
2000-06-12 11:10:00,0.9003599999999999,2
2000-06-12 11:20:00,0.9052399999999999,2
2000-06-12 11:30:00,0.9003599999999999,2
2000-06-12 11:40:00,0.9003599999999999,2
2000-06-12 11:50:00,0.8979199999999999,2
2000-06-12 12:00:00,0.8979199999999999,2
2000-06-12 12:10:00,0.9003599999999999,2
2000-06-12 12:20:00,0.9027999999999999,2
2000-06-12 12:30:00,0.9003599999999999,2
2000-06-12 12:40:00,0.8979199999999999,2
2000-06-12 12:50:00,0.8979199999999999,2
2000-06-12 13:00:00,0.8954799999999999,2
2000-06-12 13:10:00,0.8954799999999999,2
2000-06-12 13:20:00,0.8954799999999999,2
2000-06-12 13:30:00,0.8906,2
2000-06-12 13:40:00,0.88816,2
2000-06-12 13:50:00,0.88816,2
2000-06-12 14:00:00,0.76372,2
2000-06-12 14:10:00,0.83204,2
2000-06-12 14:20:00,0.9808800000000001,2
2000-06-12 14:30:00,0.9857600000000001,2
2000-06-12 14:40:00,0.9784400000000001,2
2000-06-12 14:50:00,0.96868,2
2000-06-12 15:00:00,0.97356,2
2000-06-12 15:10:00,0.976,2
2000-06-12 15:20:00,0.96868,2
2000-06-12 15:30:00,0.97112,2
2000-06-12 15:40:00,0.96624,2
2000-06-12 15:50:00,0.976,2
2000-06-12 16:00:00,0.96624,2
2000-06-12 16:10:00,0.97112,2
2000-06-12 16:20:00,0.976,2
2000-06-12 16:30:00,0.9758475000000001,2
2000-06-12 16:40:00,0.775859,2
2000-06-12 16:50:00,0.43676,2
2000-06-12 17:00:00,0.43432,2
2000-06-12 17:10:00,0.45139999999999997,2
2000-06-12 17:20:00,0.9975634999999999,2
2000-06-12 17:30:00,2.085407,2
2000-06-12 17:40:00,1.987807,2
2000-06-12 17:50:00,3.0703325,2
2000-06-12 18:00:00,3.5676265000000003,2
2000-06-12 18:10:00,4.6583815,2
2000-06-12 18:20:00,5.0895220000000005,2
2000-06-12 18:30:00,5.343221,2
2000-06-12 18:40:00,5.2799945,2
2000-06-12 18:50:00,5.266519000000001,2
2000-06-12 19:00:00,5.4745305,2
2000-06-12 19:10:00,5.1847125,2
2000-06-12 19:20:00,5.040339,2
2000-06-12 19:30:00,5.035641999999999,2
2000-06-12 19:40:00,5.0140715,2
2000-06-12 19:50:00,5.406857499999999,2
2000-06-12 20:00:00,5.1404095,2
2000-06-12 20:10:00,4.91455,2
2000-06-12 20:20:00,4.620591,2
2000-06-12 20:30:00,4.5656300000000005,2
2000-06-12 20:40:00,5.189857,2
2000-06-12 20:50:00,5.5637085,2
2000-06-12 21:00:00,5.4878915,2
2000-06-12 21:10:00,5.433876,2
2000-06-12 21:20:00,5.2899465,2
2000-06-12 21:30:00,4.442451,2
2000-06-12 21:40:00,4.4213450000000005,2
2000-06-12 21:50:00,4.3881,2
2000-06-12 22:00:00,4.285096,2
2000-06-12 22:10:00,4.111326,2
2000-06-12 22:20:00,3.9737305,2
2000-06-12 22:30:00,3.8653334999999998,2
2000-06-12 22:40:00,3.776182,2
2000-06-12 22:50:00,3.619229,2
2000-06-12 23:00:00,3.6437334999999997,2
2000-06-12 23:10:00,3.61143,2
2000-06-12 23:20:00,3.5427235,2
2000-06-12 23:30:00,3.599484,2
2000-06-12 23:40:00,3.518964,2
2000-06-12 23:50:00,3.5360135,2
2000-06-13 00:00:00,3.5506535,2
2000-06-13 00:10:00,2.1782055000000002,2
2000-06-13 00:20:00,1.958479,2
2000-06-13 00:30:00,1.948719,2
2000-06-13 00:40:00,1.8267190000000002,2
2000-06-13 00:50:00,1.7007845000000001,2
2000-06-13 01:00:00,1.6266695000000002,2
2000-06-13 01:10:00,1.6933425,2
2000-06-13 01:20:00,1.6291095000000002,2
2000-06-13 01:30:00,1.6291095000000002,2
2000-06-13 01:40:00,1.6315495000000002,2
2000-06-13 01:50:00,1.7501335,2
2000-06-13 02:00:00,2.031153,2
2000-06-13 02:10:00,2.13952,2
2000-06-13 02:20:00,0.7808,2
2000-06-13 02:30:00,0.568764,2
2000-06-13 02:40:00,0.6058215,2
2000-06-13 02:50:00,0.5514705000000001,2
2000-06-13 03:00:00,0.5514705000000001,2
2000-06-13 03:10:00,0.5490305000000001,2
2000-06-13 03:20:00,0.6157035000000001,2
2000-06-13 03:30:00,0.5514705000000001,2
2000-06-13 03:40:00,0.5514705000000001,2
2000-06-13 03:50:00,0.5539105000000001,2
2000-06-13 04:00:00,0.5539105000000001,2
2000-06-13 04:10:00,0.5539105000000001,2
2000-06-13 04:20:00,0.5539105000000001,2
2000-06-13 04:30:00,0.5539105000000001,2
2000-06-13 04:40:00,0.5539105000000001,2
2000-06-13 04:50:00,0.6082615,2
2000-06-13 05:00:00,0.5539105000000001,2
2000-06-13 05:10:00,0.5563505000000001,2
2000-06-13 05:20:00,0.5563505000000001,2
2000-06-13 05:30:00,2.040636,2
2000-06-13 05:40:00,3.251929,2
2000-06-13 05:50:00,3.2603925,2
2000-06-13 06:00:00,3.7155625,2
2000-06-13 06:10:00,3.903223,2
2000-06-13 06:20:00,2.0395165,2
2000-06-13 06:30:00,1.199931,2
2000-06-13 06:40:00,1.195112,2
2000-06-13 06:50:00,1.1348745,2
2000-06-13 07:00:00,0.7782685,2
2000-06-13 07:10:00,1.3589579999999999,2
2000-06-13 07:20:00,1.4047385,2
2000-06-13 07:30:00,1.4095574999999998,2
2000-06-13 07:40:00,1.469795,2
2000-06-13 07:50:00,1.4914805,2
2000-06-13 08:00:00,1.4866614999999999,2
2000-06-13 08:10:00,1.4866614999999999,2
2000-06-13 08:20:00,1.4818425,2
2000-06-13 08:30:00,1.484252,2
2000-06-13 08:40:00,1.464976,2
2000-06-13 08:50:00,1.3324535000000002,2
2000-06-13 09:00:00,1.031266,2
2000-06-13 09:10:00,0.8529629999999999,2
2000-06-13 09:20:00,0.94428,2
2000-06-13 09:30:00,0.94672,2
2000-06-13 09:40:00,0.94184,2
2000-06-13 09:50:00,0.89304,2
2000-06-13 10:00:00,0.8466799999999999,2
2000-06-13 10:10:00,0.77836,2
2000-06-13 10:20:00,0.73444,2
2000-06-13 10:30:00,0.68076,2
2000-06-13 10:40:00,0.6441600000000001,2
2000-06-13 10:50:00,0.60512,2
2000-06-13 11:00:00,0.56852,2
2000-06-13 11:10:00,0.549,2
2000-06-13 11:20:00,0.5367999999999999,2
2000-06-13 11:30:00,0.48068,2
2000-06-13 11:40:00,0.16592,2
2000-06-13 11:50:00,0.19032,2
2000-06-13 12:00:00,0.20252,2
2000-06-13 12:10:00,0.15372,2
2000-06-13 12:20:00,0.15128,2
2000-06-13 12:30:00,0.1507005,2
2000-06-13 12:40:00,0.49776,2
2000-06-13 12:50:00,0.79788,2
2000-06-13 13:00:00,0.79056,2
2000-06-13 13:10:00,0.81008,2
2000-06-13 13:20:00,0.78812,2
2000-06-13 13:30:00,0.81008,2
2000-06-13 13:40:00,0.78324,2
2000-06-13 13:50:00,0.74664,2
2000-06-13 14:00:00,0.76616,2
2000-06-13 14:10:00,0.75396,2
2000-06-13 14:20:00,1.7709825,2
2000-06-13 14:30:00,1.8453415,2
2000-06-13 14:40:00,2.683695,2
2000-06-13 14:50:00,1.7396589999999998,2
2000-06-13 15:00:00,1.7276114999999999,2
2000-06-13 15:10:00,1.710745,2
2000-06-13 15:20:00,2.40279,2
2000-06-13 15:30:00,2.835707,2
2000-06-13 15:40:00,1.870138,2
2000-06-13 15:50:00,1.082567,2
2000-06-13 16:00:00,0.62464,2
2000-06-13 16:10:00,0.61732,2
2000-06-13 16:20:00,0.61244,2
2000-06-13 16:30:00,0.13908,2
2000-06-13 16:40:00,0.00244,2
2000-06-13 16:50:00,0.043919999999999994,2
2000-06-13 17:00:00,0.0,2
2000-06-13 17:10:00,0.0,2
2000-06-13 17:20:00,0.836451,2
2000-06-13 17:30:00,1.090815,2
2000-06-13 17:40:00,1.090815,2
2000-06-13 17:50:00,1.0862775,2
2000-06-13 18:00:00,1.0862775,2
2000-06-13 18:10:00,1.0862775,2
2000-06-13 18:20:00,2.1403305,2
2000-06-13 18:30:00,2.6764965,2
2000-06-13 18:40:00,3.7782525,2
2000-06-13 18:50:00,3.5703055,2
2000-06-13 19:00:00,3.955382,2
2000-06-13 19:10:00,4.061217,2
2000-06-13 19:20:00,4.2930575,2
2000-06-13 19:30:00,4.288308000000001,2
2000-06-13 19:40:00,3.6855629999999997,2
2000-06-13 19:50:00,2.6010875,2
2000-06-13 20:00:00,3.8427595,2
2000-06-13 20:10:00,4.029030499999999,2
2000-06-13 20:20:00,3.992888,2
2000-06-13 20:30:00,3.9651630000000004,2
2000-06-13 20:40:00,3.945887,2
2000-06-13 20:50:00,3.719295,2
2000-06-13 21:00:00,2.535,2
2000-06-13 21:10:00,0.8661179999999999,2
2000-06-13 21:20:00,0.0,2
2000-06-13 21:30:00,0.0,2
2000-06-13 21:40:00,0.0,2
2000-06-13 21:50:00,0.0,2
2000-06-13 22:00:00,0.0,2
2000-06-13 22:10:00,0.0,2
2000-06-13 22:20:00,0.0,2
2000-06-13 22:30:00,0.0,2
2000-06-13 22:40:00,0.0,2
2000-06-13 22:50:00,0.0,2
2000-06-13 23:00:00,0.0,2
2000-06-13 23:10:00,0.0,2
2000-06-13 23:20:00,0.0,2
2000-06-13 23:30:00,0.0,2
2000-06-13 23:40:00,0.0,2
2000-06-13 23:50:00,0.0,2
2000-06-14 00:00:00,0.0,2
2000-06-14 00:10:00,0.0,2
2000-06-14 00:20:00,0.0,2
2000-06-14 00:30:00,1.061011,2
2000-06-14 00:40:00,1.7612455,2
2000-06-14 00:50:00,0.7741419999999999,2
2000-06-14 01:00:00,0.0,2
2000-06-14 01:10:00,0.0,2
2000-06-14 01:20:00,0.0,2
2000-06-14 01:30:00,0.0,2
2000-06-14 01:40:00,0.0,2
2000-06-14 01:50:00,0.0,2
2000-06-14 02:00:00,0.0,2
2000-06-14 02:10:00,0.0,2
2000-06-14 02:20:00,0.0,2
2000-06-14 02:30:00,0.0,2
2000-06-14 02:40:00,0.0,2
2000-06-14 02:50:00,0.0,2
2000-06-14 03:00:00,0.0,2
2000-06-14 03:10:00,0.0,2
2000-06-14 03:20:00,0.0,2
2000-06-14 03:30:00,0.0,2
2000-06-14 03:40:00,0.0,2
2000-06-14 03:50:00,0.0,2
2000-06-14 04:00:00,0.0,2
2000-06-14 04:10:00,0.0,2
2000-06-14 04:20:00,0.437878,2
2000-06-14 04:30:00,2.3420045,2
2000-06-14 04:40:00,2.201186,2
2000-06-14 04:50:00,2.136953,2
2000-06-14 05:00:00,1.3653119999999999,2
2000-06-14 05:10:00,0.8884175000000001,2
2000-06-14 05:20:00,1.778898,2
2000-06-14 05:30:00,3.909895,2
2000-06-14 05:40:00,3.410609,2
2000-06-14 05:50:00,3.1908624999999997,2
2000-06-14 06:00:00,2.3373675,2
2000-06-14 06:10:00,2.2036350000000002,2
2000-06-14 06:20:00,1.8095345,2
2000-06-14 06:30:00,1.8143535,2
2000-06-14 06:40:00,1.8432675,2
2000-06-14 06:50:00,0.72712,2
2000-06-14 07:00:00,0.718031,2
2000-06-14 07:10:00,0.54412,2
2000-06-14 07:20:00,1.0168089999999999,2
2000-06-14 07:30:00,1.093913,2
2000-06-14 07:40:00,1.1107795,2
2000-06-14 07:50:00,1.1180080000000001,2
2000-06-14 08:00:00,2.380586,2
2000-06-14 08:10:00,2.4879154999999997,2
2000-06-14 08:20:00,1.661152,2
2000-06-14 08:30:00,1.540067,2
2000-06-14 08:40:00,1.809382,2
2000-06-14 08:50:00,1.7857750000000001,2
2000-06-14 09:00:00,1.776625,2
2000-06-14 09:10:00,1.7731175,2
2000-06-14 09:20:00,1.739293,2
2000-06-14 09:30:00,1.4884,2
2000-06-14 09:40:00,1.3271769999999998,2
2000-06-14 09:50:00,1.144543,2
2000-06-14 10:00:00,0.9624275,2
2000-06-14 10:10:00,0.933605,2
2000-06-14 10:20:00,0.9203375,2
2000-06-14 10:30:00,0.948245,2
2000-06-14 10:40:00,0.9581879999999999,2
2000-06-14 10:50:00,0.9580659999999999,2
2000-06-14 11:00:00,0.77348,2
2000-06-14 11:10:00,0.951905,2
2000-06-14 11:20:00,0.9523320000000001,2
2000-06-14 11:30:00,0.77836,2
2000-06-14 11:40:00,0.77836,2
2000-06-14 11:50:00,0.949465,2
2000-06-14 12:00:00,0.7808,2
2000-06-14 12:10:00,0.9702660000000001,2
2000-06-14 12:20:00,0.78324,2
2000-06-14 12:30:00,0.78324,2
2000-06-14 12:40:00,0.6588,2
2000-06-14 12:50:00,0.799466,2
2000-06-14 13:00:00,0.61488,2
2000-06-14 13:10:00,0.61732,2
2000-06-14 13:20:00,0.61732,2
2000-06-14 13:30:00,0.61732,2
2000-06-14 13:40:00,0.61976,2
2000-06-14 13:50:00,0.61976,2
2000-06-14 14:00:00,0.61976,2
2000-06-14 14:10:00,0.61976,2
2000-06-14 14:20:00,0.7808,2
2000-06-14 14:30:00,1.00528,2
2000-06-14 14:40:00,1.01016,2
2000-06-14 14:50:00,1.0126,2
2000-06-14 15:00:00,1.01504,2
2000-06-14 15:10:00,1.4227029999999998,2
2000-06-14 15:20:00,1.668045,2
2000-06-14 15:30:00,1.5981389999999998,2
2000-06-14 15:40:00,1.586122,2
2000-06-14 15:50:00,1.5692555,2
2000-06-14 16:00:00,1.9714589999999999,2
2000-06-14 16:10:00,2.494778,2
2000-06-14 16:20:00,2.4172775,2
2000-06-14 16:30:00,2.3702769999999997,2
2000-06-14 16:40:00,2.7425295,2
2000-06-14 16:50:00,2.71206,2
2000-06-14 17:00:00,2.108587,2
2000-06-14 17:10:00,2.57648,2
2000-06-14 17:20:00,2.0215705,2
2000-06-14 17:30:00,1.9155525,2
2000-06-14 17:40:00,1.677012,2
2000-06-14 17:50:00,2.3323514999999997,2
2000-06-14 18:00:00,2.7962840000000004,2
2000-06-14 18:10:00,3.1316200000000003,2
2000-06-14 18:20:00,3.1276085,2
2000-06-14 18:30:00,3.1276085,2
2000-06-14 18:40:00,3.1300485,2
2000-06-14 18:50:00,2.7261245,2
2000-06-14 19:00:00,2.521068,2
2000-06-14 19:10:00,2.534026,2
2000-06-14 19:20:00,2.534026,2
2000-06-14 19:30:00,2.534026,2
2000-06-14 19:40:00,2.5405050000000005,2
2000-06-14 19:50:00,2.731985,2
2000-06-14 20:00:00,2.8717680000000003,2
2000-06-14 20:10:00,2.993768,2
2000-06-14 20:20:00,2.8961680000000003,2
2000-06-14 20:30:00,3.112718,2
2000-06-14 20:40:00,4.171047,2
2000-06-14 20:50:00,4.073203,2
2000-06-14 21:00:00,4.051921,2
2000-06-14 21:10:00,3.99365,2
2000-06-14 21:20:00,3.9622655000000004,2
2000-06-14 21:30:00,3.1755855000000004,2
2000-06-14 21:40:00,3.0058450000000003,2
2000-06-14 21:50:00,3.0009650000000003,2
2000-06-14 22:00:00,3.0131650000000003,2
2000-06-14 22:10:00,3.0122690000000003,2
2000-06-14 22:20:00,3.022361,2
2000-06-14 22:30:00,2.9868110000000003,2
2000-06-14 22:40:00,2.5886389999999997,2
2000-06-14 22:50:00,1.902482,2
2000-06-14 23:00:00,1.399712,2
2000-06-14 23:10:00,0.44164,2
2000-06-14 23:20:00,0.44164,2
2000-06-14 23:30:00,0.45627999999999996,2
2000-06-14 23:40:00,0.43676,2
2000-06-14 23:50:00,0.45139999999999997,2
2000-06-15 00:00:00,0.44895999999999997,2
2000-06-15 00:10:00,0.45872,2
2000-06-15 00:20:00,0.427,2
2000-06-15 00:30:00,0.4636,2
2000-06-15 00:40:00,0.44652,2
2000-06-15 00:50:00,0.43432,2
2000-06-15 01:00:00,0.9004320000000001,2
2000-06-15 01:10:00,0.45627999999999996,2
2000-06-15 01:20:00,0.43676,2
2000-06-15 01:30:00,0.44652,2
2000-06-15 01:40:00,0.44408,2
2000-06-15 01:50:00,0.45627999999999996,2
2000-06-15 02:00:00,0.45139999999999997,2
2000-06-15 02:10:00,0.44652,2
2000-06-15 02:20:00,0.45139999999999997,2
2000-06-15 02:30:00,0.45872,2
2000-06-15 02:40:00,0.47336,2
2000-06-15 02:50:00,0.45139999999999997,2
2000-06-15 03:00:00,0.4758,2
2000-06-15 03:10:00,0.46848,2
2000-06-15 03:20:00,0.48312,2
2000-06-15 03:30:00,0.47092,2
2000-06-15 03:40:00,0.48068,2
2000-06-15 03:50:00,0.47824,2
2000-06-15 04:00:00,0.48312,2
2000-06-15 04:10:00,0.45383999999999997,2
2000-06-15 04:20:00,0.45383999999999997,2
2000-06-15 04:30:00,0.46116,2
2000-06-15 04:40:00,0.4758,2
2000-06-15 04:50:00,0.46848,2
2000-06-15 05:00:00,0.50508,2
2000-06-15 05:10:00,0.8023635,2
2000-06-15 05:20:00,0.8047730000000001,2
2000-06-15 05:30:00,0.8047730000000001,2
2000-06-15 05:40:00,1.7102270000000002,2
2000-06-15 05:50:00,2.2554155000000002,2
2000-06-15 06:00:00,2.2274380000000003,2
2000-06-15 06:10:00,2.2172635,2
2000-06-15 06:20:00,2.2196730000000002,2
2000-06-15 06:30:00,2.2172635,2
2000-06-15 06:40:00,2.1277025,2
2000-06-15 06:50:00,0.7830875,2
2000-06-15 07:00:00,0.785497,2
2000-06-15 07:10:00,0.785497,2
2000-06-15 07:20:00,0.790316,2
2000-06-15 07:30:00,0.7879065000000001,2
2000-06-15 07:40:00,0.9736210000000001,2
2000-06-15 07:50:00,0.9241805,2
2000-06-15 08:00:00,0.7710400000000001,2
2000-06-15 08:10:00,0.7830875,2
2000-06-15 08:20:00,0.8071825,2
2000-06-15 08:30:00,0.82228,2
2000-06-15 08:40:00,0.82716,2
2000-06-15 08:50:00,0.82716,2
2000-06-15 09:00:00,0.82716,2
2000-06-15 09:10:00,0.82716,2
2000-06-15 09:20:00,0.82716,2
2000-06-15 09:30:00,0.81496,2
2000-06-15 09:40:00,0.81496,2
2000-06-15 09:50:00,1.9616989999999999,2
2000-06-15 10:00:00,1.8920370000000002,2
2000-06-15 10:10:00,1.8462565,2
2000-06-15 10:20:00,1.61772,2
2000-06-15 10:30:00,1.4968789999999998,2
2000-06-15 10:40:00,1.4848315,2
2000-06-15 10:50:00,1.4728145000000001,2
2000-06-15 11:00:00,1.4461270000000002,2
2000-06-15 11:10:00,1.4462795000000002,2
2000-06-15 11:20:00,1.429291,2
2000-06-15 11:30:00,1.42008,2
2000-06-15 11:40:00,1.39812,2
2000-06-15 11:50:00,1.29564,2
2000-06-15 12:00:00,1.18584,2
2000-06-15 12:10:00,1.0955599999999999,2
2000-06-15 12:20:00,1.0126,2
2000-06-15 12:30:00,0.8662,2
2000-06-15 12:40:00,0.75396,2
2000-06-15 12:50:00,0.8930400000000001,2
2000-06-15 13:00:00,0.81496,2
2000-06-15 13:10:00,0.7539600000000001,2
2000-06-15 13:20:00,0.704733,2
2000-06-15 13:30:00,0.656726,2
2000-06-15 13:40:00,0.581574,2
2000-06-15 13:50:00,0.2173735,2
2000-06-15 14:00:00,0.4686935,2
2000-06-15 14:10:00,1.534089,2
2000-06-15 14:20:00,1.383907,2
2000-06-15 14:30:00,1.2587959999999998,2
2000-06-15 14:40:00,0.947025,2
2000-06-15 14:50:00,0.15128,2
2000-06-15 15:00:00,0.13664,2
2000-06-15 15:10:00,0.13419999999999999,2
2000-06-15 15:20:00,0.16348000000000001,2
2000-06-15 15:30:00,0.14152,2
2000-06-15 15:40:00,0.13419999999999999,2
2000-06-15 15:50:00,0.15128,2
2000-06-15 16:00:00,0.13664,2
2000-06-15 16:10:00,0.16104000000000002,2
2000-06-15 16:20:00,0.35135999999999995,2
2000-06-15 16:30:00,0.5978,2
2000-06-15 16:40:00,0.59048,2
2000-06-15 16:50:00,0.58804,2
2000-06-15 17:00:00,0.59536,2
2000-06-15 17:10:00,0.59292,2
2000-06-15 17:20:00,0.59292,2
2000-06-15 17:30:00,0.55388,2
2000-06-15 17:40:00,0.55876,2
2000-06-15 17:50:00,1.7103345000000003,2
2000-06-15 18:00:00,3.55302,2
2000-06-15 18:10:00,4.5387525,2
2000-06-15 18:20:00,4.609051000000001,2
2000-06-15 18:30:00,3.20288,2
2000-06-15 18:40:00,2.9002975,2
2000-06-15 18:50:00,2.7091925,2
2000-06-15 19:00:00,4.052962,2
2000-06-15 19:10:00,4.207546000000001,2
2000-06-15 19:20:00,4.140802,2
2000-06-15 19:30:00,3.3167735,2
2000-06-15 19:40:00,3.2923735,2
2000-06-15 19:50:00,3.8477835000000002,2
2000-06-15 20:00:00,4.4395240000000005,2
2000-06-15 20:10:00,3.6109095000000004,2
2000-06-15 20:20:00,4.106965,2
2000-06-15 20:30:00,4.678872999999999,2
2000-06-15 20:40:00,4.6634675,2
2000-06-15 20:50:00,3.762218,2
2000-06-15 21:00:00,2.738813,2
2000-06-15 21:10:00,2.520221,2
2000-06-15 21:20:00,2.5266175,2
2000-06-15 21:30:00,2.5266175,2
2000-06-15 21:40:00,2.520221,2
2000-06-15 21:50:00,2.509386,2
2000-06-15 22:00:00,2.515755,2
2000-06-15 22:10:00,2.515755,2
2000-06-15 22:20:00,2.522124,2
2000-06-15 22:30:00,2.534862,2
2000-06-15 22:40:00,2.523917,2
2000-06-15 22:50:00,2.5302585,2
2000-06-15 23:00:00,2.5302585,2
2000-06-15 23:10:00,2.5302585,2
2000-06-15 23:20:00,3.100823,2
2000-06-15 23:30:00,3.6609135000000004,2
2000-06-15 23:40:00,3.889762,2
2000-06-15 23:50:00,3.081258,2
2000-06-16 00:00:00,2.031945,2
2000-06-16 00:10:00,2.031945,2
2000-06-16 00:20:00,2.034385,2
2000-06-16 00:30:00,2.034385,2
2000-06-16 00:40:00,2.034385,2
2000-06-16 00:50:00,2.034385,2
2000-06-16 01:00:00,2.034385,2
2000-06-16 01:10:00,2.029325,2
2000-06-16 01:20:00,2.034205,2
2000-06-16 01:30:00,2.031765,2
2000-06-16 01:40:00,2.029325,2
2000-06-16 01:50:00,2.0380845,2
2000-06-16 02:00:00,2.0380845,2
2000-06-16 02:10:00,2.0405245,2
2000-06-16 02:20:00,2.0405245,2
2000-06-16 02:30:00,2.0405245,2
2000-06-16 02:40:00,2.034172,2
2000-06-16 02:50:00,2.034172,2
2000-06-16 03:00:00,2.034172,2
2000-06-16 03:10:00,2.034172,2
2000-06-16 03:20:00,2.034172,2
2000-06-16 03:30:00,2.042904,2
2000-06-16 03:40:00,2.0491960000000002,2
2000-06-16 03:50:00,2.0427885,2
2000-06-16 04:00:00,2.0427885,2
2000-06-16 04:10:00,2.0427885,2
2000-06-16 04:20:00,2.0427885,2
2000-06-16 04:30:00,2.0560655,2
2000-06-16 04:40:00,3.1451205,2
2000-06-16 04:50:00,3.1383885,2
2000-06-16 05:00:00,3.1318270000000004,2
2000-06-16 05:10:00,3.1318270000000004,2
2000-06-16 05:20:00,3.1318270000000004,2
2000-06-16 05:30:00,3.1318270000000004,2
2000-06-16 05:40:00,3.2653870000000005,2
2000-06-16 05:50:00,4.1041035,2
2000-06-16 06:00:00,4.0751895000000005,2
2000-06-16 06:10:00,4.135427,2
2000-06-16 06:20:00,3.9858870000000004,2
2000-06-16 06:30:00,2.830327,2
2000-06-16 06:40:00,2.3349215,2
2000-06-16 06:50:00,1.777296,2
2000-06-16 07:00:00,1.8673625,2
2000-06-16 07:10:00,1.836039,2
2000-06-16 07:20:00,1.702327,2
2000-06-16 07:30:00,1.6733215,2
2000-06-16 07:40:00,1.641937,2
2000-06-16 07:50:00,1.6154935,2
2000-06-16 08:00:00,1.22122,2
2000-06-16 08:10:00,1.0811030000000001,2
2000-06-16 08:20:00,0.901702,2
2000-06-16 08:30:00,0.83204,2
2000-06-16 08:40:00,0.95038,2
2000-06-16 08:50:00,0.8370725,2
2000-06-16 09:00:00,0.70211,2
2000-06-16 09:10:00,0.629459,2
2000-06-16 09:20:00,0.841312,2
2000-06-16 09:30:00,0.5978,2
2000-06-16 09:40:00,0.745725,2
2000-06-16 09:50:00,0.724985,2
2000-06-16 10:00:00,0.59536,2
2000-06-16 10:10:00,0.5978,2
2000-06-16 10:20:00,0.59536,2
2000-06-16 10:30:00,0.57096,2
2000-06-16 10:40:00,0.5002,2
2000-06-16 10:50:00,0.43432,2
2000-06-16 11:00:00,0.3904,2
2000-06-16 11:10:00,0.34403999999999996,2
2000-06-16 11:20:00,0.30988,2
2000-06-16 11:30:00,0.34587,2
2000-06-16 11:40:00,0.133407,2
2000-06-16 11:50:00,0.14823,2
2000-06-16 12:00:00,0.079056,2
2000-06-16 12:10:00,0.074115,2
2000-06-16 12:20:00,0.054351,2
2000-06-16 12:30:00,0.069174,2
2000-06-16 12:40:00,0.059292,2
2000-06-16 12:50:00,0.133407,2
2000-06-16 13:00:00,0.0,2
2000-06-16 13:10:00,0.09387899999999999,2
2000-06-16 13:20:00,0.069174,2
2000-06-16 13:30:00,0.034587,2
2000-06-16 13:40:00,0.138348,2
2000-06-16 13:50:00,0.0765855,2
2000-06-16 14:00:00,0.0716445,2
2000-06-16 14:10:00,0.0123525,2
2000-06-16 14:20:00,0.0518805,2
2000-06-16 14:30:00,0.123525,2
2000-06-16 14:40:00,0.0617625,2
2000-06-16 14:50:00,0.08783999999999999,2
2000-06-16 15:00:00,0.0,2
2000-06-16 15:10:00,0.06588,2
2000-06-16 15:20:00,0.0488,2
2000-06-16 15:30:00,0.0854,2
2000-06-16 15:40:00,0.04148,2
2000-06-16 15:50:00,0.043919999999999994,2
2000-06-16 16:00:00,0.0366,2
2000-06-16 16:10:00,0.07076,2
2000-06-16 16:20:00,0.02928,2
2000-06-16 16:30:00,0.06344,2
2000-06-16 16:40:00,0.021959999999999997,2
2000-06-16 16:50:00,0.06752699999999999,2
2000-06-16 17:00:00,0.51972,2
2000-06-16 17:10:00,0.2806,2
2000-06-16 17:20:00,0.14152,2
2000-06-16 17:30:00,0.05124,2
2000-06-16 17:40:00,0.03172,2
2000-06-16 17:50:00,0.9507459999999999,2
2000-06-16 18:00:00,2.428671,2
2000-06-16 18:10:00,3.733447,2
2000-06-16 18:20:00,3.5386265,2
2000-06-16 18:30:00,3.889411,2
2000-06-16 18:40:00,3.82408,2
2000-06-16 18:50:00,3.9805965,2
2000-06-16 19:00:00,4.841099,2
2000-06-16 19:10:00,4.813017,2
2000-06-16 19:20:00,4.5644115,2
2000-06-16 19:30:00,4.8107904999999995,2
2000-06-16 19:40:00,4.76501,2
2000-06-16 19:50:00,4.6105885,2
2000-06-16 20:00:00,4.4641885,2
2000-06-16 20:10:00,4.3495085,2
2000-06-16 20:20:00,4.222895,2
2000-06-16 20:30:00,3.8032615000000005,2
2000-06-16 20:40:00,3.6225185000000004,2
2000-06-16 20:50:00,3.7651060000000003,2
2000-06-16 21:00:00,4.223703500000001,2
2000-06-16 21:10:00,4.206623500000001,2
2000-06-16 21:20:00,4.003816499999999,2
2000-06-16 21:30:00,3.3030715,2
2000-06-16 21:40:00,3.1660355000000004,2
2000-06-16 21:50:00,3.1240370000000004,2
2000-06-16 22:00:00,3.19973,2
2000-06-16 22:10:00,4.1680065,2
2000-06-16 22:20:00,3.7823890000000002,2
2000-06-16 22:30:00,2.1509715,2
2000-06-16 22:40:00,1.598708,2
2000-06-16 22:50:00,1.520628,2
2000-06-16 23:00:00,1.369348,2
2000-06-16 23:10:00,1.4213505,2
2000-06-16 23:20:00,1.310788,2
2000-06-16 23:30:00,1.264428,2
2000-06-16 23:40:00,1.2266380000000001,2
2000-06-16 23:50:00,1.282758,2
2000-06-17 00:00:00,1.202238,2
2000-06-17 00:10:00,1.2932805,2
2000-06-17 00:20:00,1.199798,2
2000-06-17 00:30:00,1.243718,2
2000-06-17 00:40:00,1.241278,2
2000-06-17 00:50:00,1.202238,2
2000-06-17 01:00:00,1.2510075,2
2000-06-17 01:10:00,1.1607275,2
2000-06-17 01:20:00,1.133129,2
2000-06-17 01:30:00,1.140449,2
2000-06-17 01:40:00,1.162409,2
2000-06-17 01:50:00,1.147769,2
2000-06-17 02:00:00,1.140449,2
2000-06-17 02:10:00,1.1651639999999999,2
2000-06-17 02:20:00,1.1456439999999999,2
2000-06-17 02:30:00,1.1432039999999999,2
2000-06-17 02:40:00,1.1724839999999999,2
2000-06-17 02:50:00,1.238364,2
2000-06-17 03:00:00,1.221284,2
2000-06-17 03:10:00,1.1432039999999999,2
2000-06-17 03:20:00,1.127778,2
2000-06-17 03:30:00,1.156532,2
2000-06-17 03:40:00,1.61082,2
2000-06-17 03:50:00,2.6066905,2
2000-06-17 04:00:00,2.6091305,2
2000-06-17 04:10:00,2.6115705,2
2000-06-17 04:20:00,2.600393,2
2000-06-17 04:30:00,1.422492,2
2000-06-17 04:40:00,1.564012,2
2000-06-17 04:50:00,1.564012,2
2000-06-17 05:00:00,1.5593920000000001,2
2000-06-17 05:10:00,1.5569520000000001,2
2000-06-17 05:20:00,1.5569520000000001,2
2000-06-17 05:30:00,1.5569520000000001,2
2000-06-17 05:40:00,1.4861920000000002,2
2000-06-17 05:50:00,1.088472,2
2000-06-17 06:00:00,1.088472,2
2000-06-17 06:10:00,0.796917,2
2000-06-17 06:20:00,0.0,2
2000-06-17 06:30:00,0.0,2
2000-06-17 06:40:00,0.292068,2
2000-06-17 06:50:00,0.949343,2
2000-06-17 07:00:00,0.9421145000000001,2
2000-06-17 07:10:00,0.9469335,2
2000-06-17 07:20:00,0.9421145000000001,2
2000-06-17 07:30:00,0.930067,2
2000-06-17 07:40:00,0.356118,2
2000-06-17 07:50:00,0.0,2
2000-06-17 08:00:00,0.36810449999999995,2
2000-06-17 08:10:00,0.6490400000000001,2
2000-06-17 08:20:00,0.68564,2
2000-06-17 08:30:00,0.65636,2
2000-06-17 08:40:00,0.6588,2
2000-06-17 08:50:00,0.6588,2
2000-06-17 09:00:00,0.66124,2
2000-06-17 09:10:00,0.66612,2
2000-06-17 09:20:00,0.66612,2
2000-06-17 09:30:00,0.66612,2
2000-06-17 09:40:00,0.66856,2
2000-06-17 09:50:00,0.671,2
2000-06-17 10:00:00,0.671,2
2000-06-17 10:10:00,0.67344,2
2000-06-17 10:20:00,0.6832,2
2000-06-17 10:30:00,0.6929599999999999,2
2000-06-17 10:40:00,0.6978399999999999,2
2000-06-17 10:50:00,0.6978399999999999,2
2000-06-17 11:00:00,0.7051599999999999,2
2000-06-17 11:10:00,0.7124799999999999,2
2000-06-17 11:20:00,0.71736,2
2000-06-17 11:30:00,0.7149199999999999,2
2000-06-17 11:40:00,0.71736,2
2000-06-17 11:50:00,0.7198,2
2000-06-17 12:00:00,0.71736,2
2000-06-17 12:10:00,0.7124799999999999,2
2000-06-17 12:20:00,0.7124799999999999,2
2000-06-17 12:30:00,0.7100399999999999,2
2000-06-17 12:40:00,0.7075999999999999,2
2000-06-17 12:50:00,0.7051599999999999,2
2000-06-17 13:00:00,0.533628,2
2000-06-17 13:10:00,0.81984,2
2000-06-17 13:20:00,0.83692,2
2000-06-17 13:30:00,0.6929599999999999,2
2000-06-17 13:40:00,0.0,2
2000-06-17 13:50:00,0.0,2
2000-06-17 14:00:00,0.0,2
2000-06-17 14:10:00,0.0,2
2000-06-17 14:20:00,0.0,2
2000-06-17 14:30:00,0.0,2
2000-06-17 14:40:00,0.0,2
2000-06-17 14:50:00,0.17757099999999998,2
2000-06-17 15:00:00,0.24888,2
2000-06-17 15:10:00,0.25864,2
2000-06-17 15:20:00,0.24888,2
2000-06-17 15:30:00,0.21227999999999997,2
2000-06-17 15:40:00,0.21227999999999997,2
2000-06-17 15:50:00,0.20983999999999997,2
2000-06-17 16:00:00,0.21472,2
2000-06-17 16:10:00,0.21227999999999997,2
2000-06-17 16:20:00,0.38308,2
2000-06-17 16:30:00,0.60756,2
2000-06-17 16:40:00,0.60756,2
2000-06-17 16:50:00,0.60756,2
2000-06-17 17:00:00,0.60756,2
2000-06-17 17:10:00,0.4718655,2
2000-06-17 17:20:00,0.0,2
2000-06-17 17:30:00,0.0,2
2000-06-17 17:40:00,0.26245999999999997,2
2000-06-17 17:50:00,1.4639625,2
2000-06-17 18:00:00,2.3363535,2
2000-06-17 18:10:00,2.390058,2
2000-06-17 18:20:00,2.5416600000000003,2
2000-06-17 18:30:00,2.5416600000000003,2
2000-06-17 18:40:00,2.5416600000000003,2
2000-06-17 18:50:00,2.5355,2
2000-06-17 19:00:00,3.7082075,2
2000-06-17 19:10:00,4.591782,2
2000-06-17 19:20:00,3.3345979999999997,2
2000-06-17 19:30:00,3.0607615,2
2000-06-17 19:40:00,3.598868,2
2000-06-17 19:50:00,3.844454,2
2000-06-17 20:00:00,3.8083115,2
2000-06-17 20:10:00,3.7914754999999998,2
2000-06-17 20:20:00,3.7673805,2
2000-06-17 20:30:00,3.7481045,2
2000-06-17 20:40:00,3.7360875,2
2000-06-17 20:50:00,3.72404,2
2000-06-17 21:00:00,3.7144325,2
2000-06-17 21:10:00,3.1899505,2
2000-06-17 21:20:00,3.1572545,2
2000-06-17 21:30:00,3.1476165,2
2000-06-17 21:40:00,3.1403879999999997,2
2000-06-17 21:50:00,2.2545010000000003,2
2000-06-17 22:00:00,1.6633369999999998,2
2000-06-17 22:10:00,1.653699,2
2000-06-17 22:20:00,1.644061,2
2000-06-17 22:30:00,1.6414075000000001,2
2000-06-17 22:40:00,1.6096875,2
2000-06-17 22:50:00,1.5047674999999998,2
2000-06-17 23:00:00,1.4144875,2
2000-06-17 23:10:00,1.3437275,2
2000-06-17 23:20:00,1.2900475,2
2000-06-17 23:30:00,1.2259365,2
2000-06-17 23:40:00,1.0826475,2
2000-06-17 23:50:00,1.0826475,2
2000-06-18 00:00:00,1.0826475,2
2000-06-18 00:10:00,1.0826475,2
2000-06-18 00:20:00,1.0826475,2
2000-06-18 00:30:00,1.0826475,2
2000-06-18 00:40:00,1.0826475,2
2000-06-18 00:50:00,1.0826475,2
2000-06-18 01:00:00,1.0826475,2
2000-06-18 01:10:00,1.0826475,2
2000-06-18 01:20:00,1.0826475,2
2000-06-18 01:30:00,1.0826475,2
2000-06-18 01:40:00,1.0826475,2
2000-06-18 01:50:00,1.0826475,2
2000-06-18 02:00:00,1.0781100000000001,2
2000-06-18 02:10:00,1.0781100000000001,2
2000-06-18 02:20:00,1.0781100000000001,2
2000-06-18 02:30:00,1.084644,2
2000-06-18 02:40:00,1.084644,2
2000-06-18 02:50:00,1.084644,2
2000-06-18 03:00:00,1.084644,2
2000-06-18 03:10:00,0.30182899999999996,2
2000-06-18 03:20:00,0.0,2
2000-06-18 03:30:00,0.0,2
2000-06-18 03:40:00,0.0,2
2000-06-18 03:50:00,0.0,2
2000-06-18 04:00:00,0.0,2
2000-06-18 04:10:00,0.0,2
2000-06-18 04:20:00,0.0,2
2000-06-18 04:30:00,0.0,2
2000-06-18 04:40:00,0.0,2
2000-06-18 04:50:00,0.0,2
2000-06-18 05:00:00,0.0,2
2000-06-18 05:10:00,0.0,2
2000-06-18 05:20:00,0.0,2
2000-06-18 05:30:00,1.7242225,2
2000-06-18 05:40:00,2.180607,2
2000-06-18 05:50:00,2.180607,2
2000-06-18 06:00:00,2.180607,2
2000-06-18 06:10:00,2.1371295,2
2000-06-18 06:20:00,0.6722505000000001,2
2000-06-18 06:30:00,0.52948,2
2000-06-18 06:40:00,0.6363519999999999,2
2000-06-18 06:50:00,1.078419,2
2000-06-18 07:00:00,1.0484375000000001,2
2000-06-18 07:10:00,0.976,2
2000-06-18 07:20:00,1.1162085,2
2000-06-18 07:30:00,2.0009525,2
2000-06-18 07:40:00,1.8339345,2
2000-06-18 07:50:00,1.328779,2
2000-06-18 08:00:00,1.34444,2
2000-06-18 08:10:00,1.6225999999999998,2
2000-06-18 08:20:00,0.9272,2
2000-06-18 08:30:00,0.94916,2
2000-06-18 08:40:00,0.9506545000000001,2
2000-06-18 08:50:00,0.94428,2
2000-06-18 09:00:00,0.94916,2
2000-06-18 09:10:00,0.95404,2
2000-06-18 09:20:00,0.96868,2
2000-06-18 09:30:00,0.9638,2
2000-06-18 09:40:00,0.96624,2
2000-06-18 09:50:00,0.96868,2
2000-06-18 10:00:00,0.9808800000000001,2
2000-06-18 10:10:00,0.96624,2
2000-06-18 10:20:00,0.9833200000000001,2
2000-06-18 10:30:00,0.9857600000000001,2
2000-06-18 10:40:00,0.99308,2
2000-06-18 10:50:00,0.9906400000000001,2
2000-06-18 11:00:00,0.9882000000000001,2
2000-06-18 11:10:00,0.9857600000000001,2
2000-06-18 11:20:00,0.9808800000000001,2
2000-06-18 11:30:00,0.9857600000000001,2
2000-06-18 11:40:00,0.9808800000000001,2
2000-06-18 11:50:00,0.976,2
2000-06-18 12:00:00,0.97356,2
2000-06-18 12:10:00,0.96624,2
2000-06-18 12:20:00,0.976,2
2000-06-18 12:30:00,0.97356,2
2000-06-18 12:40:00,0.94428,2
2000-06-18 12:50:00,0.94672,2
2000-06-18 13:00:00,0.94916,2
2000-06-18 13:10:00,0.93696,2
2000-06-18 13:20:00,0.95648,2
2000-06-18 13:30:00,0.95404,2
2000-06-18 13:40:00,0.94672,2
2000-06-18 13:50:00,0.93696,2
2000-06-18 14:00:00,0.92964,2
2000-06-18 14:10:00,0.93208,2
2000-06-18 14:20:00,0.8954799999999999,2
2000-06-18 14:30:00,0.87352,2
2000-06-18 14:40:00,0.8662,2
2000-06-18 14:50:00,0.78324,2
2000-06-18 15:00:00,0.66612,2
2000-06-18 15:10:00,0.6880799999999999,2
2000-06-18 15:20:00,0.5367999999999999,2
2000-06-18 15:30:00,0.60756,2
2000-06-18 15:40:00,0.57096,2
2000-06-18 15:50:00,0.55632,2
2000-06-18 16:00:00,0.55388,2
2000-06-18 16:10:00,0.53436,2
2000-06-18 16:20:00,0.549,2
2000-06-18 16:30:00,0.56608,2
2000-06-18 16:40:00,0.55632,2
2000-06-18 16:50:00,1.185474,2
2000-06-18 17:00:00,0.9052399999999999,2
2000-06-18 17:10:00,0.77836,2
2000-06-18 17:20:00,0.72468,2
2000-06-18 17:30:00,0.6953999999999999,2
2000-06-18 17:40:00,0.67344,2
2000-06-18 17:50:00,2.4447975,2
2000-06-18 18:00:00,3.974323,2
2000-06-18 18:10:00,4.773512,2
2000-06-18 18:20:00,5.2022794999999995,2
2000-06-18 18:30:00,5.36641,2
2000-06-18 18:40:00,6.072075999999999,2
2000-06-18 18:50:00,6.0458435,2
2000-06-18 19:00:00,5.908371499999999,2
2000-06-18 19:10:00,4.480178,2
2000-06-18 19:20:00,4.4850885,2
2000-06-18 19:30:00,4.473041,2
2000-06-18 19:40:00,4.461024,2
2000-06-18 19:50:00,4.446567,2
2000-06-18 20:00:00,4.4658430000000005,2
2000-06-18 20:10:00,3.668516,2
2000-06-18 20:20:00,2.231024,2
2000-06-18 20:30:00,1.6433499999999999,2
2000-06-18 20:40:00,1.503355,2
2000-06-18 20:50:00,1.503355,2
2000-06-18 21:00:00,1.505795,2
2000-06-18 21:10:00,1.505795,2
2000-06-18 21:20:00,1.609459,2
2000-06-18 21:30:00,2.969182,2
2000-06-18 21:40:00,2.6204065,2
2000-06-18 21:50:00,1.4925795,2
2000-06-18 22:00:00,1.4515875,2
2000-06-18 22:10:00,1.4515875,2
2000-06-18 22:20:00,1.4515875,2
2000-06-18 22:30:00,1.4515875,2
2000-06-18 22:40:00,1.4515875,2
2000-06-18 22:50:00,2.205082,2
2000-06-18 23:00:00,2.5443165,2
2000-06-18 23:10:00,2.5443165,2
2000-06-18 23:20:00,2.5443165,2
2000-06-18 23:30:00,2.5381015000000002,2
2000-06-18 23:40:00,2.5381015000000002,2
2000-06-18 23:50:00,2.5381015000000002,2
2000-06-19 00:00:00,2.5381015000000002,2
2000-06-19 00:10:00,2.5381015000000002,2
2000-06-19 00:20:00,2.5445255,2
2000-06-19 00:30:00,2.5509495,2
2000-06-19 00:40:00,2.5473195000000004,2
2000-06-19 00:50:00,1.70962,2
2000-06-19 01:00:00,1.458402,2
2000-06-19 01:10:00,1.458402,2
2000-06-19 01:20:00,1.458402,2
2000-06-19 01:30:00,1.458402,2
2000-06-19 01:40:00,1.458402,2
2000-06-19 01:50:00,1.458402,2
2000-06-19 02:00:00,1.933691,2
2000-06-19 02:10:00,2.3088575,2
2000-06-19 02:20:00,2.2510295,2
2000-06-19 02:30:00,2.207625,2
2000-06-19 02:40:00,2.7859055,2
2000-06-19 02:50:00,2.7931340000000002,2
2000-06-19 03:00:00,2.4293325,2
2000-06-19 03:10:00,2.3474095,2
2000-06-19 03:20:00,2.277534,2
2000-06-19 03:30:00,2.2462105,2
2000-06-19 03:40:00,2.263077,2
2000-06-19 03:50:00,2.3199959999999997,2
2000-06-19 04:00:00,2.2983105,2
2000-06-19 04:10:00,2.388338,2
2000-06-19 04:20:00,2.3955665,2
2000-06-19 04:30:00,2.4027950000000002,2
2000-06-19 04:40:00,2.4052045,2
2000-06-19 04:50:00,3.0464715,2
2000-06-19 05:00:00,3.496823,2
2000-06-19 05:10:00,3.4717915,2
2000-06-19 05:20:00,3.3353865000000003,2
2000-06-19 05:30:00,3.363364,2
2000-06-19 05:40:00,3.572875,2
2000-06-19 05:50:00,3.6886145,2
2000-06-19 06:00:00,3.6934335000000003,2
2000-06-19 06:10:00,2.608644,2
2000-06-19 06:20:00,2.2532515,2
2000-06-19 06:30:00,2.2508419999999996,2
2000-06-19 06:40:00,1.4361214999999998,2
2000-06-19 06:50:00,1.1637885,2
2000-06-19 07:00:00,1.1734265,2
2000-06-19 07:10:00,1.151741,2
2000-06-19 07:20:00,1.0674085,2
2000-06-19 07:30:00,1.15656,2
2000-06-19 07:40:00,1.1541504999999999,2
2000-06-19 07:50:00,1.1661979999999998,2
2000-06-19 08:00:00,1.15656,2
2000-06-19 08:10:00,1.1445125,2
2000-06-19 08:20:00,1.151741,2
2000-06-19 08:30:00,1.1686075,2
2000-06-19 08:40:00,1.1686075,2
2000-06-19 08:50:00,1.1782455,2
2000-06-19 09:00:00,1.1830645,2
2000-06-19 09:10:00,1.20292,2
2000-06-19 09:20:00,1.1956,2
2000-06-19 09:30:00,1.19316,2
2000-06-19 09:40:00,1.19072,2
2000-06-19 09:50:00,1.20292,2
2000-06-19 10:00:00,1.20048,2
2000-06-19 10:10:00,1.1492399999999998,2
2000-06-19 10:20:00,1.1346,2
2000-06-19 10:30:00,1.13704,2
2000-06-19 10:40:00,1.1467999999999998,2
2000-06-19 10:50:00,1.14192,2
2000-06-19 11:00:00,1.13948,2
2000-06-19 11:10:00,1.1492399999999998,2
2000-06-19 11:20:00,1.1516799999999998,2
2000-06-19 11:30:00,1.159,2
2000-06-19 11:40:00,1.16144,2
2000-06-19 11:50:00,1.159,2
2000-06-19 12:00:00,1.159,2
2000-06-19 12:10:00,1.1346,2
2000-06-19 12:20:00,1.1224,2
2000-06-19 12:30:00,1.0784799999999999,2
2000-06-19 12:40:00,1.0809199999999999,2
2000-06-19 12:50:00,1.08336,2
2000-06-19 13:00:00,1.09312,2
2000-06-19 13:10:00,1.10776,2
2000-06-19 13:20:00,1.098,2
2000-06-19 13:30:00,1.00284,2
2000-06-19 13:40:00,1.00528,2
2000-06-19 13:50:00,1.00528,2
2000-06-19 14:00:00,0.99796,2
2000-06-19 14:10:00,0.99796,2
2000-06-19 14:20:00,0.9784400000000001,2
2000-06-19 14:30:00,0.07942199999999999,2
2000-06-19 14:40:00,0.60512,2
2000-06-19 14:50:00,0.55144,2
2000-06-19 15:00:00,0.54168,2
2000-06-19 15:10:00,0.56364,2
2000-06-19 15:20:00,0.47336,2
2000-06-19 15:30:00,0.52948,2
2000-06-19 15:40:00,0.52704,2
2000-06-19 15:50:00,0.53436,2
2000-06-19 16:00:00,0.5758399999999999,2
2000-06-19 16:10:00,0.60024,2
2000-06-19 16:20:00,0.56364,2
2000-06-19 16:30:00,0.549,2
2000-06-19 16:40:00,0.54412,2
2000-06-19 16:50:00,0.54656,2
2000-06-19 17:00:00,0.55144,2
2000-06-19 17:10:00,0.55632,2
2000-06-19 17:20:00,0.54656,2
2000-06-19 17:30:00,0.54656,2
2000-06-19 17:40:00,0.54656,2
2000-06-19 17:50:00,1.9126675,2
2000-06-19 18:00:00,2.3412305,2
2000-06-19 18:10:00,2.9646235,2
2000-06-19 18:20:00,3.7512930000000004,2
2000-06-19 18:30:00,4.3543785,2
2000-06-19 18:40:00,5.5825819999999995,2
2000-06-19 18:50:00,6.2371025,2
2000-06-19 19:00:00,6.224223,2
2000-06-19 19:10:00,5.7467025,2
2000-06-19 19:20:00,5.405315999999999,2
2000-06-19 19:30:00,5.042568,2
2000-06-19 19:40:00,4.655024,2
2000-06-19 19:50:00,4.210304000000001,2
2000-06-19 20:00:00,4.244192,2
2000-06-19 20:10:00,3.9833760000000007,2
2000-06-19 20:20:00,4.696488500000001,2
2000-06-19 20:30:00,4.689927000000001,2
2000-06-19 20:40:00,4.3149585,2
2000-06-19 20:50:00,4.1516395,2
2000-06-19 21:00:00,3.6043260000000004,2
2000-06-19 21:10:00,3.6107500000000003,2
2000-06-19 21:20:00,3.2510060000000003,2
2000-06-19 21:30:00,2.5374689999999998,2
2000-06-19 21:40:00,2.5374689999999998,2
2000-06-19 21:50:00,2.5312815,2
2000-06-19 22:00:00,2.5312815,2
2000-06-19 22:10:00,3.284567,2
2000-06-19 22:20:00,3.247447,2
2000-06-19 22:30:00,3.223352,2
2000-06-19 22:40:00,3.2064855000000003,2
2000-06-19 22:50:00,1.6462875000000001,2
2000-06-19 23:00:00,1.079694,2
2000-06-19 23:10:00,1.0994445000000002,2
2000-06-19 23:20:00,1.5025835,2
2000-06-19 23:30:00,1.079694,2
2000-06-19 23:40:00,1.079694,2
2000-06-19 23:50:00,0.29749499999999995,2
2000-06-20 00:00:00,0.634656,2
2000-06-20 00:10:00,1.079694,2
2000-06-20 00:20:00,1.076086,2
2000-06-20 00:30:00,1.076086,2
2000-06-20 00:40:00,1.076086,2
2000-06-20 00:50:00,1.076086,2
2000-06-20 01:00:00,1.076086,2
2000-06-20 01:10:00,1.076086,2
2000-06-20 01:20:00,1.076086,2
2000-06-20 01:30:00,1.076086,2
2000-06-20 01:40:00,1.076086,2
2000-06-20 01:50:00,1.076086,2
2000-06-20 02:00:00,1.0826475,2
2000-06-20 02:10:00,1.0826475,2
2000-06-20 02:20:00,1.0781100000000001,2
2000-06-20 02:30:00,1.0781100000000001,2
2000-06-20 02:40:00,1.0781100000000001,2
2000-06-20 02:50:00,1.0781100000000001,2
2000-06-20 03:00:00,1.0781100000000001,2
2000-06-20 03:10:00,1.0781100000000001,2
2000-06-20 03:20:00,1.0781100000000001,2
2000-06-20 03:30:00,1.0781100000000001,2
2000-06-20 03:40:00,1.0735725,2
2000-06-20 03:50:00,1.0735725,2
2000-06-20 04:00:00,1.0735725,2
2000-06-20 04:10:00,1.0735725,2
2000-06-20 04:20:00,1.080079,2
2000-06-20 04:30:00,1.080079,2
2000-06-20 04:40:00,1.080079,2
2000-06-20 04:50:00,1.080079,2
2000-06-20 05:00:00,1.080079,2
2000-06-20 05:10:00,1.080079,2
2000-06-20 05:20:00,1.080079,2
2000-06-20 05:30:00,1.080079,2
2000-06-20 05:40:00,1.075514,2
2000-06-20 05:50:00,1.075514,2
2000-06-20 06:00:00,1.075514,2
2000-06-20 06:10:00,0.6441435,2
2000-06-20 06:20:00,0.0,2
2000-06-20 06:30:00,0.0,2
2000-06-20 06:40:00,0.37264899999999995,2
2000-06-20 06:50:00,0.67588,2
2000-06-20 07:00:00,0.61976,2
2000-06-20 07:10:00,0.8095920000000001,2
2000-06-20 07:20:00,0.8023635,2
2000-06-20 07:30:00,0.72956,2
2000-06-20 07:40:00,0.783179,2
2000-06-20 07:50:00,1.726483,2
2000-06-20 08:00:00,1.626992,2
2000-06-20 08:10:00,1.615463,2
2000-06-20 08:20:00,1.066646,2
2000-06-20 08:30:00,0.44767899999999994,2
2000-06-20 08:40:00,0.80032,2
2000-06-20 08:50:00,0.81008,2
2000-06-20 09:00:00,0.8174,2
2000-06-20 09:10:00,0.82472,2
2000-06-20 09:20:00,0.8296,2
2000-06-20 09:30:00,0.8296,2
2000-06-20 09:40:00,0.83204,2
2000-06-20 09:50:00,0.83448,2
2000-06-20 10:00:00,0.8393599999999999,2
2000-06-20 10:10:00,0.8417999999999999,2
2000-06-20 10:20:00,0.8417999999999999,2
2000-06-20 10:30:00,0.8442399999999999,2
2000-06-20 10:40:00,0.8466799999999999,2
2000-06-20 10:50:00,0.8442399999999999,2
2000-06-20 11:00:00,0.8417999999999999,2
2000-06-20 11:10:00,0.8442399999999999,2
2000-06-20 11:20:00,0.8417999999999999,2
2000-06-20 11:30:00,0.557723,2
2000-06-20 11:40:00,0.0,2
2000-06-20 11:50:00,0.283528,2
2000-06-20 12:00:00,0.8052,2
2000-06-20 12:10:00,0.81008,2
2000-06-20 12:20:00,0.80764,2
2000-06-20 12:30:00,0.80764,2
2000-06-20 12:40:00,0.8052,2
2000-06-20 12:50:00,0.80764,2
2000-06-20 13:00:00,0.9272,2
2000-06-20 13:10:00,1.06628,2
2000-06-20 13:20:00,1.07116,2
2000-06-20 13:30:00,1.0735999999999999,2
2000-06-20 13:40:00,1.0735999999999999,2
2000-06-20 13:50:00,1.0760399999999999,2
2000-06-20 14:00:00,1.0784799999999999,2
2000-06-20 14:10:00,1.0809199999999999,2
2000-06-20 14:20:00,1.0784799999999999,2
2000-06-20 14:30:00,1.0760399999999999,2
2000-06-20 14:40:00,1.0760399999999999,2
2000-06-20 14:50:00,1.0760399999999999,2
2000-06-20 15:00:00,1.0784799999999999,2
2000-06-20 15:10:00,1.0784799999999999,2
2000-06-20 15:20:00,1.0784799999999999,2
2000-06-20 15:30:00,1.0809199999999999,2
2000-06-20 15:40:00,1.6111929999999999,2
2000-06-20 15:50:00,1.8326534999999997,2
2000-06-20 16:00:00,1.7794614999999998,2
2000-06-20 16:10:00,1.7479549999999997,2
2000-06-20 16:20:00,1.6725895,2
2000-06-20 16:30:00,1.4483535,2
2000-06-20 16:40:00,1.4338965,2
2000-06-20 16:50:00,1.4194395000000002,2
2000-06-20 17:00:00,1.185108,2
2000-06-20 17:10:00,0.79056,2
2000-06-20 17:20:00,0.9076799999999999,2
2000-06-20 17:30:00,1.117032,2
2000-06-20 17:40:00,1.2411975000000002,2
2000-06-20 17:50:00,1.2967520000000001,2
2000-06-20 18:00:00,2.668316,2
2000-06-20 18:10:00,4.0927545,2
2000-06-20 18:20:00,3.5793195,2
2000-06-20 18:30:00,3.3863449999999995,2
2000-06-20 18:40:00,3.603365,2
2000-06-20 18:50:00,4.3529475,2
2000-06-20 19:00:00,4.387821499999999,2
2000-06-20 19:10:00,4.433602,2
2000-06-20 19:20:00,4.491429999999999,2
2000-06-20 19:30:00,4.4833695,2
2000-06-20 19:40:00,4.471322,2
2000-06-20 19:50:00,4.4640935,2
2000-06-20 20:00:00,4.448411999999999,2
2000-06-20 20:10:00,4.4460025,2
2000-06-20 20:20:00,4.4460025,2
2000-06-20 20:30:00,4.8309335,2
2000-06-20 20:40:00,4.8975124999999995,2
2000-06-20 20:50:00,4.8111275,2
2000-06-20 21:00:00,3.4320595,2
2000-06-20 21:10:00,3.5549049999999998,2
2000-06-20 21:20:00,3.453706,2
2000-06-20 21:30:00,3.453706,2
2000-06-20 21:40:00,3.4561155,2
2000-06-20 21:50:00,3.452255,2
2000-06-20 22:00:00,3.4546645,2
2000-06-20 22:10:00,3.4610335,2
2000-06-20 22:20:00,3.4610335,2
2000-06-20 22:30:00,3.463443,2
2000-06-20 22:40:00,3.454736,2
2000-06-20 22:50:00,3.454736,2
2000-06-20 23:00:00,3.449917,2
2000-06-20 23:10:00,3.4450979999999998,2
2000-06-20 23:20:00,3.411365,2
2000-06-20 23:30:00,3.3078174999999996,2
2000-06-20 23:40:00,2.888305,2
2000-06-20 23:50:00,1.6482139999999998,2
2000-06-21 00:00:00,1.5889175,2
2000-06-21 00:10:00,1.5230375,2
2000-06-21 00:20:00,1.4693575,2
2000-06-21 00:30:00,1.4278775000000001,2
2000-06-21 00:40:00,1.4010375,2
2000-06-21 00:50:00,1.2814775,2
2000-06-21 01:00:00,1.1900074999999999,2
2000-06-21 01:10:00,1.1997675,2
2000-06-21 01:20:00,1.1997675,2
2000-06-21 01:30:00,1.1948874999999999,2
2000-06-21 01:40:00,1.1753675,2
2000-06-21 01:50:00,1.1680475,2
2000-06-21 02:00:00,1.1704875,2
2000-06-21 02:10:00,1.1582875,2
2000-06-21 02:20:00,1.1704875,2
2000-06-21 02:30:00,1.1534075,2
2000-06-21 02:40:00,1.2022075,2
2000-06-21 02:50:00,1.2168475,2
2000-06-21 03:00:00,1.1534075,2
2000-06-21 03:10:00,1.1363275,2
2000-06-21 03:20:00,1.1509675,2
2000-06-21 03:30:00,2.2536375,2
2000-06-21 03:40:00,2.3399349999999997,2
2000-06-21 03:50:00,2.270517,2
2000-06-21 04:00:00,2.1810910000000003,2
2000-06-21 04:10:00,2.1542640000000004,2
2000-06-21 04:20:00,2.120958,2
2000-06-21 04:30:00,2.094789,2
2000-06-21 04:40:00,2.5588770000000003,2
2000-06-21 04:50:00,2.598405,2
2000-06-21 05:00:00,1.844531,2
2000-06-21 05:10:00,3.1997549999999997,2
2000-06-21 05:20:00,5.2330685,2
2000-06-21 05:30:00,2.541748,2
2000-06-21 05:40:00,2.104443,2
2000-06-21 05:50:00,2.706538,2
2000-06-21 06:00:00,2.1216935,2
2000-06-21 06:10:00,1.080079,2
2000-06-21 06:20:00,1.080079,2
2000-06-21 06:30:00,0.280962,2
2000-06-21 06:40:00,0.0,2
2000-06-21 06:50:00,0.0,2
2000-06-21 07:00:00,0.0,2
2000-06-21 07:10:00,0.283528,2
2000-06-21 07:20:00,1.0770465,2
2000-06-21 07:30:00,1.628822,2
2000-06-21 07:40:00,1.5493085,2
2000-06-21 07:50:00,1.503528,2
2000-06-21 08:00:00,1.2433020000000001,2
2000-06-21 08:10:00,1.2216165,2
2000-06-21 08:20:00,1.2360735,2
2000-06-21 08:30:00,1.1661979999999998,2
2000-06-21 08:40:00,1.089094,2
2000-06-21 08:50:00,1.0192185,2
2000-06-21 09:00:00,0.9394,2
2000-06-21 09:10:00,0.8784,2
2000-06-21 09:20:00,0.8954799999999999,2
2000-06-21 09:30:00,0.8466799999999999,2
2000-06-21 09:40:00,0.82716,2
2000-06-21 09:50:00,0.71736,2
2000-06-21 10:00:00,0.7564,2
2000-06-21 10:10:00,0.78568,2
2000-06-21 10:20:00,0.80276,2
2000-06-21 10:30:00,0.78568,2
2000-06-21 10:40:00,0.7759199999999999,2
2000-06-21 10:50:00,0.72956,2
2000-06-21 11:00:00,0.67588,2
2000-06-21 11:10:00,0.6880799999999999,2
2000-06-21 11:20:00,0.7002799999999999,2
2000-06-21 11:30:00,0.41967999999999994,2
2000-06-21 11:40:00,0.52948,2
2000-06-21 11:50:00,0.47092,2
2000-06-21 12:00:00,0.33428,2
2000-06-21 12:10:00,0.17323999999999998,2
2000-06-21 12:20:00,0.17323999999999998,2
2000-06-21 12:30:00,0.1708,2
2000-06-21 12:40:00,0.1708,2
2000-06-21 12:50:00,0.17567999999999998,2
2000-06-21 13:00:00,0.17323999999999998,2
2000-06-21 13:10:00,0.1708,2
2000-06-21 13:20:00,0.16592,2
2000-06-21 13:30:00,0.18544,2
2000-06-21 13:40:00,0.18544,2
2000-06-21 13:50:00,0.18544,2
2000-06-21 14:00:00,0.183,2
2000-06-21 14:10:00,0.183,2
2000-06-21 14:20:00,0.183,2
2000-06-21 14:30:00,0.18544,2
2000-06-21 14:40:00,0.183,2
2000-06-21 14:50:00,0.183,2
2000-06-21 15:00:00,0.17811999999999997,2
2000-06-21 15:10:00,0.183,2
2000-06-21 15:20:00,0.183,2
2000-06-21 15:30:00,0.183,2
2000-06-21 15:40:00,0.183,2
2000-06-21 15:50:00,0.183,2
2000-06-21 16:00:00,0.183,2
2000-06-21 16:10:00,0.183,2
2000-06-21 16:20:00,0.74908,2
2000-06-21 16:30:00,0.80276,2
2000-06-21 16:40:00,0.80032,2
2000-06-21 16:50:00,0.79056,2
2000-06-21 17:00:00,0.7808,2
2000-06-21 17:10:00,0.7808,2
2000-06-21 17:20:00,0.81252,2
2000-06-21 17:30:00,0.79788,2
2000-06-21 17:40:00,1.653617,2
2000-06-21 17:50:00,2.1494275,2
2000-06-21 18:00:00,2.2881115,2
2000-06-21 18:10:00,3.2158425,2
2000-06-21 18:20:00,3.0002455,2
2000-06-21 18:30:00,2.5416600000000003,2
2000-06-21 18:40:00,3.949629,2
2000-06-21 18:50:00,6.369647499999999,2
2000-06-21 19:00:00,7.51468,2
2000-06-21 19:10:00,7.060326,2
2000-06-21 19:20:00,6.405255500000001,2
2000-06-21 19:30:00,6.0906614999999995,2
2000-06-21 19:40:00,6.1003965,2
2000-06-21 19:50:00,6.5757505,2
2000-06-21 20:00:00,6.4273495,2
2000-06-21 20:10:00,6.3164109999999996,2
2000-06-21 20:20:00,6.125063,2
2000-06-21 20:30:00,5.094723,2
2000-06-21 20:40:00,4.544218000000001,2
2000-06-21 20:50:00,4.319839,2
2000-06-21 21:00:00,4.319839,2
2000-06-21 21:10:00,3.7645514999999996,2
2000-06-21 21:20:00,3.236678,2
2000-06-21 21:30:00,3.2432559999999997,2
2000-06-21 21:40:00,3.2432559999999997,2
2000-06-21 21:50:00,3.2408159999999997,2
2000-06-21 22:00:00,3.2456959999999997,2
2000-06-21 22:10:00,3.2456959999999997,2
2000-06-21 22:20:00,3.2456959999999997,2
2000-06-21 22:30:00,3.2457949999999998,2
2000-06-21 22:40:00,3.7736684999999994,2
2000-06-21 22:50:00,4.185107,2
2000-06-21 23:00:00,3.2482349999999998,2
2000-06-21 23:10:00,3.2482349999999998,2
2000-06-21 23:20:00,3.2482349999999998,2
2000-06-21 23:30:00,3.2394974999999997,2
2000-06-21 23:40:00,3.2383295,2
2000-06-21 23:50:00,3.2358895,2
2000-06-22 00:00:00,3.2358895,2
2000-06-22 00:10:00,3.2358895,2
2000-06-22 00:20:00,4.239278499999999,2
2000-06-22 00:30:00,4.3254895,2
2000-06-22 00:40:00,4.2693695,2
2000-06-22 00:50:00,4.1937295,2
2000-06-22 01:00:00,4.120291,2
2000-06-22 01:10:00,4.0553895,2
2000-06-22 01:20:00,4.0065895000000005,2
2000-06-22 01:30:00,3.9626694999999996,2
2000-06-22 01:40:00,3.9333894999999997,2
2000-06-22 01:50:00,3.7991894999999998,2
2000-06-22 02:00:00,3.8016294999999998,2
2000-06-22 02:10:00,3.7582845000000002,2
2000-06-22 02:20:00,3.764736,2
2000-06-22 02:30:00,3.7368735,2
2000-06-22 02:40:00,3.7710775000000005,2
2000-06-22 02:50:00,3.7710775000000005,2
2000-06-22 03:00:00,3.701296,2
2000-06-22 03:10:00,3.701296,2
2000-06-22 03:20:00,3.7198375,2
2000-06-22 03:30:00,3.7003175,2
2000-06-22 03:40:00,3.7076375,2
2000-06-22 03:50:00,3.7076375,2
2000-06-22 04:00:00,3.6881175,2
2000-06-22 04:10:00,3.7051975,2
2000-06-22 04:20:00,3.7222775,2
2000-06-22 04:30:00,3.701889,2
2000-06-22 04:40:00,3.721229,2
2000-06-22 04:50:00,3.711469,2
2000-06-22 05:00:00,3.711469,2
2000-06-22 05:10:00,3.621189,2
2000-06-22 05:20:00,3.621189,2
2000-06-22 05:30:00,3.6808164999999997,2
2000-06-22 05:40:00,3.7763565000000003,2
2000-06-22 05:50:00,3.6191025000000003,2
2000-06-22 06:00:00,3.5810385,2
2000-06-22 06:10:00,2.57057,2
2000-06-22 06:20:00,2.4478739999999997,2
2000-06-22 06:30:00,2.1683719999999997,2
2000-06-22 06:40:00,1.453452,2
2000-06-22 06:50:00,1.453452,2
2000-06-22 07:00:00,1.453452,2
2000-06-22 07:10:00,1.8204369999999999,2
2000-06-22 07:20:00,1.9842285,2
2000-06-22 07:30:00,1.951212,2
2000-06-22 07:40:00,1.960972,2
2000-06-22 07:50:00,1.9859844999999998,2
2000-06-22 08:00:00,1.997741,2
2000-06-22 08:10:00,1.9814855,2
2000-06-22 08:20:00,1.9935040000000002,2
2000-06-22 08:30:00,1.984815,2
2000-06-22 08:40:00,1.60908,2
2000-06-22 08:50:00,0.7564,2
2000-06-22 09:00:00,0.76372,2
2000-06-22 09:10:00,0.7686,2
2000-06-22 09:20:00,0.77104,2
2000-06-22 09:30:00,0.28181999999999996,2
2000-06-22 09:40:00,0.0,2
2000-06-22 09:50:00,0.0,2
2000-06-22 10:00:00,0.0,2
2000-06-22 10:10:00,0.0,2
2000-06-22 10:20:00,0.0,2
2000-06-22 10:30:00,0.0,2
2000-06-22 10:40:00,0.0,2
2000-06-22 10:50:00,0.0,2
2000-06-22 11:00:00,0.036295,2
2000-06-22 11:10:00,0.77348,2
2000-06-22 11:20:00,0.78324,2
2000-06-22 11:30:00,0.78812,2
2000-06-22 11:40:00,1.503528,2
2000-06-22 11:50:00,0.869616,2
2000-06-22 12:00:00,0.0024705,2
2000-06-22 12:10:00,0.0024705,2
2000-06-22 12:20:00,0.00244,2
2000-06-22 12:30:00,1.3035395,2
2000-06-22 12:40:00,1.6191840000000002,2
2000-06-22 12:50:00,1.604727,2
2000-06-22 13:00:00,1.6104,2
2000-06-22 13:10:00,1.5782225,2
2000-06-22 13:20:00,1.58844,2
2000-06-22 13:30:00,1.58356,2
2000-06-22 13:40:00,1.57624,2
2000-06-22 13:50:00,1.57136,2
2000-06-22 14:00:00,1.56404,2
2000-06-22 14:10:00,1.54452,2
2000-06-22 14:20:00,1.53476,2
2000-06-22 14:30:00,1.52744,2
2000-06-22 14:40:00,1.51768,2
2000-06-22 14:50:00,1.50792,2
2000-06-22 15:00:00,1.49572,2
2000-06-22 15:10:00,1.44448,2
2000-06-22 15:20:00,1.35664,2
2000-06-22 15:30:00,1.43716,2
2000-06-22 15:40:00,1.4396,2
2000-06-22 15:50:00,1.4047385,2
2000-06-22 16:00:00,1.4249599999999998,2
2000-06-22 16:10:00,1.392691,2
2000-06-22 16:20:00,1.3613674999999998,2
2000-06-22 16:30:00,1.3541390000000002,2
2000-06-22 16:40:00,1.3204060000000002,2
2000-06-22 16:50:00,1.2939015,2
2000-06-22 17:00:00,1.2770350000000001,2
2000-06-22 17:10:00,1.2698065,2
2000-06-22 17:20:00,1.2457115,2
2000-06-22 17:30:00,0.9421145000000001,2
2000-06-22 17:40:00,0.45872,2
2000-06-22 17:50:00,1.0943275,2
2000-06-22 18:00:00,1.090815,2
2000-06-22 18:10:00,3.897234,2
2000-06-22 18:20:00,5.4841415,2
2000-06-22 18:30:00,5.061460500000001,2
2000-06-22 18:40:00,4.6878315,2
2000-06-22 18:50:00,4.6878315,2
2000-06-22 19:00:00,4.694393,2
2000-06-22 19:10:00,4.694393,2
2000-06-22 19:20:00,4.694393,2
2000-06-22 19:30:00,4.6836405,2
2000-06-22 19:40:00,4.696488500000001,2
2000-06-22 19:50:00,5.413239000000001,2
2000-06-22 20:00:00,5.953915,2
2000-06-22 20:10:00,5.882545,2
2000-06-22 20:20:00,5.245401,2
2000-06-22 20:30:00,5.410638500000001,2
2000-06-22 20:40:00,5.761133500000001,2
2000-06-22 20:50:00,5.725448500000001,2
2000-06-22 21:00:00,5.3945545,2
2000-06-22 21:10:00,4.0847620000000004,2
2000-06-22 21:20:00,2.520221,2
2000-06-22 21:30:00,2.520221,2
2000-06-22 21:40:00,2.5266175,2
2000-06-22 21:50:00,2.5266175,2
2000-06-22 22:00:00,2.5266175,2
2000-06-22 22:10:00,2.2023425,2
2000-06-22 22:20:00,1.458039,2
2000-06-22 22:30:00,0.9459339999999999,2
2000-06-22 22:40:00,0.0,2
2000-06-22 22:50:00,0.0,2
2000-06-22 23:00:00,0.0,2
2000-06-22 23:10:00,0.0,2
2000-06-22 23:20:00,0.0,2
2000-06-22 23:30:00,0.0,2
2000-06-22 23:40:00,0.0,2
2000-06-22 23:50:00,0.0,2
2000-06-23 00:00:00,0.0,2
2000-06-23 00:10:00,0.0,2
2000-06-23 00:20:00,0.0,2
2000-06-23 00:30:00,0.0,2
2000-06-23 00:40:00,0.0,2
2000-06-23 00:50:00,0.0,2
2000-06-23 01:00:00,0.0,2
2000-06-23 01:10:00,0.0,2
2000-06-23 01:20:00,0.0,2
2000-06-23 01:30:00,0.0,2
2000-06-23 01:40:00,0.0,2
2000-06-23 01:50:00,0.0,2
2000-06-23 02:00:00,0.0,2
2000-06-23 02:10:00,0.0,2
2000-06-23 02:20:00,0.0,2
2000-06-23 02:30:00,0.0,2
2000-06-23 02:40:00,0.0,2
2000-06-23 02:50:00,0.0,2
2000-06-23 03:00:00,0.0,2
2000-06-23 03:10:00,0.0,2
2000-06-23 03:20:00,0.0,2
2000-06-23 03:30:00,0.0,2
2000-06-23 03:40:00,1.587883,2
2000-06-23 03:50:00,2.175822,2
2000-06-23 04:00:00,2.1666645,2
2000-06-23 04:10:00,2.1666645,2
2000-06-23 04:20:00,2.173171,2
2000-06-23 04:30:00,2.173171,2
2000-06-23 04:40:00,2.173171,2
2000-06-23 04:50:00,2.173171,2
2000-06-23 05:00:00,2.173171,2
2000-06-23 05:10:00,2.173171,2
2000-06-23 05:20:00,2.163986,2
2000-06-23 05:30:00,2.163986,2
2000-06-23 05:40:00,2.170465,2
2000-06-23 05:50:00,2.170465,2
2000-06-23 06:00:00,2.170465,2
2000-06-23 06:10:00,2.170465,2
2000-06-23 06:20:00,0.8133125,2
2000-06-23 06:30:00,0.35947299999999993,2
2000-06-23 06:40:00,0.7710400000000001,2
2000-06-23 06:50:00,0.718031,2
2000-06-23 07:00:00,0.7011645,2
2000-06-23 07:10:00,0.6794789999999999,2
2000-06-23 07:20:00,0.665022,2
2000-06-23 07:30:00,0.6481555,2
2000-06-23 07:40:00,0.6466000000000001,2
2000-06-23 07:50:00,0.63684,2
2000-06-23 08:00:00,1.3179660000000002,2
2000-06-23 08:10:00,1.315587,2
2000-06-23 08:20:00,1.098732,2
2000-06-23 08:30:00,1.055361,2
2000-06-23 08:40:00,1.0384944999999999,2
2000-06-23 08:50:00,1.0095805,2
2000-06-23 09:00:00,0.86376,2
2000-06-23 09:10:00,0.60756,2
2000-06-23 09:20:00,0.59536,2
2000-06-23 09:30:00,0.58804,2
2000-06-23 09:40:00,0.58072,2
2000-06-23 09:50:00,0.57096,2
2000-06-23 10:00:00,0.5612,2
2000-06-23 10:10:00,0.55632,2
2000-06-23 10:20:00,0.549,2
2000-06-23 10:30:00,0.5392399999999999,2
2000-06-23 10:40:00,0.52704,2
2000-06-23 10:50:00,0.4392,2
2000-06-23 11:00:00,0.34834049999999994,2
2000-06-23 11:10:00,0.27084,2
2000-06-23 11:20:00,0.21716,2
2000-06-23 11:30:00,0.17787599999999998,2
2000-06-23 11:40:00,0.01281,2
2000-06-23 11:50:00,0.0,2
2000-06-23 12:00:00,0.0,2
2000-06-23 12:10:00,0.0,2
2000-06-23 12:20:00,0.0,2
2000-06-23 12:30:00,0.0,2
2000-06-23 12:40:00,0.025925,2
2000-06-23 12:50:00,0.0,2
2000-06-23 13:00:00,0.0,2
2000-06-23 13:10:00,0.0,2
2000-06-23 13:20:00,0.0,2
2000-06-23 13:30:00,0.0,2
2000-06-23 13:40:00,0.06295200000000001,2
2000-06-23 13:50:00,0.0,2
2000-06-23 14:00:00,0.0,2
2000-06-23 14:10:00,0.0,2
2000-06-23 14:20:00,0.0,2
2000-06-23 14:30:00,0.0,2
2000-06-23 14:40:00,0.0,2
2000-06-23 14:50:00,0.5367999999999999,2
2000-06-23 15:00:00,0.61,2
2000-06-23 15:10:00,0.61244,2
2000-06-23 15:20:00,1.7875934999999998,2
2000-06-23 15:30:00,1.616378,2
2000-06-23 15:40:00,1.583133,2
2000-06-23 15:50:00,1.5545849999999999,2
2000-06-23 16:00:00,1.528416,2
2000-06-23 16:10:00,1.5160025,2
2000-06-23 16:20:00,1.499136,2
2000-06-23 16:30:00,1.4822389999999999,2
2000-06-23 16:40:00,1.423862,2
2000-06-23 16:50:00,1.463146,2
2000-06-23 17:00:00,1.44631,2
2000-06-23 17:10:00,1.3539865,2
2000-06-23 17:20:00,0.402661,2
2000-06-23 17:30:00,0.23331000000000005,2
2000-06-23 17:40:00,0.0,2
2000-06-23 17:50:00,0.060329,2
2000-06-23 18:00:00,1.5057835000000002,2
2000-06-23 18:10:00,2.2638464999999997,2
2000-06-23 18:20:00,2.3154585,2
2000-06-23 18:30:00,2.8212384999999998,2
2000-06-23 18:40:00,3.896762,2
2000-06-23 18:50:00,3.3390535000000003,2
2000-06-23 19:00:00,4.182908,2
2000-06-23 19:10:00,4.2098025,2
2000-06-23 19:20:00,3.8625429999999996,2
2000-06-23 19:30:00,4.399254,2
2000-06-23 19:40:00,4.526134,2
2000-06-23 19:50:00,4.513453,2
2000-06-23 20:00:00,4.4850005,2
2000-06-23 20:10:00,1.6681995,2
2000-06-23 20:20:00,0.304106,2
2000-06-23 20:30:00,0.0,2
2000-06-23 20:40:00,0.0,2
2000-06-23 20:50:00,0.0,2
2000-06-23 21:00:00,0.0,2
2000-06-23 21:10:00,0.0,2
2000-06-23 21:20:00,0.0,2
2000-06-23 21:30:00,0.0,2
2000-06-23 21:40:00,0.0,2
2000-06-23 21:50:00,0.0,2
2000-06-23 22:00:00,0.0,2
2000-06-23 22:10:00,0.0,2
2000-06-23 22:20:00,0.0,2
2000-06-23 22:30:00,0.0,2
2000-06-23 22:40:00,0.0,2
2000-06-23 22:50:00,0.0,2
2000-06-23 23:00:00,0.0,2
2000-06-23 23:10:00,0.0,2
2000-06-23 23:20:00,0.0,2
2000-06-23 23:30:00,0.0,2
2000-06-23 23:40:00,0.0,2
2000-06-23 23:50:00,0.0,2
2000-06-24 00:00:00,0.0,2
2000-06-24 00:10:00,0.0,2
2000-06-24 00:20:00,0.0,2
2000-06-24 00:30:00,0.0,2
2000-06-24 00:40:00,0.0,2
2000-06-24 00:50:00,0.0,2
2000-06-24 01:00:00,0.0,2
2000-06-24 01:10:00,0.0,2
2000-06-24 01:20:00,0.0,2
2000-06-24 01:30:00,0.0,2
2000-06-24 01:40:00,0.0,2
2000-06-24 01:50:00,0.0,2
2000-06-24 02:00:00,0.0,2
2000-06-24 02:10:00,0.0,2
2000-06-24 02:20:00,0.0,2
2000-06-24 02:30:00,0.0,2
2000-06-24 02:40:00,0.0,2
2000-06-24 02:50:00,0.0,2
2000-06-24 03:00:00,0.0,2
2000-06-24 03:10:00,0.0,2
2000-06-24 03:20:00,0.0,2
2000-06-24 03:30:00,0.0,2
2000-06-24 03:40:00,0.0,2
2000-06-24 03:50:00,0.0,2
2000-06-24 04:00:00,0.0,2
2000-06-24 04:10:00,0.0,2
2000-06-24 04:20:00,0.0,2
2000-06-24 04:30:00,1.2574485,2
2000-06-24 04:40:00,2.182356,2
2000-06-24 04:50:00,2.175822,2
2000-06-24 05:00:00,2.175822,2
2000-06-24 05:10:00,2.175822,2
2000-06-24 05:20:00,2.175822,2
2000-06-24 05:30:00,2.175822,2
2000-06-24 05:40:00,2.175822,2
2000-06-24 05:50:00,3.1511315,2
2000-06-24 06:00:00,3.1839190000000004,2
2000-06-24 06:10:00,1.015833,2
2000-06-24 06:20:00,0.97539,2
2000-06-24 06:30:00,1.7519200000000001,2
2000-06-24 06:40:00,1.7589350000000001,2
2000-06-24 06:50:00,1.7613750000000001,2
2000-06-24 07:00:00,1.739964,2
2000-06-24 07:10:00,0.9742310000000001,2
2000-06-24 07:20:00,0.8288679999999999,2
2000-06-24 07:30:00,0.8288679999999999,2
2000-06-24 07:40:00,0.8312774999999999,2
2000-06-24 07:50:00,0.8288679999999999,2
2000-06-24 08:00:00,0.833687,2
2000-06-24 08:10:00,0.82716,2
2000-06-24 08:20:00,0.82228,2
2000-06-24 08:30:00,0.82228,2
2000-06-24 08:40:00,0.82472,2
2000-06-24 08:50:00,0.82716,2
2000-06-24 09:00:00,0.8296,2
2000-06-24 09:10:00,0.8296,2
2000-06-24 09:20:00,0.83448,2
2000-06-24 09:30:00,0.83692,2
2000-06-24 09:40:00,0.83692,2
2000-06-24 09:50:00,0.21777,2
2000-06-24 10:00:00,0.0,2
2000-06-24 10:10:00,0.0,2
2000-06-24 10:20:00,0.0,2
2000-06-24 10:30:00,0.0,2
2000-06-24 10:40:00,0.0,2
2000-06-24 10:50:00,0.0,2
2000-06-24 11:00:00,0.0,2
2000-06-24 11:10:00,0.26132399999999995,2
2000-06-24 11:20:00,0.86132,2
2000-06-24 11:30:00,0.87352,2
2000-06-24 11:40:00,0.8784,2
2000-06-24 11:50:00,0.88084,2
2000-06-24 12:00:00,0.88572,2
2000-06-24 12:10:00,0.88816,2
2000-06-24 12:20:00,1.0411175,2
2000-06-24 12:30:00,1.4134615,2
2000-06-24 12:40:00,1.4062329999999998,2
2000-06-24 12:50:00,1.396595,2
2000-06-24 13:00:00,1.3893665,2
2000-06-24 13:10:00,1.3664,2
2000-06-24 13:20:00,1.24196,2
2000-06-24 13:30:00,1.1419199999999998,2
2000-06-24 13:40:00,0.8466800000000001,2
2000-06-24 13:50:00,0.721142,2
2000-06-24 14:00:00,0.6953999999999999,2
2000-06-24 14:10:00,0.6417200000000001,2
2000-06-24 14:20:00,0.54168,2
2000-06-24 14:30:00,0.46116,2
2000-06-24 14:40:00,0.39772,2
2000-06-24 14:50:00,0.34647999999999995,2
2000-06-24 15:00:00,0.30012,2
2000-06-24 15:10:00,0.20252,2
2000-06-24 15:20:00,0.0,2
2000-06-24 15:30:00,0.0,2
2000-06-24 15:40:00,0.0,2
2000-06-24 15:50:00,0.0,2
2000-06-24 16:00:00,0.0,2
2000-06-24 16:10:00,0.0,2
2000-06-24 16:20:00,0.0,2
2000-06-24 16:30:00,0.0,2
2000-06-24 16:40:00,0.1464,2
2000-06-24 16:50:00,0.00488,2
2000-06-24 17:00:00,0.0,2
2000-06-24 17:10:00,0.0,2
2000-06-24 17:20:00,0.51972,2
2000-06-24 17:30:00,0.63928,2
2000-06-24 17:40:00,0.6978399999999999,2
2000-06-24 17:50:00,0.7002799999999999,2
2000-06-24 18:00:00,0.7051599999999999,2
2000-06-24 18:10:00,1.4486719999999997,2
2000-06-24 18:20:00,1.782753,2
2000-06-24 18:30:00,1.782753,2
2000-06-24 18:40:00,1.782753,2
2000-06-24 18:50:00,2.7484849999999996,2
2000-06-24 19:00:00,2.9488354999999995,2
2000-06-24 19:10:00,4.4374005,2
2000-06-24 19:20:00,4.4045305,2
2000-06-24 19:30:00,4.397608,2
2000-06-24 19:40:00,4.4041915,2
2000-06-24 19:50:00,5.2404554999999995,2
2000-06-24 20:00:00,5.4922325,2
2000-06-24 20:10:00,5.4629525,2
2000-06-24 20:20:00,5.29271,2
2000-06-24 20:30:00,5.2300629999999995,2
2000-06-24 20:40:00,4.1042385,2
2000-06-24 20:50:00,3.616591,2
2000-06-24 21:00:00,3.616591,2
2000-06-24 21:10:00,3.616591,2
2000-06-24 21:20:00,3.6230700000000002,2
2000-06-24 21:30:00,2.622675,2
2000-06-24 21:40:00,1.8962734999999997,2
2000-06-24 21:50:00,0.0,2
2000-06-24 22:00:00,0.0,2
2000-06-24 22:10:00,0.0,2
2000-06-24 22:20:00,0.0,2
2000-06-24 22:30:00,0.0,2
2000-06-24 22:40:00,0.0,2
2000-06-24 22:50:00,0.0,2
2000-06-24 23:00:00,0.0,2
2000-06-24 23:10:00,0.0,2
2000-06-24 23:20:00,0.0,2
2000-06-24 23:30:00,0.0,2
2000-06-24 23:40:00,0.0,2
2000-06-24 23:50:00,0.0,2
2000-06-25 00:00:00,0.0,2
2000-06-25 00:10:00,0.0,2
2000-06-25 00:20:00,0.0,2
2000-06-25 00:30:00,0.0,2
2000-06-25 00:40:00,0.0,2
2000-06-25 00:50:00,0.0,2
2000-06-25 01:00:00,0.0,2
2000-06-25 01:10:00,0.0,2
2000-06-25 01:20:00,0.0,2
2000-06-25 01:30:00,0.0,2
2000-06-25 01:40:00,0.0,2
2000-06-25 01:50:00,0.0,2
2000-06-25 02:00:00,0.0,2
2000-06-25 02:10:00,0.0,2
2000-06-25 02:20:00,0.0,2
2000-06-25 02:30:00,0.0,2
2000-06-25 02:40:00,0.0,2
2000-06-25 02:50:00,0.0,2
2000-06-25 03:00:00,0.0,2
2000-06-25 03:10:00,0.0,2
2000-06-25 03:20:00,0.0,2
2000-06-25 03:30:00,0.0,2
2000-06-25 03:40:00,0.0,2
2000-06-25 03:50:00,0.0,2
2000-06-25 04:00:00,0.0,2
2000-06-25 04:10:00,0.0,2
2000-06-25 04:20:00,0.0,2
2000-06-25 04:30:00,0.0,2
2000-06-25 04:40:00,0.634656,2
2000-06-25 04:50:00,1.0862775,2
2000-06-25 05:00:00,1.0826475,2
2000-06-25 05:10:00,1.0826475,2
2000-06-25 05:20:00,1.4354835,2
2000-06-25 05:30:00,2.6839405000000003,2
2000-06-25 05:40:00,3.4875025000000006,2
2000-06-25 05:50:00,3.5864909999999997,2
2000-06-25 06:00:00,3.569757,2
2000-06-25 06:10:00,3.357959,2
2000-06-25 06:20:00,2.32354,2
2000-06-25 06:30:00,2.2777595,2
2000-06-25 06:40:00,1.2376839999999998,2
2000-06-25 06:50:00,1.103551,2
2000-06-25 07:00:00,1.079456,2
2000-06-25 07:10:00,1.0288565,2
2000-06-25 07:20:00,0.987895,2
2000-06-25 07:30:00,0.72285,2
2000-06-25 07:40:00,0.48312,2
2000-06-25 07:50:00,0.8489675000000001,2
2000-06-25 08:00:00,1.94773,2
2000-06-25 08:10:00,1.7444475,2
2000-06-25 08:20:00,1.080066,2
2000-06-25 08:30:00,1.034865,2
2000-06-25 08:40:00,1.02297,2
2000-06-25 08:50:00,1.0264469999999999,2
2000-06-25 09:00:00,1.002352,2
2000-06-25 09:10:00,0.978257,2
2000-06-25 09:20:00,0.9517525,2
2000-06-25 09:30:00,0.9276575,2
2000-06-25 09:40:00,0.8987435,2
2000-06-25 09:50:00,0.47592199999999996,2
2000-06-25 10:00:00,0.0,2
2000-06-25 10:10:00,0.0,2
2000-06-25 10:20:00,0.0,2
2000-06-25 10:30:00,0.070675,2
2000-06-25 10:40:00,0.0143,2
2000-06-25 10:50:00,0.0,2
2000-06-25 11:00:00,0.0,2
2000-06-25 11:10:00,0.0,2
2000-06-25 11:20:00,0.0,2
2000-06-25 11:30:00,0.0,2
2000-06-25 11:40:00,0.0,2
2000-06-25 11:50:00,0.0,2
2000-06-25 12:00:00,0.0,2
2000-06-25 12:10:00,0.0,2
2000-06-25 12:20:00,0.0,2
2000-06-25 12:30:00,0.0,2
2000-06-25 12:40:00,0.0,2
2000-06-25 12:50:00,0.0,2
2000-06-25 13:00:00,0.0,2
2000-06-25 13:10:00,0.0,2
2000-06-25 13:20:00,0.0,2
2000-06-25 13:30:00,0.0,2
2000-06-25 13:40:00,0.0,2
2000-06-25 13:50:00,0.0,2
2000-06-25 14:00:00,0.0,2
2000-06-25 14:10:00,0.0,2
2000-06-25 14:20:00,0.0,2
2000-06-25 14:30:00,0.0,2
2000-06-25 14:40:00,0.0,2
2000-06-25 14:50:00,0.0,2
2000-06-25 15:00:00,0.0,2
2000-06-25 15:10:00,0.0,2
2000-06-25 15:20:00,0.0,2
2000-06-25 15:30:00,0.0,2
2000-06-25 15:40:00,0.0,2
2000-06-25 15:50:00,0.0,2
2000-06-25 16:00:00,0.0,2
2000-06-25 16:10:00,0.0,2
2000-06-25 16:20:00,0.0,2
2000-06-25 16:30:00,0.0,2
2000-06-25 16:40:00,0.0,2
2000-06-25 16:50:00,0.0,2
2000-06-25 17:00:00,0.0,2
2000-06-25 17:10:00,0.0,2
2000-06-25 17:20:00,0.0,2
2000-06-25 17:30:00,0.0,2
2000-06-25 17:40:00,0.5435099999999999,2
2000-06-25 17:50:00,0.75884,2
2000-06-25 18:00:00,1.579908,2
2000-06-25 18:10:00,2.192479,2
2000-06-25 18:20:00,3.8592034999999996,2
2000-06-25 18:30:00,4.0689245,2
2000-06-25 18:40:00,3.6161895,2
2000-06-25 18:50:00,3.6161895,2
2000-06-25 19:00:00,3.6161895,2
2000-06-25 19:10:00,4.461702,2
2000-06-25 19:20:00,4.865604,2
2000-06-25 19:30:00,4.549711500000001,2
2000-06-25 19:40:00,4.2786105,2
2000-06-25 19:50:00,4.392978,2
2000-06-25 20:00:00,4.5688715,2
2000-06-25 20:10:00,4.5761,2
2000-06-25 20:20:00,4.337308500000001,2
2000-06-25 20:30:00,3.616591,2
2000-06-25 20:40:00,4.549595500000001,2
2000-06-25 20:50:00,4.566462,2
2000-06-25 21:00:00,4.534559,2
2000-06-25 21:10:00,4.483277,2
2000-06-25 21:20:00,4.6581030000000005,2
2000-06-25 21:30:00,4.448959500000001,2
2000-06-25 21:40:00,4.458597500000001,2
2000-06-25 21:50:00,4.4698405,2
2000-06-25 22:00:00,4.4748135,2
2000-06-25 22:10:00,4.483757000000001,2
2000-06-25 22:20:00,4.4861664999999995,2
2000-06-25 22:30:00,4.4861664999999995,2
2000-06-25 22:40:00,4.4861664999999995,2
2000-06-25 22:50:00,4.488576,2
2000-06-25 23:00:00,4.4823059999999995,2
2000-06-25 23:10:00,4.49039,2
2000-06-25 23:20:00,4.3007655,2
2000-06-25 23:30:00,2.3235115,2
2000-06-25 23:40:00,2.3235115,2
2000-06-25 23:50:00,2.325921,2
2000-06-26 00:00:00,2.3196235,2
2000-06-26 00:10:00,2.3196235,2
2000-06-26 00:20:00,2.322033,2
2000-06-26 00:30:00,2.6471094999999996,2
2000-06-26 00:40:00,3.4006865,2
2000-06-26 00:50:00,3.4055055,2
2000-06-26 01:00:00,3.3968325,2
2000-06-26 01:10:00,3.3968325,2
2000-06-26 01:20:00,3.3944229999999997,2
2000-06-26 01:30:00,3.4030970000000003,2
2000-06-26 01:40:00,3.4055065000000004,2
2000-06-26 01:50:00,3.4030970000000003,2
2000-06-26 02:00:00,3.4055065000000004,2
2000-06-26 02:10:00,3.4030430000000003,2
2000-06-26 02:20:00,3.4006335000000005,2
2000-06-26 02:30:00,3.4030430000000003,2
2000-06-26 02:40:00,3.4030430000000003,2
2000-06-26 02:50:00,3.4116895000000005,2
2000-06-26 03:00:00,3.4005245000000004,2
2000-06-26 03:10:00,3.398115,2
2000-06-26 03:20:00,3.4081244999999996,2
2000-06-26 03:30:00,3.121297,2
2000-06-26 03:40:00,3.1519065,2
2000-06-26 03:50:00,3.1727559999999997,2
2000-06-26 04:00:00,3.1559545,2
2000-06-26 04:10:00,3.155518,2
2000-06-26 04:20:00,3.1577449999999994,2
2000-06-26 04:30:00,3.1618625,2
2000-06-26 04:40:00,3.2362279999999997,2
2000-06-26 04:50:00,3.1965744999999997,2
2000-06-26 05:00:00,3.2075204999999998,2
2000-06-26 05:10:00,4.245540999999999,2
2000-06-26 05:20:00,3.6533045,2
2000-06-26 05:30:00,3.2117115,2
2000-06-26 05:40:00,3.1695539999999998,2
2000-06-26 05:50:00,3.4064915,2
2000-06-26 06:00:00,3.4023559999999997,2
2000-06-26 06:10:00,3.410865,2
2000-06-26 06:20:00,3.4062449999999997,2
2000-06-26 06:30:00,3.4033965,2
2000-06-26 06:40:00,3.409474,2
2000-06-26 06:50:00,3.4052835,2
2000-06-26 07:00:00,3.4113335,2
2000-06-26 07:10:00,1.6528139999999998,2
2000-06-26 07:20:00,0.86742,2
2000-06-26 07:30:00,0.8553725,2
2000-06-26 07:40:00,0.8216395000000001,2
2000-06-26 07:50:00,0.7879065000000001,2
2000-06-26 08:00:00,0.76372,2
2000-06-26 08:10:00,0.76616,2
2000-06-26 08:20:00,0.76616,2
2000-06-26 08:30:00,0.7759199999999999,2
2000-06-26 08:40:00,0.82228,2
2000-06-26 08:50:00,0.470188,2
2000-06-26 09:00:00,0.0,2
2000-06-26 09:10:00,0.0855525,2
2000-06-26 09:20:00,0.0,2
2000-06-26 09:30:00,0.0,2
2000-06-26 09:40:00,0.0,2
2000-06-26 09:50:00,0.0,2
2000-06-26 10:00:00,0.0,2
2000-06-26 10:10:00,0.0,2
2000-06-26 10:20:00,0.0,2
2000-06-26 10:30:00,0.0,2
2000-06-26 10:40:00,0.0,2
2000-06-26 10:50:00,0.0,2
2000-06-26 11:00:00,0.0,2
2000-06-26 11:10:00,0.0,2
2000-06-26 11:20:00,0.0,2
2000-06-26 11:30:00,1.196637,2
2000-06-26 11:40:00,1.120509,2
2000-06-26 11:50:00,1.068171,2
2000-06-26 12:00:00,1.027728,2
2000-06-26 12:10:00,0.9944219999999999,2
2000-06-26 12:20:00,0.9634950000000001,2
2000-06-26 12:30:00,0.9325680000000001,2
2000-06-26 12:40:00,0.911157,2
2000-06-26 12:50:00,0.894504,2
2000-06-26 13:00:00,0.88023,2
2000-06-26 13:10:00,0.861198,2
2000-06-26 13:20:00,0.8505535,2
2000-06-26 13:30:00,1.0576485,2
2000-06-26 13:40:00,2.030019,2
2000-06-26 13:50:00,1.3230899999999999,2
2000-06-26 14:00:00,1.2688,2
2000-06-26 14:10:00,1.555012,2
2000-06-26 14:20:00,1.5770025,2
2000-06-26 14:30:00,1.27124,2
2000-06-26 14:40:00,1.27856,2
2000-06-26 14:50:00,1.26636,2
2000-06-26 15:00:00,1.27124,2
2000-06-26 15:10:00,0.80276,2
2000-06-26 15:20:00,1.18828,2
2000-06-26 15:30:00,1.3758244999999998,2
2000-06-26 15:40:00,1.402329,2
2000-06-26 15:50:00,1.368596,2
2000-06-26 16:00:00,1.5716039999999998,2
2000-06-26 16:10:00,1.609424,2
2000-06-26 16:20:00,1.378234,2
2000-06-26 16:30:00,1.3710054999999999,2
2000-06-26 16:40:00,1.368596,2
2000-06-26 16:50:00,1.3613674999999998,2
2000-06-26 17:00:00,1.3589579999999999,2
2000-06-26 17:10:00,1.3541390000000002,2
2000-06-26 17:20:00,1.330044,2
2000-06-26 17:30:00,1.3011300000000001,2
2000-06-26 17:40:00,1.281854,2
2000-06-26 17:50:00,1.560901,2
2000-06-26 18:00:00,2.753881,2
2000-06-26 18:10:00,4.617377,2
2000-06-26 18:20:00,4.890193,2
2000-06-26 18:30:00,4.974821,2
2000-06-26 18:40:00,4.6299575,2
2000-06-26 18:50:00,4.967124,2
2000-06-26 19:00:00,4.9456285,2
2000-06-26 19:10:00,5.304640000000001,2
2000-06-26 19:20:00,5.605899000000001,2
2000-06-26 19:30:00,4.757918999999999,2
2000-06-26 19:40:00,4.762010999999999,2
2000-06-26 19:50:00,4.7478055,2
2000-06-26 20:00:00,4.496924999999999,2
2000-06-26 20:10:00,3.967219,2
2000-06-26 20:20:00,4.221953500000001,2
2000-06-26 20:30:00,4.209073999999999,2
2000-06-26 20:40:00,4.194617,2
2000-06-26 20:50:00,4.180160000000001,2
2000-06-26 21:00:00,4.170522,2
2000-06-26 21:10:00,4.1632935,2
2000-06-26 21:20:00,4.156065,2
2000-06-26 21:30:00,4.146427,2
2000-06-26 21:40:00,4.130096,2
2000-06-26 21:50:00,4.1228675,2
2000-06-26 22:00:00,4.1221455,2
2000-06-26 22:10:00,4.123832999999999,2
2000-06-26 22:20:00,4.119014,2
2000-06-26 22:30:00,4.1141950000000005,2
2000-06-26 22:40:00,4.1069665,2
2000-06-26 22:50:00,4.088171000000001,2
2000-06-26 23:00:00,4.0922405,2
2000-06-26 23:10:00,4.0874215,2
2000-06-26 23:20:00,1.9521439999999999,2
2000-06-26 23:30:00,1.452132,2
2000-06-26 23:40:00,1.452132,2
2000-06-26 23:50:00,1.452132,2
2000-06-27 00:00:00,1.452132,2
2000-06-27 00:10:00,1.452132,2
2000-06-27 00:20:00,1.452132,2
2000-06-27 00:30:00,1.636833,2
2000-06-27 00:40:00,2.5341195,2
2000-06-27 00:50:00,2.5168,2
2000-06-27 01:00:00,2.5168,2
2000-06-27 01:10:00,2.5168,2
2000-06-27 01:20:00,2.523092,2
2000-06-27 01:30:00,2.523092,2
2000-06-27 01:40:00,2.523092,2
2000-06-27 01:50:00,2.523092,2
2000-06-27 02:00:00,2.5245935,2
2000-06-27 02:10:00,2.5245935,2
2000-06-27 02:20:00,3.268529,2
2000-06-27 02:30:00,3.6092375,2
2000-06-27 02:40:00,3.6043920000000003,2
2000-06-27 02:50:00,3.6043920000000003,2
2000-06-27 03:00:00,3.5998270000000003,2
2000-06-27 03:10:00,3.6060640000000004,2
2000-06-27 03:20:00,3.5949265,2
2000-06-27 03:30:00,3.6011360000000003,2
2000-06-27 03:40:00,3.6011360000000003,2
2000-06-27 03:50:00,3.602335,2
2000-06-27 04:00:00,3.602335,2
2000-06-27 04:10:00,3.5972695,2
2000-06-27 04:20:00,3.6034239999999995,2
2000-06-27 04:30:00,3.5921489999999996,2
2000-06-27 04:40:00,3.598276,2
2000-06-27 04:50:00,3.5991725,2
2000-06-27 05:00:00,3.5991725,2
2000-06-27 05:10:00,3.591599,2
2000-06-27 05:20:00,3.5976765,2
2000-06-27 05:30:00,3.586264,2
2000-06-27 05:40:00,3.604843,2
2000-06-27 05:50:00,3.6058769999999996,2
2000-06-27 06:00:00,3.6063720000000004,2
2000-06-27 06:10:00,3.606757,2
2000-06-27 06:20:00,3.6012845,2
2000-06-27 06:30:00,2.593217,2
2000-06-27 06:40:00,1.456785,2
2000-06-27 06:50:00,1.01915,2
2000-06-27 07:00:00,0.0,2
2000-06-27 07:10:00,0.0,2
2000-06-27 07:20:00,0.0,2
2000-06-27 07:30:00,0.0,2
2000-06-27 07:40:00,0.0,2
2000-06-27 07:50:00,0.0,2
2000-06-27 08:00:00,0.0,2
2000-06-27 08:10:00,0.0,2
2000-06-27 08:20:00,0.0,2
2000-06-27 08:30:00,0.0,2
2000-06-27 08:40:00,0.0,2
2000-06-27 08:50:00,0.0,2
2000-06-27 09:00:00,0.0,2
2000-06-27 09:10:00,0.0,2
2000-06-27 09:20:00,0.0,2
2000-06-27 09:30:00,0.0,2
2000-06-27 09:40:00,0.0,2
2000-06-27 09:50:00,0.0,2
2000-06-27 10:00:00,0.0,2
2000-06-27 10:10:00,0.0,2
2000-06-27 10:20:00,0.0,2
2000-06-27 10:30:00,0.0,2
2000-06-27 10:40:00,0.0,2
2000-06-27 10:50:00,0.0,2
2000-06-27 11:00:00,0.0,2
2000-06-27 11:10:00,0.0,2
2000-06-27 11:20:00,0.0,2
2000-06-27 11:30:00,0.0,2
2000-06-27 11:40:00,0.0,2
2000-06-27 11:50:00,0.0,2
2000-06-27 12:00:00,0.0,2
2000-06-27 12:10:00,0.0,2
2000-06-27 12:20:00,0.0,2
2000-06-27 12:30:00,0.0,2
2000-06-27 12:40:00,0.0,2
2000-06-27 12:50:00,0.0,2
2000-06-27 13:00:00,0.486048,2
2000-06-27 13:10:00,1.131977,2
2000-06-27 13:20:00,1.066219,2
2000-06-27 13:30:00,1.0301069999999999,2
2000-06-27 13:40:00,0.992043,2
2000-06-27 13:50:00,0.973011,2
2000-06-27 14:00:00,0.92781,2
2000-06-27 14:10:00,0.732488,2
2000-06-27 14:20:00,0.6218645,2
2000-06-27 14:30:00,1.1126399999999999,2
2000-06-27 14:40:00,0.87108,2
2000-06-27 14:50:00,0.7115039999999999,2
2000-06-27 15:00:00,0.9857600000000001,2
2000-06-27 15:10:00,1.1516799999999998,2
2000-06-27 15:20:00,1.7137645,2
2000-06-27 15:30:00,2.319342,2
2000-06-27 15:40:00,2.141832,2
2000-06-27 15:50:00,2.006351,2
2000-06-27 16:00:00,1.687138,2
2000-06-27 16:10:00,1.624613,2
2000-06-27 16:20:00,1.986831,2
2000-06-27 16:30:00,1.7334064999999999,2
2000-06-27 16:40:00,1.296921,2
2000-06-27 16:50:00,1.4547585,2
2000-06-27 17:00:00,1.2051465,2
2000-06-27 17:10:00,1.2071595,2
2000-06-27 17:20:00,1.2216165,2
2000-06-27 17:30:00,1.233664,2
2000-06-27 17:40:00,1.5900090000000002,2
2000-06-27 17:50:00,2.9592715,2
2000-06-27 18:00:00,3.7645370000000002,2
2000-06-27 18:10:00,4.567660500000001,2
2000-06-27 18:20:00,4.583344,2
2000-06-27 18:30:00,5.5967685,2
2000-06-27 18:40:00,5.361395999999999,2
2000-06-27 18:50:00,5.174675,2
2000-06-27 19:00:00,4.689927000000001,2
2000-06-27 19:10:00,4.689927000000001,2
2000-06-27 19:20:00,4.886427,2
2000-06-27 19:30:00,5.569296,2
2000-06-27 19:40:00,5.5743855,2
2000-06-27 19:50:00,5.619279000000001,2
2000-06-27 20:00:00,4.7764585,2
2000-06-27 20:10:00,5.2969550000000005,2
2000-06-27 20:20:00,5.5301005,2
2000-06-27 20:30:00,5.5345735000000005,2
2000-06-27 20:40:00,4.969981000000001,2
2000-06-27 20:50:00,5.4501800000000005,2
2000-06-27 21:00:00,5.4705645,2
2000-06-27 21:10:00,5.239005000000001,2
2000-06-27 21:20:00,5.8439075,2
2000-06-27 21:30:00,5.8487265,2
2000-06-27 21:40:00,5.851136,2
2000-06-27 21:50:00,5.853545499999999,2
2000-06-27 22:00:00,5.846852500000001,2
2000-06-27 22:10:00,5.8507075,2
2000-06-27 22:20:00,5.86613,2
2000-06-27 22:30:00,5.85502,2
2000-06-27 22:40:00,5.85502,2
2000-06-27 22:50:00,5.8574295,2
2000-06-27 23:00:00,5.854509,2
2000-06-27 23:10:00,5.860988000000001,2
2000-06-27 23:20:00,5.8498505000000005,2
2000-06-27 23:30:00,5.85606,2
2000-06-27 23:40:00,5.85606,2
2000-06-27 23:50:00,5.851077,2
2000-06-28 00:00:00,5.857259,2
2000-06-28 00:10:00,5.8566655,2
2000-06-28 00:20:00,5.1978145,2
2000-06-28 00:30:00,4.7744409999999995,2
2000-06-28 00:40:00,4.7717025,2
2000-06-28 00:50:00,4.774112,2
2000-06-28 01:00:00,4.772599,2
2000-06-28 01:10:00,4.781108,2
2000-06-28 01:20:00,4.7780775,2
2000-06-28 01:30:00,4.770305499999999,2
2000-06-28 01:40:00,4.770910499999999,2
2000-06-28 01:50:00,4.773815,2
2000-06-28 02:00:00,4.7822195,2
2000-06-28 02:10:00,4.7768844999999995,2
2000-06-28 02:20:00,4.77464,2
2000-06-28 02:30:00,4.7770495,2
2000-06-28 02:40:00,4.7704325,2
2000-06-28 02:50:00,4.774431,2
2000-06-28 03:00:00,4.762446000000001,2
2000-06-28 03:10:00,2.151028,1
2000-06-28 03:20:00,2.151028,1
2000-06-28 03:30:00,2.151028,1
2000-06-28 03:40:00,2.151028,1
2000-06-28 03:50:00,2.151028,1
2000-06-28 04:00:00,2.151028,1
2000-06-28 04:10:00,2.151028,1
2000-06-28 04:20:00,2.151028,1
2000-06-28 04:30:00,2.151028,1
2000-06-28 04:40:00,2.151028,1
2000-06-28 04:50:00,2.151028,1
2000-06-28 05:00:00,2.151028,1
2000-06-28 05:10:00,2.151028,1
2000-06-28 05:20:00,2.151028,1
2000-06-28 05:30:00,2.151028,1
2000-06-28 05:40:00,2.151028,1
2000-06-28 05:50:00,3.2230940000000006,1
2000-06-28 06:00:00,4.645472,1
2000-06-28 06:10:00,4.469426,1
2000-06-28 06:20:00,2.8576200000000003,1
2000-06-28 06:30:00,2.145858,1
2000-06-28 06:40:00,2.074488,1
2000-06-28 06:50:00,1.72264,1
2000-06-28 07:00:00,0.0,1
2000-06-28 07:10:00,0.0,1
2000-06-28 07:20:00,0.0,1
2000-06-28 07:30:00,0.0,1
2000-06-28 07:40:00,0.0,1
2000-06-28 07:50:00,0.0,1
2000-06-28 08:00:00,0.0,1
2000-06-28 08:10:00,0.0,1
2000-06-28 08:20:00,0.0,1
2000-06-28 08:30:00,0.0,1
2000-06-28 08:40:00,0.0,1
2000-06-28 08:50:00,0.0,1
2000-06-28 09:00:00,0.0,1
2000-06-28 09:10:00,0.0,1
2000-06-28 09:20:00,0.0,1
2000-06-28 09:30:00,0.0,1
2000-06-28 09:40:00,0.0,1
2000-06-28 09:50:00,2.310151,2
2000-06-28 10:00:00,2.3102715,2
2000-06-28 10:10:00,1.9682654999999998,2
2000-06-28 10:20:00,1.8965370000000001,2
2000-06-28 10:30:00,1.0004,2
2000-06-28 10:40:00,1.0614,2
2000-06-28 10:50:00,1.0784799999999999,2
2000-06-28 11:00:00,0.72224,2
2000-06-28 11:10:00,1.08824,2
2000-06-28 11:20:00,0.95648,2
2000-06-28 11:30:00,1.2932000000000001,2
2000-06-28 11:40:00,1.2883200000000001,2
2000-06-28 11:50:00,1.2980800000000001,2
2000-06-28 12:00:00,1.2980800000000001,2
2000-06-28 12:10:00,1.3029600000000001,2
2000-06-28 12:20:00,1.3054000000000001,2
2000-06-28 12:30:00,1.09556,2
2000-06-28 12:40:00,0.83448,2
2000-06-28 12:50:00,0.8442399999999999,2
2000-06-28 13:00:00,0.81008,2
2000-06-28 13:10:00,0.73688,2
2000-06-28 13:20:00,0.73688,2
2000-06-28 13:30:00,0.81008,2
2000-06-28 13:40:00,0.81496,2
2000-06-28 13:50:00,0.8979199999999999,2
2000-06-28 14:00:00,1.09556,2
2000-06-28 14:10:00,1.1102,2
2000-06-28 14:20:00,1.11752,2
2000-06-28 14:30:00,1.11264,2
2000-06-28 14:40:00,1.12484,2
2000-06-28 14:50:00,1.03456,2
2000-06-28 15:00:00,0.94672,2
2000-06-28 15:10:00,0.95404,2
2000-06-28 15:20:00,0.95892,2
2000-06-28 15:30:00,0.95404,2
2000-06-28 15:40:00,0.96624,2
2000-06-28 15:50:00,0.6539200000000001,2
2000-06-28 16:00:00,0.5657445,2
2000-06-28 16:10:00,0.66124,2
2000-06-28 16:20:00,0.71736,2
2000-06-28 16:30:00,0.7075999999999999,2
2000-06-28 16:40:00,0.7100399999999999,2
2000-06-28 16:50:00,1.036085,2
2000-06-28 17:00:00,1.180655,2
2000-06-28 17:10:00,1.1878834999999999,2
2000-06-28 17:20:00,1.1927025,2
2000-06-28 17:30:00,1.1927025,2
2000-06-28 17:40:00,0.8409154999999999,2
2000-06-28 17:50:00,1.0059705,2
2000-06-28 18:00:00,2.3301740000000004,2
2000-06-28 18:10:00,2.86605,2
2000-06-28 18:20:00,3.623851,2
2000-06-28 18:30:00,3.6100295,2
2000-06-28 18:40:00,3.6484595,2
2000-06-28 18:50:00,4.4869485000000005,2
2000-06-28 19:00:00,4.6576875,2
2000-06-28 19:10:00,5.391026500000001,2
2000-06-28 19:20:00,5.0874109999999995,2
2000-06-28 19:30:00,5.3685395,2
2000-06-28 19:40:00,5.4236415000000004,2
2000-06-28 19:50:00,5.654638500000001,2
2000-06-28 20:00:00,5.6514489999999995,2
2000-06-28 20:10:00,5.989836,2
2000-06-28 20:20:00,5.855905,2
2000-06-28 20:30:00,5.757816999999999,2
2000-06-28 20:40:00,5.2725065,2
2000-06-28 20:50:00,5.2295015,2
2000-06-28 21:00:00,5.1572165,2
2000-06-28 21:10:00,5.1300965000000005,2
2000-06-28 21:20:00,5.123295000000001,2
2000-06-28 21:30:00,5.0129280000000005,2
2000-06-28 21:40:00,3.589483,2
2000-06-28 21:50:00,2.6627325,2
2000-06-28 22:00:00,2.6001465,2
2000-06-28 22:10:00,2.597981,2
2000-06-28 22:20:00,2.5868035,2
2000-06-28 22:30:00,2.5746035,2
2000-06-28 22:40:00,2.5648435,2
2000-06-28 22:50:00,2.5575235,2
2000-06-28 23:00:00,2.5428835,2
2000-06-28 23:10:00,2.5331235,2
2000-06-28 23:20:00,2.5233635,2
2000-06-28 23:30:00,2.5062835,2
2000-06-28 23:40:00,2.1677039999999996,2
2000-06-28 23:50:00,1.05408,2
2000-06-29 00:00:00,1.0516400000000001,2
2000-06-29 00:10:00,1.0443200000000001,2
2000-06-29 00:20:00,1.03944,2
2000-06-29 00:30:00,1.02968,2
2000-06-29 00:40:00,1.01992,2
2000-06-29 00:50:00,1.0126,2
2000-06-29 01:00:00,1.01016,2
2000-06-29 01:10:00,0.6449225000000001,2
2000-06-29 01:20:00,0.663088,2
2000-06-29 01:30:00,0.55144,2
2000-06-29 01:40:00,0.5392399999999999,2
2000-06-29 01:50:00,1.6068945000000001,2
2000-06-29 02:00:00,2.381368,2
2000-06-29 02:10:00,2.294626,2
2000-06-29 02:20:00,2.2226225,2
2000-06-29 02:30:00,2.1623850000000004,2
2000-06-29 02:40:00,2.0876905,2
2000-06-29 02:50:00,1.9889010000000003,2
2000-06-29 03:00:00,1.8756545,2
2000-06-29 03:10:00,1.77595,2
2000-06-29 03:20:00,1.731244,2
2000-06-29 03:30:00,1.7193589999999999,2
2000-06-29 03:40:00,1.7193589999999999,2
2000-06-29 03:50:00,1.7169189999999999,2
2000-06-29 04:00:00,1.7071589999999999,2
2000-06-29 04:10:00,1.687639,2
2000-06-29 04:20:00,1.658359,2
2000-06-29 04:30:00,1.626639,2
2000-06-29 04:40:00,1.592479,2
2000-06-29 04:50:00,1.563199,2
2000-06-29 05:00:00,1.262347,2
2000-06-29 05:10:00,1.080079,2
2000-06-29 05:20:00,1.080079,2
2000-06-29 05:30:00,1.080079,2
2000-06-29 05:40:00,1.080079,2
2000-06-29 05:50:00,1.080079,2
2000-06-29 06:00:00,1.080079,2
2000-06-29 06:10:00,1.080079,2
2000-06-29 06:20:00,1.080079,2
2000-06-29 06:30:00,0.52052,2
2000-06-29 06:40:00,0.031476000000000004,2
2000-06-29 06:50:00,0.0,2
2000-06-29 07:00:00,0.0,2
2000-06-29 07:10:00,0.0,2
2000-06-29 07:20:00,0.0,2
2000-06-29 07:30:00,0.0,2
2000-06-29 07:40:00,0.0,2
2000-06-29 07:50:00,0.036722000000000005,2
2000-06-29 08:00:00,0.0,2
2000-06-29 08:10:00,0.0,2
2000-06-29 08:20:00,0.0,2
2000-06-29 08:30:00,0.0,2
2000-06-29 08:40:00,0.0,2
2000-06-29 08:50:00,0.0,2
2000-06-29 09:00:00,0.0,2
2000-06-29 09:10:00,0.0,2
2000-06-29 09:20:00,0.0,2
2000-06-29 09:30:00,0.0,2
2000-06-29 09:40:00,0.0,2
2000-06-29 09:50:00,0.0,2
2000-06-29 10:00:00,0.0,2
2000-06-29 10:10:00,0.0,2
2000-06-29 10:20:00,0.405162,2
2000-06-29 10:30:00,0.9394,2
2000-06-29 10:40:00,1.2601685,2
2000-06-29 10:50:00,1.267397,2
2000-06-29 11:00:00,1.2746255,2
2000-06-29 11:10:00,1.2932000000000001,2
2000-06-29 11:20:00,1.2956400000000001,2
2000-06-29 11:30:00,1.3005200000000001,2
2000-06-29 11:40:00,1.3005200000000001,2
2000-06-29 11:50:00,1.3029600000000001,2
2000-06-29 12:00:00,0.99796,2
2000-06-29 12:10:00,0.7686,2
2000-06-29 12:20:00,1.00772,2
2000-06-29 12:30:00,1.36152,2
2000-06-29 12:40:00,1.2932000000000001,2
2000-06-29 12:50:00,1.31272,2
2000-06-29 13:00:00,1.33224,2
2000-06-29 13:10:00,1.31272,2
2000-06-29 13:20:00,1.27612,2
2000-06-29 13:30:00,1.35176,2
2000-06-29 13:40:00,1.3761599999999998,2
2000-06-29 13:50:00,1.2907600000000001,2
2000-06-29 14:00:00,1.20536,2
2000-06-29 14:10:00,1.25294,2
2000-06-29 14:20:00,1.209569,2
2000-06-29 14:30:00,1.18584,2
2000-06-29 14:40:00,1.1492399999999998,2
2000-06-29 14:50:00,1.12484,2
2000-06-29 15:00:00,0.97112,2
2000-06-29 15:10:00,1.01016,2
2000-06-29 15:20:00,1.04432,2
2000-06-29 15:30:00,1.02236,2
2000-06-29 15:40:00,1.04432,2
2000-06-29 15:50:00,1.02236,2
2000-06-29 16:00:00,1.00528,2
2000-06-29 16:10:00,0.9882000000000001,2
2000-06-29 16:20:00,1.01504,2
2000-06-29 16:30:00,0.9906400000000001,2
2000-06-29 16:40:00,0.99552,2
2000-06-29 16:50:00,0.91744,2
2000-06-29 17:00:00,0.8174,2
2000-06-29 17:10:00,0.6929599999999999,2
2000-06-29 17:20:00,1.0722275000000001,2
2000-06-29 17:30:00,1.0095805,2
2000-06-29 17:40:00,0.9541620000000001,2
2000-06-29 17:50:00,0.9272,2
2000-06-29 18:00:00,0.8954799999999999,2
2000-06-29 18:10:00,2.478087,2
2000-06-29 18:20:00,4.367342000000001,2
2000-06-29 18:30:00,4.3584505,2
2000-06-29 18:40:00,4.230081,2
2000-06-29 18:50:00,4.176401,2
2000-06-29 19:00:00,4.173961,2
2000-06-29 19:10:00,4.176401,2
2000-06-29 19:20:00,4.1780825,2
2000-06-29 19:30:00,4.1756425,2
2000-06-29 19:40:00,4.1683225,2
2000-06-29 19:50:00,4.1585625,2
2000-06-29 20:00:00,4.1512425,2
2000-06-29 20:10:00,4.0707225000000005,2
2000-06-29 20:20:00,4.0487625000000005,2
2000-06-29 20:30:00,4.0463225000000005,2
2000-06-29 20:40:00,4.0463225000000005,2
2000-06-29 20:50:00,4.052774,2
2000-06-29 21:00:00,4.1673375,2
2000-06-29 21:10:00,3.283303,2
2000-06-29 21:20:00,3.259208,2
2000-06-29 21:30:00,3.2519795,2
2000-06-29 21:40:00,3.2429045000000003,2
2000-06-29 21:50:00,3.2477235,2
2000-06-29 22:00:00,3.2525425000000006,2
2000-06-29 22:10:00,3.2573615,2
2000-06-29 22:20:00,3.2621805000000004,2
2000-06-29 22:30:00,3.26459,2
2000-06-29 22:40:00,3.2711240000000004,2
2000-06-29 22:50:00,3.2687145,2
2000-06-29 23:00:00,3.2711240000000004,2
2000-06-29 23:10:00,3.2711240000000004,2
2000-06-29 23:20:00,3.2687145,2
2000-06-29 23:30:00,3.261486,2
2000-06-29 23:40:00,3.2282885,2
2000-06-29 23:50:00,3.1456435,2
2000-06-30 00:00:00,3.065408,2
2000-06-30 00:10:00,2.993123,2
2000-06-30 00:20:00,2.9328855000000003,2
2000-06-30 00:30:00,2.8846955,2
2000-06-30 00:40:00,2.843147,2
2000-06-30 00:50:00,2.817906,2
2000-06-30 01:00:00,2.791066,2
2000-06-30 01:10:00,2.730066,2
2000-06-30 01:20:00,2.669066,2
2000-06-30 01:30:00,2.664186,2
2000-06-30 01:40:00,2.654426,2
2000-06-30 01:50:00,2.6346125000000002,2
2000-06-30 02:00:00,2.6321725000000002,2
2000-06-30 02:10:00,2.6272925000000003,2
2000-06-30 02:20:00,2.6175325000000003,2
2000-06-30 02:30:00,2.6175325000000003,2
2000-06-30 02:40:00,2.129461,2
2000-06-30 02:50:00,1.526599,2
2000-06-30 03:00:00,1.529039,2
2000-06-30 03:10:00,1.524159,2
2000-06-30 03:20:00,1.521719,2
2000-06-30 03:30:00,1.519279,2
2000-06-30 03:40:00,1.514399,2
2000-06-30 03:50:00,1.519279,2
2000-06-30 04:00:00,1.516839,2
2000-06-30 04:10:00,1.519279,2
2000-06-30 04:20:00,1.511959,2
2000-06-30 04:30:00,1.516839,2
2000-06-30 04:40:00,1.5098340000000001,2
2000-06-30 04:50:00,1.5049540000000001,2
2000-06-30 05:00:00,1.5025140000000001,2
2000-06-30 05:10:00,1.5098340000000001,2
2000-06-30 05:20:00,1.4756740000000002,2
2000-06-30 05:30:00,1.488949,2
2000-06-30 05:40:00,1.363434,2
2000-06-30 05:50:00,1.309754,2
2000-06-30 06:00:00,1.314634,2
2000-06-30 06:10:00,1.314634,2
2000-06-30 06:20:00,1.314634,2
2000-06-30 06:30:00,1.314634,2
2000-06-30 06:40:00,0.398376,2
2000-06-30 06:50:00,0.24156,2
2000-06-30 07:00:00,0.27816,2
2000-06-30 07:10:00,0.45627999999999996,2
2000-06-30 07:20:00,0.45872,2
2000-06-30 07:30:00,0.00976,2
2000-06-30 07:40:00,0.00244,2
2000-06-30 07:50:00,0.00244,2
2000-06-30 08:00:00,0.00244,2
2000-06-30 08:10:00,0.00244,2
2000-06-30 08:20:00,0.00244,2
2000-06-30 08:30:00,0.00244,2
2000-06-30 08:40:00,0.00244,2
2000-06-30 08:50:00,0.00244,2
2000-06-30 09:00:00,0.20496,2
2000-06-30 09:10:00,0.47336,2
2000-06-30 09:20:00,0.40016,2
2000-06-30 09:30:00,0.00244,2
2000-06-30 09:40:00,0.00244,2
2000-06-30 09:50:00,0.00244,2
2000-06-30 10:00:00,0.0024705,2
2000-06-30 10:10:00,0.0024705,2
2000-06-30 10:20:00,0.0024705,2
2000-06-30 10:30:00,0.0024705,2
2000-06-30 10:40:00,0.30744,2
2000-06-30 10:50:00,0.6490400000000001,2
2000-06-30 11:00:00,1.01016,2
2000-06-30 11:10:00,1.12484,2
2000-06-30 11:20:00,1.02724,2
2000-06-30 11:30:00,1.01992,2
2000-06-30 11:40:00,1.0492,2
2000-06-30 11:50:00,1.05896,2
2000-06-30 12:00:00,1.19804,2
2000-06-30 12:10:00,0.8396955,2
2000-06-30 12:20:00,2.4195649999999995,2
2000-06-30 12:30:00,1.8264010000000002,2
2000-06-30 12:40:00,2.2057295,2
2000-06-30 12:50:00,2.4360045,2
2000-06-30 13:00:00,2.380586,2
2000-06-30 13:10:00,2.3637195,2
2000-06-30 13:20:00,2.390224,2
2000-06-30 13:30:00,2.3829955,2
2000-06-30 13:40:00,2.269749,2
2000-06-30 13:50:00,2.139636,2
2000-06-30 14:00:00,2.1131314999999997,2
2000-06-30 14:10:00,2.0992235,2
2000-06-30 14:20:00,1.93492,2
2000-06-30 14:30:00,2.4364619999999997,2
2000-06-30 14:40:00,1.408917,2
2000-06-30 14:50:00,1.2737409999999998,2
2000-06-30 15:00:00,2.1675435,2
2000-06-30 15:10:00,2.592622,2
2000-06-30 15:20:00,2.5227465,2
2000-06-30 15:30:00,2.5034704999999997,2
2000-06-30 15:40:00,2.201063,2
2000-06-30 15:50:00,1.4577475,2
2000-06-30 16:00:00,1.3710054999999999,2
2000-06-30 16:10:00,1.2842635,2
2000-06-30 16:20:00,1.199931,2
2000-06-30 16:30:00,1.098732,2
2000-06-30 16:40:00,0.99552,2
2000-06-30 16:50:00,0.81496,2
2000-06-30 17:00:00,0.6490400000000001,2
2000-06-30 17:10:00,0.3416,2
2000-06-30 17:20:00,0.22936,2
2000-06-30 17:30:00,0.0617625,2
2000-06-30 17:40:00,0.0,2
2000-06-30 17:50:00,0.33463649999999995,2
2000-06-30 18:00:00,1.4639625,2
2000-06-30 18:10:00,1.457456,2
2000-06-30 18:20:00,1.457456,2
2000-06-30 18:30:00,1.457456,2
2000-06-30 18:40:00,3.021567,2
2000-06-30 18:50:00,3.5514305,2
2000-06-30 19:00:00,3.630011,2
2000-06-30 19:10:00,3.622751,2
2000-06-30 19:20:00,3.616591,2
2000-06-30 19:30:00,3.787696,2
2000-06-30 19:40:00,4.3441285,2
2000-06-30 19:50:00,4.2573865,2
2000-06-30 20:00:00,4.251873,2
2000-06-30 20:10:00,4.24395,2
2000-06-30 20:20:00,3.8628560000000003,2
2000-06-30 20:30:00,4.048255,2
2000-06-30 20:40:00,4.224674,2
2000-06-30 20:50:00,4.1624545,2
2000-06-30 21:00:00,3.381334,2
2000-06-30 21:10:00,3.0966129999999996,2
2000-06-30 21:20:00,2.269342,2
2000-06-30 21:30:00,2.264523,2
2000-06-30 21:40:00,2.250066,2
2000-06-30 21:50:00,2.1898285,2
2000-06-30 22:00:00,2.0211635,2
2000-06-30 22:10:00,1.8693650000000002,2
2000-06-30 22:20:00,1.7548375,2
2000-06-30 22:30:00,1.6547975,2
2000-06-30 22:40:00,1.5767175,2
2000-06-30 22:50:00,1.5157175,2
2000-06-30 23:00:00,1.4522775,2
2000-06-30 23:10:00,1.3815175,2
2000-06-30 23:20:00,1.3185045,2
2000-06-30 23:30:00,2.062125,2
2000-06-30 23:40:00,2.100677,2
2000-06-30 23:50:00,1.9777925,2
